views,mature,life_time,ID,dead_account,affiliate
1025,0,1207,25,0,0
162078,1,2149,28,0,1
1370,1,1574,30,0,0
94298,1,1319,83,0,0
2323,1,2137,131,0,0
807,1,1411,140,0,1
27815,0,1137,191,0,1
2356,1,187,198,0,0
8723,1,2196,210,0,0
1907,0,1020,231,0,0
1635,0,2213,232,0,0
16344,1,1367,244,0,1
24703,1,1377,249,0,1
1985,1,659,278,0,1
17344,0,1024,282,0,1
47164,1,1337,283,0,1
7186,0,2012,289,0,1
4654,1,1352,298,0,0
3283,0,1532,389,0,0
1039,1,971,398,0,0
3044020,0,2111,402,0,0
1410,0,1676,410,0,0
2685,1,2334,455,0,0
247,0,1053,460,0,0
4909,0,3113,487,0,0
603987,1,1398,488,0,0
1679,1,855,524,0,1
2557429,0,1933,534,0,0
8699,1,721,541,0,1
21837,0,1870,549,0,0
11770,1,1562,584,0,1
3311,0,1286,594,0,1
182875,1,1626,601,0,0
5489,1,2684,635,0,0
79676,0,1875,636,0,1
9102,1,1360,694,0,1
160559,1,1621,697,0,1
10539,1,926,717,0,0
387,0,1205,723,0,0
50997,1,2070,741,0,0
814883,0,2771,742,0,1
9008,1,2200,758,0,1
324,1,550,787,0,0
2444,0,1524,807,0,0
2782,0,1988,814,0,0
9707,1,2406,840,0,0
2009,0,879,862,0,1
5529,0,1016,864,0,0
2188,1,364,873,0,0
10000,1,1374,885,0,1
2495,1,1960,903,0,1
24659,1,1192,925,0,1
14085,0,2294,929,0,0
626,0,908,940,0,0
2898,0,294,946,0,0
9522,1,282,963,0,0
871,0,1785,980,0,0
10836,0,395,1020,0,1
7253,1,1019,1021,0,1
6889,1,1044,1033,0,1
4206,1,543,1034,0,1
179574,0,1608,1054,0,0
816,1,1515,1162,0,0
20343,1,1327,1170,0,1
3093,1,891,1179,0,1
15560,0,2156,1238,0,1
3172,0,1014,1244,0,0
567,1,706,1272,0,0
26661,1,1359,1279,0,1
3110,1,1444,1334,0,0
1021,1,1359,1345,0,0
12562,0,1031,1348,0,1
284253,1,1596,1350,0,0
18084,1,2559,1357,0,0
2718,0,966,1358,0,1
805,0,848,1371,0,0
4044,1,1693,1377,0,1
3765,1,1580,1380,0,1
6562,1,412,1413,0,1
722,1,1158,1458,0,0
146,0,1118,1462,0,0
8560,1,2336,1467,0,1
4646,1,937,1499,0,0
2139,1,1558,1522,0,1
3732,1,670,1535,0,1
330,1,829,1539,0,0
1369,1,1835,1600,0,1
8526,1,1296,1616,0,1
5290,0,1657,1637,0,0
1748,0,1332,1645,1,0
14400,1,2070,1646,0,0
198,1,1312,1648,0,0
2431,1,1658,1650,0,1
187959,1,1546,1732,0,1
8247,0,1983,1733,0,0
4356,0,807,1758,0,1
1788,1,1953,1759,0,1
9405,1,1365,1762,0,1
8970,1,1046,1771,0,1
105010,1,1187,1824,0,1
4229,0,503,1830,0,0
83231,1,1294,1870,0,1
153590,0,2501,1885,0,0
204,1,796,1892,0,0
1101,0,1893,1898,0,0
3365,1,2323,1905,0,1
1006,1,856,1915,0,0
1514,0,1305,1928,0,1
509,1,473,1965,0,0
27544,0,2345,1968,0,1
1656,0,2028,2044,0,0
11346,1,788,2051,0,1
58132,0,1215,2065,0,0
5247,1,1741,2096,0,1
1930,1,1354,2106,0,0
4879,1,209,2132,0,0
27561,0,1158,2138,0,1
25644,0,2071,2145,0,1
436,0,555,2152,0,0
15057,1,1385,2153,0,1
193335,0,1365,2204,0,1
3643410,1,1479,2237,0,0
49652,1,1156,2254,0,1
18742,0,1875,2262,0,1
1952,1,311,2270,0,1
1530,0,864,2283,0,0
18222,1,1503,2330,0,1
3289,0,434,2349,0,1
6383,1,1376,2356,0,0
10901,1,727,2457,0,1
621,0,839,2463,0,0
5380,1,2012,2464,0,0
11586,1,1189,2486,0,1
23183,1,487,2504,0,1
19016,0,1430,2522,0,1
17605,1,1172,2535,0,1
5547,0,1931,2549,0,1
22628,0,2104,2586,0,1
2343,0,880,2598,0,0
1610055,1,1845,2605,0,0
12765,1,1212,2624,0,1
7203,1,1719,2666,0,1
6032,0,2494,2692,0,1
2772,1,865,2696,0,0
29730,1,1365,2706,0,1
867,1,1035,2711,0,0
2182,1,724,2712,0,0
114010,1,1293,2713,0,1
8989101,0,2164,2724,0,0
916,1,933,2747,0,0
2817,1,1326,2765,0,0
20297,0,962,2802,0,1
1616,1,484,2819,0,0
64805,1,3200,2823,0,0
2554,0,669,2831,0,0
29640,1,2446,2863,0,1
1111,0,2037,2891,0,0
2876,1,669,2899,0,1
2310,1,500,2912,0,1
12043,1,1205,2916,0,1
2436,0,1909,2972,0,1
14807,1,2269,2989,0,0
9319,1,1170,3090,0,1
1631,0,877,3105,0,0
9388,1,1368,3151,0,1
55217,1,2543,3161,0,1
21254,1,3433,3165,0,0
926,0,1157,3168,0,0
11954,1,1115,3186,0,1
18708,0,2014,3200,0,0
1460,1,868,3207,0,0
15542,1,2284,3216,0,0
3463,0,1181,3227,0,1
8753527,1,1946,3232,0,0
302,0,1962,3255,0,0
6662,1,1934,3264,0,0
35519,1,1804,3275,0,1
2432,1,955,3277,0,1
9323,0,2047,3294,0,0
6263,0,899,3298,0,1
15140,0,2456,3303,0,1
1098739,1,2102,3361,0,1
38729,1,1104,3367,0,1
175433,1,1373,3382,0,0
12452,1,1452,3398,0,1
1014,0,1152,3408,0,0
68975,1,1251,3442,0,1
2854,1,2408,3453,0,1
5219,1,295,3556,0,1
34816,0,2078,3560,0,1
14065,1,1213,3561,0,1
706,1,2139,3570,0,0
2000,1,1846,3590,0,1
13510,0,932,3603,0,1
1954,0,1626,3657,0,0
9642,0,2798,3667,0,0
3783,1,2119,3673,1,0
2276,0,1937,3686,0,1
29509,1,946,3709,0,1
15317,1,2324,3716,0,0
2107,1,1189,3724,0,0
2144,1,1374,3727,0,0
3985,1,1010,3740,0,1
4540,0,421,3819,0,1
2243,1,974,3820,0,1
7432,1,1290,3845,0,1
1173,1,176,3867,0,0
2594,1,2200,3871,0,1
127556,1,2030,3886,0,0
74796,0,1858,3901,0,1
277792,0,2256,3905,0,0
207,0,1486,3906,0,0
3991,1,1315,3938,0,0
13205,1,2098,3965,0,0
40972,1,1273,3974,0,1
6671,0,1664,3997,0,1
229,0,1280,4008,0,0
28509,1,1635,4023,0,1
4547,1,1560,4026,0,1
4600630,0,2680,4041,0,0
4175,1,601,4085,0,1
2505,1,277,4091,0,0
3835,0,2082,4147,0,1
107032,0,638,4188,0,0
8274,1,398,4214,0,1
6578,0,956,4231,0,1
3317,0,2014,4236,0,0
8393,1,1766,4271,0,1
9879,1,1835,4301,0,1
40895,1,1670,4314,0,1
376378,1,1423,4331,0,0
6343,0,1683,4377,0,0
38651,1,1592,4387,0,1
2932,0,1173,4393,0,0
18145,1,1164,4424,0,1
3665,1,453,4432,0,0
25795,0,1060,4456,0,1
2532,0,929,4466,0,0
46211,0,1796,4485,0,0
12448,1,439,4490,0,1
2024,0,622,4542,0,0
26881,0,2393,4543,0,0
265070,1,1516,4555,0,1
4380,0,1524,4562,0,0
15795,1,1462,4565,0,1
56,1,736,4606,1,0
61487,0,988,4624,0,1
1006,1,388,4632,0,0
9320,1,1744,4633,0,0
36805,0,1630,4639,0,1
109629,1,1322,4646,0,1
260,0,1282,4657,0,0
40183,0,2572,4689,0,1
1399768,0,2060,4708,0,0
1236343,1,2232,4713,0,0
9779,0,1869,4735,0,0
10727,1,855,4744,0,1
4654,1,665,4775,0,1
8098,0,2293,4855,0,0
1924,0,1234,4860,0,1
62524,0,2081,4886,0,1
3852,0,402,4939,0,0
28127,1,1034,4965,0,1
7694,1,1012,4989,0,1
28101,1,605,5001,0,1
3388,1,1815,5019,0,1
2412,1,915,5025,0,1
1752,0,2019,5033,0,0
1310,1,1289,5035,0,1
777,1,720,5046,0,0
1044023,1,2181,5051,0,0
2084,1,1327,5055,0,0
57558,0,2182,5060,0,1
5117,1,591,5095,0,1
114072,0,2006,5105,0,1
10154651,0,1715,5109,0,0
12098,1,1288,5124,0,1
1361,1,729,5212,0,0
563,0,576,5246,0,0
9293,0,1427,5247,0,1
51118,1,1328,5250,0,1
3016,1,1598,5251,0,1
2683,0,1625,5253,0,1
10592,0,2036,5267,0,1
5943,0,1494,5306,0,0
13941,1,1679,5317,0,0
77888,0,2149,5322,0,0
4375,1,909,5333,0,0
6743,1,1644,5350,0,1
3131,1,2305,5356,0,0
97389,0,1567,5362,0,0
34660,1,575,5377,0,0
7846,0,1501,5384,0,0
2686,1,3590,5419,0,1
8549,1,594,5422,0,1
2073,0,2177,5427,0,0
3117,1,2240,5455,0,0
8859,0,1287,5456,0,0
2168,1,723,5461,0,1
430,0,2653,5486,0,0
1360,0,1151,5498,0,1
3218,1,1215,5502,0,1
14248,0,883,5528,0,1
5837,1,667,5549,0,1
3211,1,1135,5554,0,1
3558,0,2084,5565,0,0
9308,1,1515,5567,0,1
1024,0,1358,5596,0,0
12162,1,756,5617,0,1
1055181,1,1590,5620,0,0
1180020,1,1649,5635,0,0
3385,0,790,5637,0,1
11065,1,857,5653,0,1
7230,0,244,5660,0,1
2497,0,674,5663,0,1
6516,0,446,5681,0,1
29564,1,938,5687,0,1
10237,1,1530,5701,0,0
1482,1,586,5702,0,0
10725,1,1358,5708,0,1
45468,1,1317,5746,0,1
76799,1,873,5763,0,1
287,0,504,5795,0,0
5286,1,1979,5823,0,1
20501,1,784,5894,0,1
536,0,650,5895,0,1
14609,0,784,5916,0,1
7816,1,2339,5920,0,1
6477,1,2350,5945,0,1
25646,1,1568,5947,0,1
81630,1,2379,5961,0,1
40141,1,1285,5979,0,1
8838,1,410,6034,0,1
21372,1,604,6057,0,1
7332,1,995,6062,0,0
1153,0,599,6114,0,1
664,1,284,6135,0,0
16513,1,1222,6140,0,1
2776,0,2094,6193,0,0
7484,1,1029,6198,0,1
1708,1,760,6203,0,0
5465,1,1573,6214,0,1
8817,0,2082,6229,0,1
2895,1,396,6230,0,1
26932,1,2283,6252,0,0
814207,1,1871,6271,0,0
27892,0,1356,6273,0,0
933,1,1055,6275,0,0
762,1,323,6276,0,0
7154,1,2245,6277,0,1
762,1,2139,6283,0,0
1932,0,1625,6308,0,0
23580,0,609,6311,0,1
13761,1,1535,6319,0,1
5522,1,1130,6388,0,1
26503,1,1343,6398,0,0
2552,0,2207,6400,0,0
1187,0,2143,6410,0,0
948,0,925,6442,0,0
34866,1,2068,6443,0,0
46524,1,1183,6489,0,1
1945,1,750,6491,0,1
218635,1,1845,6518,0,1
57439,1,1028,6525,0,1
243526,1,1594,6537,0,1
4537,1,1006,6554,0,1
16837,1,1352,6556,0,1
5410,1,2241,6576,0,0
3488,1,1473,6602,0,0
4772,0,2328,6612,0,0
3323,0,1175,6631,0,1
1721,0,2027,6643,0,1
50231,1,1273,6676,0,0
20204,1,1886,6679,0,1
6183,0,1205,6706,0,0
14362,1,1037,6724,0,1
3755,0,292,6735,0,1
1908,0,383,6748,0,1
15586,1,880,6751,0,0
72990,1,1812,6769,0,1
836,0,612,6776,0,0
15688,1,1321,6777,0,0
2445,0,1379,6790,0,0
206753,1,1311,6806,0,0
21116,0,2192,6834,0,0
11280,0,979,6851,0,1
28692,1,482,6852,0,1
10615,0,1770,6854,0,0
367,0,1334,6860,0,0
12979,1,225,6870,0,1
170,0,419,6887,0,0
5965,0,1298,6897,0,1
143271,1,2051,6944,0,1
31305,1,2185,6946,0,0
235645,1,1004,6956,0,0
10243,1,1623,6957,0,0
3868,1,489,6977,0,1
6958,1,887,7018,0,1
3006248,1,1296,7036,0,0
37555,1,751,7039,0,1
678,0,598,7041,0,0
6106,0,312,7057,0,1
783,0,286,7066,0,0
93460,1,1197,7096,0,1
8329,0,1883,7109,0,0
2876,1,616,7114,0,1
61733,1,1388,7132,0,0
848,0,1547,7144,0,0
25878,1,1493,7145,0,1
140614,1,1352,7155,0,0
3767,1,1092,7215,0,1
5522,1,1991,7218,0,1
29745,1,483,7246,0,1
3035,1,744,7276,0,1
4720,1,1728,7287,0,0
1106,0,1261,7297,0,0
595,1,1621,7301,0,0
338,0,2261,7309,0,0
49113,0,1802,7405,0,0
27195,1,3432,7412,0,1
7882,1,859,7426,0,0
60270,1,2420,7443,0,0
4148,1,1292,7467,0,1
11721,1,228,7475,0,1
1384,0,766,7476,0,0
3248330,1,924,7477,0,0
12083,1,1734,7496,0,1
1782,1,1394,7498,0,0
382,1,344,7527,0,0
2191,1,791,7576,0,1
4729,1,1618,7579,0,0
684,0,1791,7593,0,0
325351,1,926,7607,0,1
723,0,442,7609,0,0
9159,1,1885,7614,0,0
3470,1,906,7627,0,0
2119,0,2476,7629,0,1
594,1,1325,7639,0,0
216,0,1326,7654,0,0
12092,1,804,7689,0,1
2700,1,1777,7692,0,1
6136,1,2178,7703,0,1
992,0,1783,7707,0,0
11540,1,471,7714,0,1
61497,1,1127,7720,0,1
8731,0,1764,7725,0,1
9623,0,1601,7726,0,0
3105,1,956,7750,0,0
16598,0,550,7757,0,1
5634,1,1685,7762,0,0
3646,1,1602,7782,0,1
196,1,349,7819,0,0
28110,0,1481,7825,0,1
2144,1,1401,7839,0,0
2814,0,1573,7853,0,0
71121,0,2015,7868,0,0
2976342,0,1635,7892,0,0
59295,1,1615,7902,0,0
447,1,1603,7912,0,0
379,0,1635,7915,0,0
1203,0,1610,7919,0,0
2543,1,2295,7935,0,0
6842,0,868,7939,0,1
17923,1,1696,7942,0,1
15007,1,1836,7957,0,1
838,0,138,7974,0,0
1082,1,1697,7995,0,0
7820,1,1753,8035,0,0
7646,0,1160,8073,0,1
1797,1,1335,8075,0,0
1565,0,1823,8089,1,0
1979,1,1272,8090,0,0
1172,0,1272,8139,0,0
399,0,1537,8148,1,0
2501,1,1492,8218,0,0
8552,1,777,8229,0,1
21702,1,775,8238,0,1
1170,0,201,8241,0,0
303,0,946,8244,0,0
57294,1,876,8263,0,1
25101,1,1894,8268,0,1
2751,1,738,8282,0,0
3378,1,1318,8285,0,1
588,0,909,8351,0,0
70084,1,1945,8419,0,1
18543,1,1211,8437,0,1
27179,1,643,8440,0,1
3087,0,1833,8462,0,0
28201,1,1351,8469,0,1
6396,1,2056,8550,0,1
686,0,230,8590,0,0
3202,1,1076,8606,0,0
665,1,744,8608,0,0
2667,1,1171,8616,0,1
365,1,1432,8622,0,0
47097,1,694,8666,0,0
2536,1,1279,8720,0,0
8624,1,1645,8722,0,1
2033,0,1542,8737,0,0
9654,1,624,8745,0,1
9742,0,1325,8826,0,1
2318,0,1272,8880,0,1
710,0,1641,8883,0,0
48669,1,1066,8891,0,1
2259,1,2658,8922,0,0
623631,1,1921,8930,0,0
11577,1,1041,8933,0,1
52897,1,935,8952,0,1
949,1,1638,8963,0,1
6354,0,1938,8973,0,1
781,0,1679,8987,0,0
4561,1,640,9011,0,1
5195,1,1315,9029,0,1
2050455,1,1883,9049,0,0
14822,1,1996,9051,0,0
9161,1,1595,9067,0,1
2941,0,339,9074,0,1
13487,1,1417,9078,0,1
12841,1,1348,9082,0,1
288945,0,1960,9087,0,0
8518,1,925,9106,0,1
8824,1,1523,9108,0,0
2419,1,1723,9117,0,0
5582,0,2318,9121,0,0
658,1,2186,9134,0,0
1552,0,1391,9140,0,0
10025,1,199,9154,0,1
841,0,196,9172,0,0
55377,0,2133,9211,0,1
4101,1,477,9235,0,1
310078,1,2457,9236,0,0
74600,0,1795,9249,0,1
7294,1,1881,9299,0,1
204,1,2083,9304,0,0
5471,1,809,9308,0,1
1247,0,2614,9319,0,0
12893,1,1993,9336,0,1
2550221,1,1485,9457,0,0
3962,1,1581,9501,0,0
36755,1,712,9512,0,1
7670216,1,1983,9513,0,0
22812,0,2066,9515,0,1
2813,1,697,9533,0,1
29207,1,1164,9548,0,1
3231,0,1013,9549,0,1
101577,0,1536,9579,0,0
3391,1,1779,9582,0,0
1337,0,499,9591,0,0
779,1,868,9599,0,0
1941,1,264,9628,0,0
3507,1,2045,9653,0,0
1942,1,1038,9661,0,0
50817,1,1481,9680,0,1
44411,1,1754,9697,0,1
70447,1,987,9701,0,1
4214,0,917,9734,0,1
1453,1,1323,9765,0,1
15433,0,2298,9783,0,0
12785,1,600,9792,0,1
306905,1,2146,9823,0,0
1371,0,884,9835,0,0
91026,1,1445,9839,0,1
629,0,1449,9845,1,0
82927,0,890,9858,0,0
57176,1,1200,9895,0,1
8573,1,908,9907,0,1
252,0,1515,9912,0,0
2988,0,1537,9925,0,1
1418,1,1033,9935,0,0
30734,1,2479,9950,0,1
20371,1,1283,9955,0,1
2329,0,2253,9980,0,1
2105,0,1707,10012,0,1
1020,1,684,10032,0,0
3842,1,1344,10077,0,1
43483,1,741,10102,0,1
3359,1,1355,10104,0,0
708,0,557,10106,0,0
20453,1,979,10112,0,1
2598,0,1285,10143,0,0
1025,1,2245,10146,0,0
9209,1,653,10148,0,1
682,0,296,10152,0,0
48048,1,1030,10224,0,1
30060,0,1159,10244,0,1
19835,1,1617,10286,0,1
4035,1,1219,10293,0,0
218181,0,1058,10300,0,0
353,1,1269,10304,0,0
546,0,333,10321,0,0
27961,0,1939,10326,0,0
4363,1,342,10336,0,1
7511,1,944,10352,0,1
774,1,248,10364,0,0
7027,0,1050,10397,0,1
7457,1,1243,10405,0,0
5235,1,876,10407,0,1
54524,1,1334,10422,0,0
6011,1,827,10436,0,0
5864,0,1134,10441,0,0
2712,1,1731,10463,0,0
130458,1,1071,10483,0,0
3777,1,1741,10553,0,1
5609,1,461,10583,0,1
11331,1,2436,10589,0,0
5063,1,922,10592,0,1
540,0,1287,10593,0,0
306486,1,2066,10598,0,0
654,1,1659,10602,0,0
49244,1,1281,10609,0,1
24775,0,1950,10610,0,0
80632,1,2065,10623,0,1
1932,1,299,10638,0,0
1947,0,941,10662,0,0
117726,1,1513,10672,0,1
2258,1,306,10680,0,1
11120,0,1164,10708,0,0
17680,1,878,10766,0,1
5636,1,1553,10778,0,1
3282,1,2444,10805,0,0
5400,1,1586,10842,0,1
10545,1,1286,10862,0,1
778330,1,2071,10869,0,0
20378,0,1385,10871,0,1
6604,1,955,10873,0,1
7005,1,1365,10876,0,0
490,0,2653,10885,0,0
18761,1,948,10900,0,1
5572,1,760,10907,0,1
181721,1,1433,10908,0,0
20030,1,615,10914,0,1
41103,1,2016,10934,0,1
63865,1,1584,10937,0,1
4127,1,1015,10943,0,0
9078,1,1155,10953,0,1
9171,1,1320,10967,0,0
12910,1,1472,10978,0,1
2151,1,1148,10986,0,0
1606518,1,1370,11013,0,0
782,1,688,11035,0,0
5186,0,624,11043,0,1
11395,1,1683,11065,0,1
1392,0,1601,11145,0,0
408,1,1666,11147,0,0
1323,0,1672,11159,0,0
63574,1,1591,11161,0,1
350,1,206,11184,0,0
12535,0,869,11216,0,1
4808,1,1815,11220,0,0
10496,1,1181,11253,0,1
6922,0,1350,11261,0,1
1156,0,1986,11273,0,0
8502,1,673,11275,0,1
10599,1,456,11286,0,1
2083,0,1266,11309,0,0
45,0,520,11316,0,0
20132,1,1121,11319,0,1
2498,1,1705,11338,0,0
10314,1,1538,11343,0,1
15461,1,1127,11350,0,1
3741,1,1854,11364,0,0
43951,0,1266,11405,0,1
4899,0,1670,11416,0,1
19078,1,1442,11438,0,1
5096,1,936,11441,0,1
6274,0,1648,11471,0,0
24273,1,1091,11493,0,1
5603,1,857,11508,0,1
500,1,960,11532,0,0
5163,1,1314,11536,0,1
4900,1,1572,11548,0,0
1877,1,1783,11569,0,0
5150,1,1366,11581,0,1
6980,1,1449,11592,0,1
2730,1,1874,11656,0,0
9253,1,1505,11688,0,1
3441,0,1750,11698,0,0
826,0,806,11719,0,0
7914,1,690,11721,0,1
196,0,512,11722,0,0
2121,1,539,11729,0,0
371,0,1651,11735,0,0
15094,1,1440,11738,0,1
15503,1,1300,11741,0,0
5010,1,1760,11743,0,1
8674,1,2004,11754,0,1
1176,0,1163,11777,0,0
8050,1,638,11794,0,1
24265,0,1658,11821,0,1
37055,0,1144,11845,0,0
20526,0,1710,11857,0,0
9199,1,1551,11875,0,0
146245,1,1549,11890,0,1
2149,0,1890,11891,0,0
18712,1,2909,11939,0,1
8820,1,857,11948,0,1
685,0,829,11950,1,0
8735,1,1915,12013,0,1
3996,0,688,12014,0,0
9345,1,1482,12042,0,1
1478,0,580,12048,0,1
752,0,848,12075,0,1
33076,1,1211,12079,0,1
26020,0,2032,12084,0,1
14478,0,1460,12092,0,1
96837,1,2647,12103,0,1
2699,0,1477,12132,0,0
4585,1,1742,12165,0,1
9695,1,2106,12181,0,1
32326,1,3082,12199,0,1
12233,1,856,12220,0,1
11341,1,1403,12225,0,1
5465,0,635,12256,0,0
41663,0,1921,12260,0,1
785,1,691,12266,0,0
8743,1,2213,12288,0,0
21254,1,2457,12312,0,1
5675,0,2276,12324,0,0
9523,1,1381,12377,0,1
8408,0,1114,12380,0,1
53564,1,1188,12381,0,1
47592,1,2136,12419,0,1
33531,1,1961,12422,0,1
64782,0,1418,12434,0,1
31438,1,1656,12440,0,1
36989,1,415,12448,0,0
4378,0,2168,12482,0,1
68359,0,1365,12565,0,0
560,0,701,12569,0,0
121327,1,1988,12584,0,1
2218,0,961,12591,0,0
9428,1,1202,12621,0,1
5926,1,1887,12674,0,0
532,0,1087,12714,1,0
813,1,1297,12717,0,0
456418,1,2934,12737,0,1
3072,1,1670,12759,0,0
2728,1,1483,12811,0,0
5798,1,891,12820,0,0
13576,1,1443,12825,0,1
6243,1,883,12857,0,1
206285,1,1531,12859,0,1
15049,1,2008,12876,0,1
13607,1,2029,12879,0,1
10640,1,2359,12903,0,0
14832,1,1444,12911,0,1
7198,1,2494,12979,0,0
35862,1,1145,12988,0,1
3896,1,1030,13032,0,1
8121,1,2122,13043,0,1
3616,0,1735,13049,0,0
1977,1,878,13062,0,0
3065,1,1019,13079,0,0
447,0,1681,13132,0,0
10504,1,1014,13151,0,1
1102,0,553,13153,0,0
573,0,156,13160,0,0
1386,0,2386,13175,0,0
119133,0,1782,13183,0,0
55960,0,1956,13190,0,0
6975,0,1932,13191,0,1
7260,1,1265,13201,0,1
3688,0,1585,13239,0,1
2960,0,1413,13257,0,0
893,0,647,13258,0,0
4464,1,1058,13260,0,1
1849,0,460,13268,0,1
4420,1,1700,13269,0,0
4559,1,1390,13305,0,1
1336,1,1997,13307,0,0
22238,1,982,13320,0,1
75359,1,1484,13324,0,1
19456,1,1556,13342,0,0
2957,1,277,13371,0,0
3596924,0,2463,13386,0,0
28336,1,1295,13395,0,0
5379,1,976,13429,0,1
16762,1,1213,13510,0,1
5198,1,1252,13538,0,0
182110,1,1613,13565,0,1
29662,1,844,13570,0,0
3180,1,1924,13605,0,0
12119,1,1515,13615,0,1
7987,1,1057,13621,0,1
4973,0,1161,13670,0,1
6921,1,1437,13683,0,1
23914,1,495,13695,0,1
589,0,1213,13707,1,0
14840,1,1254,13708,0,1
1194,1,1538,13709,0,1
1472,0,1372,13741,0,0
20138,0,1345,13781,0,1
3529,1,1993,13793,0,0
25301,0,415,13832,0,1
2450,1,2221,13876,0,0
46319,1,914,13884,0,1
7061417,0,2423,13894,0,0
1856,0,742,13937,0,0
1309,0,478,13975,0,1
89878,0,1615,13992,0,1
2678695,0,1506,14041,0,0
3764,1,1090,14045,0,0
4250,1,1563,14053,0,0
26809,1,1070,14060,0,1
5550,0,753,14063,0,1
2046,0,735,14065,0,0
11286,1,886,14112,0,1
4337,0,2086,14154,0,0
17048,1,1372,14185,0,1
40609,1,678,14190,0,1
10202,0,928,14194,0,1
3761,0,2329,14225,0,0
183503,1,2471,14230,0,1
2745,1,1518,14231,0,0
648357,1,2742,14259,0,1
7620,1,1328,14263,0,1
4119,0,1641,14265,0,0
15977,1,1195,14278,0,1
535,1,484,14292,0,0
63265,0,1355,14296,0,1
1022,1,1829,14317,0,0
9417,1,488,14344,0,1
1002,1,700,14350,0,0
10056,0,1827,14366,0,1
4743,0,1012,14381,0,1
135514,1,1322,14418,0,1
1398,0,1671,14439,0,0
4578,1,848,14480,0,0
21279,0,2770,14484,0,0
11505,1,249,14512,0,1
5769,1,1720,14514,0,1
2404,0,1803,14517,0,1
232819,1,1212,14531,0,0
1100,0,189,14577,0,0
6563,1,564,14628,0,1
7102,1,1667,14631,0,0
117843,1,1263,14702,0,0
8544,1,1310,14705,0,0
3194,0,2004,14708,0,0
5170,1,495,14759,0,1
1659,1,1281,14802,0,0
6144,1,2316,14805,0,0
36462,0,791,14822,0,1
9349,1,1005,14866,0,1
83428,1,825,14943,0,1
361,1,973,14985,0,0
3235,1,2001,14988,0,0
7811,1,1543,15013,0,0
3203,1,2257,15016,0,0
7488,1,1273,15029,0,1
2743,1,269,15057,0,1
15587,1,2025,15059,0,0
117043,0,895,15117,0,0
2604,1,461,15143,0,0
1203267,0,1846,15149,0,0
7988,1,1203,15178,0,1
6466,1,786,15200,0,1
10661,1,1349,15207,0,1
560,0,1366,15213,0,0
977,0,2498,15225,0,0
310,0,1516,15304,0,0
122845,1,1416,15309,0,1
341,1,236,15315,0,0
61691,1,551,15369,0,1
1697,1,1275,15370,0,0
2614095,1,1734,15374,0,0
1529297,1,2059,15395,0,0
132860,1,701,15406,0,1
18640,0,2216,15420,0,1
737,1,931,15432,0,0
10200,1,1971,15436,0,1
9773,1,2011,15452,0,1
1655,1,1090,15491,0,1
2008,1,499,15503,0,0
81635,1,2191,15506,0,1
89441,1,1373,15510,0,1
2416,0,1614,15520,0,0
288032,1,655,15554,0,0
26341,1,1372,15571,0,1
9458,1,850,15610,0,1
977,1,2051,15613,0,0
5809,0,1159,15616,0,1
85592,1,1773,15620,0,1
27999,0,2480,15640,0,1
749409,1,839,15641,0,0
2221,1,1201,15692,0,1
28308,0,1400,15706,0,1
2243,0,2771,15711,0,0
28330,1,1762,15740,0,1
7424,1,2198,15743,0,1
9471,1,1271,15789,0,1
161173,1,1207,15790,0,0
1807,1,303,15793,0,1
2441,1,1945,15801,0,0
11440,0,1843,15803,0,1
42136,1,741,15841,0,1
8486,0,2144,15854,0,1
36226,1,1732,15857,0,1
10817,1,1415,15864,0,0
1911,0,2059,15879,0,0
993,0,738,15884,0,0
2222,0,1500,15889,0,0
1828,0,1088,15894,0,0
1120,0,525,15906,0,0
17519,1,1236,15908,0,1
6729,1,451,15940,0,1
147849,1,1922,15956,0,0
586,0,534,15965,0,0
4083,1,1022,15987,0,0
859,0,636,16001,0,0
1340,1,2285,16005,0,0
7171,1,980,16021,0,0
1044,0,1882,16040,0,0
1187,0,1282,16042,0,0
5889,1,2140,16098,0,0
2937,0,1916,16111,0,0
2008,1,369,16120,0,0
3000,0,2634,16154,0,1
4649,1,479,16159,0,1
131,0,999,16174,0,0
8839,1,1921,16189,0,1
4191,1,1329,16209,0,1
119,0,1171,16220,0,0
3646452,1,1575,16239,0,0
20883,0,2854,16241,0,1
651,1,1675,16284,0,0
169,0,1042,16291,0,0
277,0,2031,16315,0,0
23467,1,1864,16325,0,1
1143,1,2186,16331,0,0
28500,0,2080,16370,0,1
10050,0,1159,16371,0,0
2818,0,2091,16394,0,0
10860,1,953,16399,0,1
69996,1,2268,16401,0,1
15316,1,646,16422,0,1
17078,1,1382,16429,0,1
296,0,1769,16431,0,0
11775,0,1695,16453,0,1
23027,1,1074,16461,0,1
43046,1,351,16480,0,1
161949,1,1660,16519,0,1
125872,1,1525,16531,0,0
1514,0,1470,16568,0,0
889,1,1672,16586,0,0
6679,1,717,16623,0,0
5198,0,2428,16647,0,0
3308,1,1096,16650,0,0
1690,0,1188,16651,0,0
24403,1,1536,16704,0,1
2614,0,1834,16733,0,0
6908,1,1955,16765,0,1
3172,0,1505,16782,0,0
20380,1,2292,16790,0,1
14529,1,867,16796,0,1
565,0,1608,16822,1,0
35881,1,1967,16835,0,1
349,1,1451,16879,0,0
1538,1,1286,16888,0,0
564,0,836,16915,0,0
64528,0,930,16916,0,1
5620,0,337,16947,0,0
14258,0,1823,16973,0,1
23891,0,647,17000,0,1
1920,1,935,17009,0,1
3973,0,1047,17013,0,0
8117,1,2257,17019,0,1
40925,1,444,17026,0,1
10178,1,1696,17032,0,1
117226,1,1364,17035,0,1
3537,0,2434,17038,0,1
1828,0,1309,17050,0,0
1866,0,1718,17076,0,0
2662,0,1850,17079,1,0
2096,1,1655,17081,1,0
311,0,905,17104,1,0
9527,1,930,17106,0,1
5721,0,2070,17144,0,0
9858,0,1311,17149,0,1
17692,1,1430,17150,0,1
1894,0,1595,17153,0,0
9447,1,1535,17161,0,1
7577,0,1968,17188,0,0
745,0,2122,17204,0,0
1902,1,1095,17210,0,0
17677,1,1862,17215,0,1
4752,1,1858,17225,0,0
346416,1,805,17233,0,0
6551,0,2121,17258,0,1
360,1,1116,17279,0,0
6680,0,2685,17304,0,1
1328,1,336,17320,0,0
886,0,651,17340,0,0
56019,1,2359,17352,0,1
134650,0,2105,17393,0,0
1318,0,1270,17416,0,0
23753,1,1225,17429,0,0
3354,1,1627,17443,0,1
6742,0,1547,17451,0,1
2230,0,732,17452,0,1
3615,1,1900,17478,0,0
3256,0,1415,17479,0,1
3767,1,1549,17515,0,1
3558,1,1892,17518,0,0
54079,1,1014,17535,0,1
9536357,0,2307,17554,0,0
321,0,376,17573,0,0
1606,0,1502,17598,0,0
30149,1,1317,17605,0,1
23322,0,2056,17617,0,0
565,1,551,17628,0,0
2667,0,631,17660,0,1
2574,1,1740,17689,0,1
5129,1,832,17692,0,1
6096,0,645,17710,0,0
19773,1,1289,17751,0,1
818,0,1413,17774,0,0
3416,0,1281,17794,0,0
20749,1,603,17819,0,1
79008,1,1812,17824,0,1
6675,1,1121,17847,0,0
2930,0,1232,17881,0,1
6914,1,773,17890,0,1
2734,0,744,17898,0,0
1611,0,297,17899,0,0
26680,1,2187,17930,0,1
42294,0,1460,17965,0,1
4337,1,2084,17977,0,0
7162,1,1044,18006,0,1
5973,1,876,18009,0,1
7433,0,1868,18018,0,1
38614,0,1627,18043,0,1
1528,0,1959,18068,0,0
115404,1,1669,18078,0,1
22598,1,1264,18091,0,1
60235,1,1589,18102,0,0
6040,1,2230,18129,0,1
30553,1,907,18148,0,0
890,1,448,18185,0,0
9676,1,2526,18195,0,1
16418,0,971,18218,0,1
2887,0,1666,18229,0,1
5335,1,380,18232,0,1
7665,1,1562,18249,0,1
1145,1,1761,18258,0,0
4049,1,584,18284,0,1
3441,1,1060,18297,0,0
3943,0,1003,18340,0,0
613,0,251,18353,0,0
17177,1,1385,18358,0,1
769,0,887,18362,0,0
4315,1,1484,18368,0,1
12698,1,913,18377,0,1
26467,1,825,18380,0,1
463,0,780,18443,0,0
3102,1,446,18446,0,1
1229,0,877,18484,0,0
4667,1,1526,18490,0,1
2931,1,1722,18516,0,0
9495,1,1031,18534,0,1
58159,1,926,18563,0,1
1743,1,518,18584,0,0
3428,1,421,18588,0,1
967,1,941,18600,0,0
1210,0,1775,18601,0,0
11759,1,2446,18603,0,1
13101,0,2077,18623,0,1
666,0,2115,18633,1,0
3454,0,933,18650,0,0
37722,1,1705,18663,0,1
914,0,1182,18666,0,0
4647,1,1837,18732,0,1
2751,0,2234,18736,0,1
1701,1,2066,18742,0,0
9927,0,921,18745,0,0
2608,1,1767,18771,0,0
1071,1,1582,18815,0,1
35588,0,1696,18816,0,1
4856,1,833,18819,0,1
8293504,1,2396,18836,0,0
7518,1,767,18855,0,1
2611,1,1728,18856,0,0
26476,1,835,18874,0,1
3992,1,1165,18894,0,1
3746,1,1526,18898,0,0
1105,1,222,18944,0,1
1260,0,1433,18946,0,0
2146,0,1850,18947,0,0
5258,0,1887,18966,0,1
763,1,1557,18970,0,0
70620803,0,1884,18987,0,0
4025,1,672,19010,0,1
14650,0,1697,19015,0,0
6447,1,940,19017,0,0
2148,0,1722,19031,0,0
2219,1,429,19036,0,0
6003,0,1202,19039,0,0
6514,1,1357,19085,0,0
3632,1,2139,19156,0,0
791,0,2187,19157,0,0
10748,1,1015,19204,0,1
5406,0,725,19227,0,1
1875,0,1222,19229,0,1
59785,1,1372,19277,0,1
7869,0,1487,19288,0,0
933,1,2021,19300,0,0
21128,1,1276,19332,0,1
4076,1,1410,19337,0,0
18789,0,2207,19339,0,1
303,0,1336,19347,0,0
1886,0,2165,19349,0,0
548,1,1890,19378,0,0
1234,1,780,19393,0,1
7857,1,1174,19407,0,1
9455,0,1253,19415,0,0
58794,1,1357,19428,0,0
3441835,1,2455,19442,0,0
5292,1,1462,19456,0,1
11097,0,957,19474,0,1
13988066,1,1652,19488,0,0
8288,1,1719,19582,0,1
1525,1,834,19607,0,0
27816,0,2167,19609,0,1
6375,0,1506,19617,0,1
5584,1,1362,19619,0,1
6255,1,636,19696,0,1
14350,0,1561,19708,0,0
16516,0,300,19723,0,0
697,1,1024,19726,0,0
267,0,1614,19738,0,0
1740910,1,1524,19757,0,0
6408,0,1229,19761,0,0
212712,1,2033,19769,0,0
4049,0,1866,19780,0,0
4253,1,1885,19781,0,1
1537,0,1363,19782,0,1
1637,0,1230,19825,0,0
992,1,1790,19826,0,0
2803,0,1667,19841,0,1
1154,1,1240,19845,0,0
1210,1,465,19848,0,0
3052,1,1189,19874,0,1
17249,0,1631,19875,0,1
3086,0,763,19885,0,0
3008,0,1304,19898,0,1
9422,1,1918,19907,0,1
3646,0,744,19927,0,0
9217,1,678,19969,0,0
3188,1,1663,19985,0,0
6717,1,1700,19991,0,0
241960,1,1613,19996,0,0
4658,0,176,20022,0,1
52615,1,2056,20047,0,1
2893,0,1734,20072,0,0
2165,0,755,20092,0,1
6497,0,1720,20097,0,1
4941,1,1908,20099,0,1
4230,1,1012,20113,0,0
50021,1,2168,20127,0,0
4055,1,1765,20131,0,0
16588,0,1295,20138,0,0
19256,1,1021,20149,0,1
1016,1,692,20159,0,0
503,0,1141,20166,0,0
74097,1,650,20176,0,1
415988,1,1929,20187,0,1
450,1,183,20215,0,0
17248,1,1404,20247,0,1
3126,1,2073,20250,0,1
5413,1,648,20261,0,0
4078,0,1109,20298,0,1
41425,0,961,20329,0,1
11734,1,1070,20347,0,1
36000,1,1417,20363,0,0
298828,1,1162,20365,0,0
301467,1,1299,20409,0,0
18653,1,713,20412,0,1
7785,1,1810,20417,0,1
8254,1,714,20455,0,0
6650,1,746,20474,0,1
18390,1,1949,20477,0,1
9077,0,1379,20482,0,1
1635,0,1116,20512,0,0
21883,1,963,20521,0,1
1537,0,1063,20533,0,0
662,1,2007,20557,0,0
24000,0,2945,20562,0,1
195870,0,1458,20600,0,0
2309,0,1710,20602,0,0
1193,1,684,20614,0,1
1618,0,1935,20623,1,0
1165,1,929,20650,0,0
16449,1,1331,20657,0,1
1759,0,761,20659,0,1
176,1,638,20668,0,0
14981,1,775,20708,0,1
9076,0,1589,20722,0,1
4004,1,1865,20726,0,0
24649,1,1638,20739,0,1
2716,0,1101,20759,0,0
17349,0,2380,20763,0,0
8372,0,945,20778,0,1
5926,1,1846,20827,0,1
8309,0,1622,20871,0,1
22713,0,2088,20878,0,0
1404,0,1314,20894,0,0
2614,1,909,20904,0,1
12877,1,2256,20914,0,1
1347,1,738,20930,0,1
47635,1,1366,20950,0,1
1154,0,1292,21044,0,0
4379,1,1359,21047,0,0
12779,1,2674,21069,0,1
2837,1,2209,21070,0,1
12681,0,641,21127,0,1
9141,0,1173,21129,0,1
22741,1,2312,21133,0,1
2153,1,574,21147,0,0
925,0,2071,21226,0,0
2054,1,1264,21261,0,1
25737,1,1368,21274,0,1
5334,1,1059,21294,0,1
13697,1,2704,21302,0,0
2250,1,1335,21304,0,0
874,1,1016,21317,0,0
7387,1,1689,21339,0,1
2014,1,1812,21344,0,0
5076,0,1217,21364,0,1
929,1,319,21451,0,0
1436,0,1647,21471,0,0
2067,0,1257,21472,0,1
2042,1,1287,21485,0,0
14489,0,1574,21492,0,1
4617,0,1607,21495,0,0
5825,0,1945,21496,0,0
12622,1,878,21506,0,1
2359,1,1813,21539,0,1
2267,1,1428,21542,0,1
90005,0,2645,21562,0,0
36538,1,1406,21569,0,1
8609,1,1187,21571,0,1
11010,1,2291,21588,0,1
304438,0,2347,21604,0,0
3178,1,1012,21681,0,1
1313,1,1410,21682,1,0
164311,0,1128,21684,0,0
2229,0,2215,21704,0,0
3486,0,2470,21705,0,0
3025,0,995,21707,0,1
1568,0,1490,21745,0,1
3649,1,1792,21750,0,1
37908,1,1015,21775,0,1
173,0,203,21813,0,0
390,1,1043,21832,0,0
9217,1,1939,21836,0,1
1477,0,2277,21838,0,0
396484,1,2177,21845,0,0
13426,1,2223,21856,0,1
14817110,0,1779,21882,0,0
880,1,1069,21919,0,0
5128,0,1387,21929,0,1
9858,1,687,21930,0,1
4475,1,1903,21998,0,1
4670,1,1107,22003,0,0
11921,0,1112,22008,0,1
15751,0,1299,22020,0,1
2536,0,1967,22032,0,0
2655757,1,1906,22035,0,0
12462,0,1777,22060,0,1
1665,0,2001,22073,0,1
5180,0,1814,22129,0,0
2929,1,2386,22159,0,0
2994,0,1200,22166,0,0
68464,0,654,22172,0,0
37718,1,837,22190,0,1
1342,0,1611,22201,0,1
2252,1,390,22263,0,1
82227,0,2409,22287,0,0
6959,1,703,22291,0,1
62472,1,1755,22296,0,1
8384,1,951,22305,0,1
1229,1,1019,22343,0,0
2274,0,2019,22355,0,0
4503,0,1759,22366,0,0
3068,1,1987,22380,0,0
4031,0,475,22404,0,1
907,0,1437,22410,0,0
127404,1,2770,22485,0,1
131972,1,1698,22487,0,0
253233,1,2017,22491,0,1
15883,1,757,22516,0,1
4690,1,990,22535,0,1
1729,0,1559,22559,0,0
5912,1,1675,22601,0,1
27401,1,667,22610,0,1
788,0,1403,22657,0,0
5340,1,956,22674,0,1
46642,1,951,22678,0,1
1332,0,661,22717,0,0
5708,1,175,22719,0,1
1491,1,2120,22773,0,0
30787,0,2481,22776,0,0
853,1,749,22825,0,0
1504,0,1806,22851,0,0
8743,0,1916,22872,1,0
12523,1,1534,22879,0,1
13411,1,1785,22926,0,0
373939,0,2067,22928,0,1
21513,1,675,22937,0,1
11429,1,2231,22938,0,0
205889,1,1143,22947,0,1
3970,0,2442,23014,0,0
2387,0,1406,23028,0,1
15000,1,1006,23030,0,0
99754,1,1917,23033,0,1
17373,0,2713,23036,0,0
11074,1,689,23049,0,1
5482,1,1823,23060,0,1
1324,1,434,23068,0,1
3297,1,1038,23108,0,1
6524,0,2176,23110,0,0
7284,1,963,23116,0,1
21226,0,1971,23141,0,1
232,0,2446,23154,0,0
117292,0,1840,23166,0,0
2095,0,718,23188,0,1
96139,1,1382,23220,0,1
1691,1,855,23254,0,0
6940,1,1258,23281,0,1
1677,0,2023,23299,0,0
4967,0,1712,23313,0,0
9677,1,1829,23330,0,1
6281,1,1159,23343,0,0
4398,1,1368,23350,0,1
17051,0,1203,23383,0,1
2931,1,1689,23400,0,0
22293,1,2315,23450,0,1
1446,0,881,23462,0,1
367022,1,1874,23499,0,0
1172,1,791,23508,0,0
115962,1,3275,23528,0,0
2098,1,1786,23534,0,0
549,1,1359,23535,0,0
14211,1,1549,23582,0,1
111415,1,1529,23616,0,0
43147,1,2360,23623,0,1
5298,1,992,23630,0,0
1668,0,679,23676,0,0
28777,1,401,23680,0,1
2378,0,2109,23681,0,1
7757,0,2204,23696,0,0
1732,0,1338,23703,0,1
25847,1,2079,23704,0,1
1582,1,785,23730,0,0
3106,0,1381,23752,0,1
25175,1,2195,23754,0,1
1301990,0,1315,23771,0,0
4757,1,1022,23781,0,1
210042,1,1114,23802,0,0
67066,1,1986,23821,0,1
18177,1,2362,23899,0,1
1478,0,1430,23936,0,0
22273,1,2300,23941,0,0
60768,1,2082,23948,0,0
23423,1,520,23985,0,1
1374,0,1111,23989,0,0
14888,1,1490,23993,0,1
7099,1,2956,23994,0,0
813,0,555,24029,0,0
1037,1,1125,24033,0,0
1323,1,2255,24039,0,1
8144,0,1580,24044,0,0
9362,1,1197,24062,0,1
2958,1,2416,24077,0,1
25368,1,1149,24100,0,1
2359,0,1035,24102,0,1
234018,1,1521,24138,0,0
1684,1,516,24164,0,1
1823,0,1069,24169,0,1
21581,0,1797,24181,0,0
1042,0,210,24196,0,0
5107,0,2069,24214,0,0
15716,0,834,24219,0,1
7652,0,1373,24242,0,0
114166,1,687,24258,0,0
54047,1,2548,24272,0,1
80384,1,1276,24273,0,1
1250,1,806,24278,0,0
395,1,1409,24279,0,0
6400,1,1817,24293,0,1
4548,1,1237,24307,0,0
560854,1,1285,24334,0,0
10682,1,2036,24337,0,1
932,0,1183,24344,0,0
7169,0,1313,24356,0,1
6261,1,1146,24374,0,0
46159,1,1673,24431,0,1
11142,1,1152,24451,0,0
51971,0,2013,24462,0,0
343733,1,2016,24472,0,0
2226,1,1798,24476,0,0
125921,1,1100,24482,0,1
7059,1,766,24499,0,1
3243,1,889,24508,0,0
3202,1,1195,24515,0,1
32242,0,1757,24521,0,1
35905,1,1621,24535,0,0
1164,0,1315,24536,0,0
334544,1,2539,24548,0,0
30768,1,2305,24578,0,1
757,1,1105,24590,0,0
20310,1,1008,24609,0,1
49976,1,747,24612,0,1
1482,0,1758,24653,0,0
2410,1,1241,24663,0,0
512,1,1405,24664,0,0
167,0,769,24703,1,0
39181,1,1566,24724,0,1
10603,0,1017,24734,0,0
23151,1,1256,24746,0,1
6603,0,1629,24767,0,0
33745,0,2197,24774,0,1
7466,1,1452,24798,0,0
288972,0,2431,24820,0,0
3314,1,452,24881,0,0
19646,0,2132,24902,0,1
6882,1,1651,24910,0,0
15903,1,1052,24960,0,1
10825,1,488,24971,0,1
3847,0,1236,25027,0,0
4380,0,1339,25048,0,1
1383,1,1519,25058,0,0
152128,0,2186,25078,0,1
3733,1,3103,25086,0,1
31622,0,2298,25106,0,1
2417,0,1698,25108,0,0
9168,1,1527,25111,0,1
9391,1,1140,25151,0,0
940,1,2041,25191,0,0
510,0,1970,25195,1,0
11050,1,1379,25208,0,1
10654,1,581,25213,0,1
107026,1,3223,25242,0,1
1288,0,404,25244,0,0
1133,1,771,25255,0,0
6972,1,2468,25271,0,0
5336,0,1515,25274,0,1
2681760,0,2293,25284,0,0
24307,1,688,25313,0,0
700,1,1639,25315,0,0
6656,0,963,25334,0,1
58306,1,1224,25351,0,1
4707,1,1309,25364,0,0
6457,1,954,25366,0,1
40388,1,876,25379,0,1
219,0,256,25387,0,0
1962,1,2189,25389,0,0
117,0,1566,25402,0,0
15386,0,1927,25474,0,0
5167233,1,1811,25496,0,0
951,1,2662,25500,0,0
14428,1,2083,25503,0,0
696,0,385,25504,0,0
2805,1,2089,25578,0,0
13869,1,1575,25585,0,1
6076,1,1304,25586,0,1
6396,0,1292,25606,0,0
649073,0,2386,25611,0,0
5399,1,475,25711,0,1
386,1,1347,25735,0,0
2639,1,1339,25783,0,1
57643,0,1556,25806,0,1
1172,0,971,25811,0,0
20877,1,792,25815,0,1
21347,0,1324,25857,0,0
812,1,959,25891,0,0
758,1,1733,25897,0,0
9063,0,1261,25904,0,1
2089,0,1102,25915,0,0
1563,1,1327,25924,0,1
6559,1,1405,25927,0,1
21177,1,1018,25930,0,1
7236,0,1580,25931,0,1
17330,0,870,25938,0,1
7985,0,2269,25942,0,1
584780,1,507,25945,0,0
1084,1,2138,25984,0,0
12635,0,1787,26031,0,0
12215,0,2453,26034,0,1
35617,0,1666,26091,0,1
5814,1,1386,26101,0,1
935,1,1443,26140,0,0
102033,1,2107,26225,0,1
199279,1,853,26250,0,0
4185,0,1129,26263,0,0
3490,1,1771,26305,0,1
1946,1,790,26312,0,0
10186,1,1291,26329,0,0
961,1,1251,26336,0,0
1762,0,450,26347,0,0
5123,0,1123,26376,0,0
3496,1,741,26384,0,1
7368,1,1345,26400,0,0
18950,1,1313,26430,0,1
1416,1,3094,26490,0,0
4669,1,2509,26500,0,1
823,1,1147,26539,0,0
1893,0,1218,26551,0,1
120753,1,1656,26563,0,1
3448,0,2039,26587,0,0
7917,0,1752,26598,0,0
64571,1,1647,26621,0,1
1771,1,776,26644,0,1
9788,0,1436,26650,0,1
20052,1,1752,26700,0,1
70690,0,1965,26750,0,1
19088,0,1828,26775,0,0
67233,1,2289,26879,0,0
1268,0,884,26892,0,0
3268,0,646,26917,0,1
7292,1,515,26924,0,1
1145655,1,885,26938,0,0
10855,1,1544,26946,0,1
80043,1,1133,26958,0,1
1424,1,1370,26972,0,0
3700,0,939,26974,0,0
1503,0,819,26982,0,0
15918,0,923,26984,0,1
136410,1,1346,26991,0,0
2203,1,481,27006,0,1
12487,1,675,27036,0,1
799,1,709,27039,0,0
5253,1,2020,27061,0,1
35064,1,2940,27071,0,1
7949,0,1287,27088,0,1
2766,0,498,27108,0,0
25566,1,1353,27113,0,1
3952,0,2062,27120,0,1
6865,1,1174,27122,0,1
54477,1,2010,27147,0,0
2233,0,2101,27196,0,1
305415,1,1571,27205,0,0
18565,1,2249,27218,0,1
2507,0,599,27221,0,1
3431,1,863,27223,0,1
2919,1,2142,27230,0,1
3519,0,1446,27235,0,1
1330,0,2095,27238,0,0
20281,1,598,27239,0,1
15168,1,1972,27240,0,1
2777,1,2553,27248,0,0
2181,1,352,27263,0,1
956,1,796,27290,0,0
11674,1,1439,27301,0,1
17116,1,1701,27304,0,1
3566,1,320,27333,0,1
7614,0,433,27334,0,0
2984,1,778,27388,0,0
1451,1,731,27398,0,0
1074,1,1357,27400,0,0
13609,1,640,27403,0,1
2610,0,1962,27409,0,0
3728,0,1943,27426,0,0
19669,0,1372,27430,0,1
18755,1,772,27449,0,1
119528,1,1893,27470,0,1
4209,0,2494,27473,0,1
554,1,1568,27507,0,0
1015,0,2063,27535,0,0
570,0,2145,27536,0,0
7438,1,678,27537,0,1
1463,0,2087,27538,0,0
19476,0,651,27565,0,1
69576,0,1277,27571,0,1
5730,1,1693,27582,0,1
23370,1,1195,27585,0,0
1774400,0,1996,27598,0,0
324,1,196,27599,0,0
2510,1,211,27602,0,0
4022,1,1152,27631,0,0
21280,1,1791,27676,0,0
13669,1,735,27687,0,1
386,0,1697,27695,0,0
4838,0,2203,27696,0,0
13924,1,2072,27756,0,1
4608,0,1542,27774,0,1
643,1,2043,27780,0,0
875,0,975,27794,0,0
2157,0,1744,27796,0,0
854,1,834,27801,0,0
3590,1,1370,27809,0,0
7646,0,1794,27824,0,1
8265,0,1424,27845,0,0
770,0,609,27855,0,0
20355,1,978,27859,0,1
352,1,1679,27878,0,0
11095,0,833,27921,0,0
6607,1,1627,27928,0,0
14221,1,1175,27929,0,0
2584,0,1187,27945,0,0
16074,1,1489,27974,0,1
3774,0,198,27994,0,1
2770,1,541,28024,0,0
7128,1,1197,28030,0,0
7221,0,676,28092,0,0
10636,0,2439,28112,0,0
39306,1,1588,28114,0,1
4869,1,2075,28119,0,0
2574,1,537,28123,0,0
1346786,0,1968,28139,0,0
2256,0,669,28152,0,1
5470,0,1468,28153,0,1
6200,0,707,28194,0,1
1905,1,1962,28208,0,0
20743,0,772,28258,0,1
8770,0,2038,28334,0,0
885,1,269,28342,0,0
4379,1,906,28391,0,1
473,0,222,28432,0,0
8179,0,2382,28435,0,1
25946,1,1158,28447,0,1
375,1,1581,28474,0,0
14301,1,1207,28498,0,1
966,0,1632,28511,0,0
52069,0,2159,28519,0,1
71558,1,1668,28532,0,1
6538,1,1016,28542,0,1
53657,1,2456,28620,0,0
1430,1,1727,28624,0,0
9208,0,2093,28627,0,0
9331,0,989,28679,0,1
100935,0,1231,28694,0,0
46764,1,1381,28738,0,1
11767,0,978,28749,0,1
369896,1,1649,28751,0,0
1578,1,1392,28760,0,0
386,0,399,28777,0,0
128235,1,2125,28799,0,1
134851,0,2398,28814,0,0
1695,1,2200,28854,0,0
25939,1,1490,28865,0,1
227127,0,2116,28867,0,1
763,1,3045,28876,0,0
224,0,466,28883,0,0
2394,1,1512,28884,0,0
583376,1,1574,28910,0,0
3125,1,1605,28940,0,0
2489,1,963,28954,0,0
4898,0,2003,28973,0,1
33478,1,2101,29018,0,1
12591,1,1310,29031,0,0
7049,1,834,29062,0,1
2305,1,1888,29084,0,0
7144,1,2615,29098,0,0
7343,0,1795,29105,0,1
17709,0,795,29111,0,1
6713,1,1240,29126,0,1
18455,0,1215,29136,0,1
6830,1,606,29155,0,1
3599,0,1015,29165,0,1
54251,1,1351,29201,0,1
3519790,0,1670,29208,0,0
404137,1,1523,29215,0,0
127051,1,745,29229,0,0
51824,0,1615,29265,0,1
287086,0,1417,29275,0,1
7165,1,2433,29330,0,1
700,0,1358,29352,0,0
34064,0,1909,29353,0,1
1206,0,1280,29381,0,1
503,1,244,29388,0,0
578,1,2129,29459,0,0
22183,1,2261,29467,0,1
16486,1,714,29476,0,1
873,0,622,29513,0,0
6279,1,1262,29544,0,1
7462,1,532,29546,0,1
822,0,1260,29551,0,0
8451,0,2067,29552,0,0
27840,1,391,29591,0,1
19410,1,2795,29594,0,1
1971,1,1379,29626,0,1
7737728,1,2237,29658,0,0
17135,1,2314,29677,0,1
9402,1,2112,29688,0,0
2171,0,3085,29702,0,1
3664,1,2019,29716,0,1
12439,1,1531,29718,0,1
110956,0,2285,29795,0,1
11193,1,512,29798,0,1
68064,1,1490,29873,0,1
1323,1,193,29893,0,0
9665,1,1045,29913,0,1
8523,1,898,29925,0,0
2164,0,2010,29932,0,0
4629,1,2448,29951,0,0
7383,0,2665,29982,0,0
476,1,715,30008,0,0
11846,0,1934,30023,0,1
2098,0,192,30024,0,1
975,1,800,30049,0,0
1759,1,1576,30051,0,1
8027,0,1258,30057,0,1
23803,1,1641,30072,0,0
267,0,703,30090,0,1
672,0,2060,30108,0,0
13849,1,2005,30125,0,1
21369,1,1168,30128,0,0
3585,1,1345,30141,0,0
1251,0,1529,30149,0,0
22886,1,2094,30173,0,0
50217,1,1993,30181,0,1
8555,1,1951,30215,0,1
1964,1,864,30219,0,0
14985,0,2278,30224,0,1
15733,1,682,30229,0,1
329967,1,3663,30243,0,1
978,0,1047,30245,0,0
14271,1,1375,30249,0,0
4375,0,1179,30251,0,0
8729,1,640,30253,0,1
9451,0,907,30282,0,1
4371,0,1846,30292,0,0
25964,1,2230,30293,0,1
1492,0,1296,30313,0,0
1793,0,1521,30326,0,1
13932,0,1991,30336,0,0
4000,1,1103,30339,0,1
5945,0,1114,30342,0,0
85304,1,2165,30347,0,0
577,0,1742,30358,0,0
830,1,1466,30364,0,0
123715,1,1232,30415,0,0
1765,1,1453,30430,0,1
1209,1,525,30436,0,0
14937,0,1507,30477,0,0
6647,1,1041,30498,0,1
686,0,1762,30509,0,0
5194,1,1928,30514,0,0
3607,1,1651,30526,0,1
8275,0,2327,30533,0,0
343943,0,1211,30538,0,0
3775,0,165,30542,0,1
9229,1,2324,30551,0,0
6830,0,866,30609,0,1
7150,1,574,30616,0,1
1861,0,1929,30640,0,0
39992,1,1622,30652,0,1
7126,1,759,30666,0,1
1340014,0,3116,30696,0,0
7227,1,804,30697,0,1
1695,1,2437,30700,0,1
3178,1,742,30702,0,1
870,1,2370,30709,0,0
12876,1,2370,30711,0,0
3622,1,1133,30714,0,1
35812,0,1969,30733,0,1
2054,0,2020,30734,0,0
12707,1,1461,30738,0,1
3185,0,3688,30757,0,0
985,0,2022,30766,0,0
1718,1,1205,30792,0,1
1274,0,962,30800,0,0
616963,1,1539,30807,0,0
7806,1,1416,30814,0,1
535690,1,1261,30821,0,0
109511,1,1426,30835,0,0
22981,1,876,30841,0,1
208306,1,2222,30867,0,1
10886,1,1442,30872,0,0
7663,0,402,30924,0,1
2849,1,1338,30940,0,1
2473,1,1167,30942,0,1
18385,1,1455,30977,0,1
351,1,1523,30993,0,0
14415,1,858,31025,0,1
21306,1,938,31037,0,1
2837,0,1997,31042,0,0
7247,1,1362,31098,0,0
2857,1,1566,31170,0,0
894,1,2021,31178,0,0
19456,1,1338,31181,0,1
2687,1,1762,31183,0,1
7807,0,1666,31205,0,1
9764,0,2192,31244,0,1
176,1,953,31255,1,0
428,0,528,31278,0,0
810,0,676,31294,0,0
1385765,1,1738,31313,0,0
4749,1,1600,31332,0,1
1230,0,1047,31347,0,0
48485,1,1033,31427,0,1
71977,1,1473,31487,0,1
5095,0,1669,31502,0,1
2836,1,1899,31510,0,0
208,1,1335,31519,0,0
18346,1,1393,31537,0,1
5787,0,1711,31539,0,0
1540,0,1468,31565,0,0
10018,1,1357,31580,0,1
357,1,2123,31590,0,0
13127,1,957,31608,0,1
1275,1,1638,31617,0,0
423,0,2202,31619,0,0
4485,1,917,31646,0,0
2080,0,1023,31663,0,0
39250,1,1722,31676,0,1
4562,0,1262,31713,0,0
46246,0,1727,31714,0,1
6208,0,2403,31736,0,1
2721481,0,2247,31743,0,0
2372,1,1682,31762,0,0
21042,1,1923,31767,0,1
3423,1,2031,31826,0,0
14427,1,613,31880,0,1
4518,1,1176,31889,0,1
56955,1,1445,31955,0,0
55042,1,1054,31967,0,1
2626579,1,1994,31973,0,0
17622,1,1313,32006,0,1
15427,0,1302,32015,0,1
41656,1,1570,32034,0,1
2084,1,873,32039,0,0
6082,0,2118,32048,0,1
2862,1,1557,32050,0,0
135495,0,955,32056,0,0
24955,1,1650,32069,0,1
6137,0,2076,32077,0,0
1386,1,983,32090,0,0
108545,1,1548,32104,0,0
3270,0,2130,32115,0,1
1462,0,1820,32125,0,1
2067,0,1135,32128,0,0
5451,1,1228,32148,0,0
1276,1,462,32157,0,0
1402,0,1012,32179,0,1
1215,0,1316,32190,0,0
18458,1,640,32227,0,1
4837,1,2650,32249,0,0
2847,0,773,32259,0,0
158444,1,1165,32273,0,1
10679,1,1727,32306,0,1
66680,1,1621,32309,0,0
7151,0,203,32316,0,1
4758,0,3094,32330,0,0
2628,1,731,32400,0,1
3573,0,725,32419,0,1
4665,1,354,32432,0,1
4878,1,1069,32454,0,0
25407,1,450,32476,0,1
16488,1,1975,32497,0,1
412138,1,2252,32508,0,0
21740,1,1874,32571,0,0
264514,1,2465,32602,0,1
2966,1,2250,32610,0,0
5832,1,1391,32613,0,0
945,1,2289,32617,0,0
28200,1,852,32618,0,1
106310,1,1704,32637,0,0
2103,0,399,32654,0,0
2130,1,2086,32658,0,0
2016,1,743,32659,0,0
5090,1,1312,32670,0,1
5209,1,990,32708,0,1
141184,1,844,32711,0,0
4804,1,1572,32726,0,1
5447,1,1035,32727,0,0
412,0,1969,32738,0,0
1821,1,1868,32749,0,0
13975,1,1359,32752,0,1
9983,0,2559,32773,0,1
71800,1,1223,32791,0,1
623,1,700,32795,0,0
2280,0,1014,32805,0,1
10314,0,1900,32807,0,1
2434,0,1134,32832,0,0
2340,1,1186,32849,0,1
17684,1,1038,32864,0,0
3912,1,1527,32892,0,0
127140,1,1472,32908,0,0
919,0,1369,32924,0,0
1518,0,1683,32929,0,0
5056,1,1959,32933,0,1
1373,1,370,33016,0,0
3056,1,512,33038,0,0
6113,1,2001,33046,0,0
22823,1,1433,33062,0,1
1561,0,1011,33105,1,0
9897,1,1833,33144,0,0
4336,0,2732,33146,0,0
6036,1,795,33186,0,1
32218,1,2219,33191,0,1
20152,0,1976,33204,0,1
45921,1,1516,33231,0,0
2460,0,1357,33232,0,1
2051,1,574,33253,0,1
2370,0,1369,33280,0,1
4445,0,3109,33324,0,0
31438,0,2108,33368,0,0
132,0,854,33370,0,0
652,0,1129,33398,0,0
184055,0,997,33423,0,0
3960,1,606,33430,0,1
10971,0,1907,33434,0,1
9365,1,1471,33486,0,1
8202,1,1292,33495,0,1
1571,0,1409,33563,0,0
7280,0,2402,33568,0,0
8430,0,2346,33576,0,0
666,1,959,33620,0,0
1021471,1,2092,33627,0,0
1139,0,1364,33679,0,0
5094,1,330,33680,0,1
8210,0,415,33695,0,0
28169,1,361,33716,0,1
1244,0,1306,33720,0,0
220,0,1391,33736,0,0
2770,1,2004,33754,0,0
464799,1,2126,33773,0,1
1582,1,1552,33805,0,0
1103,1,1948,33811,1,0
1889,1,856,33866,0,1
15865,1,692,33875,0,1
80694,1,1069,33882,0,1
950,1,1866,33898,0,0
8049,1,1149,33971,0,1
430,0,334,33986,0,0
630,0,833,33991,0,0
185013,1,1956,33995,0,1
6410,1,1031,33997,0,0
5527,0,2060,34092,0,0
4791,1,1738,34098,0,0
2011,1,2411,34125,0,0
19840,1,1497,34134,0,1
3192,1,2469,34145,0,1
20324,1,1719,34163,0,1
11261,1,1983,34169,0,1
10895,1,1933,34175,0,0
1823,1,1501,34186,0,0
5230,1,1573,34199,0,1
23167,0,1049,34220,0,1
3501,1,646,34260,0,1
1346,1,1001,34292,0,0
6667,1,966,34302,0,1
3035,0,1007,34305,0,1
18861,1,540,34340,0,1
10767,1,386,34392,0,1
19093,1,1412,34409,0,1
2838,0,341,34414,0,1
11191,1,1037,34417,0,0
335946,1,1374,34418,0,0
152248,1,823,34431,0,1
6171,0,1189,34463,0,1
168480,0,2169,34465,0,0
3185,1,2233,34477,0,0
21999,1,429,34479,0,0
2384,1,1642,34492,0,0
894,0,2885,34504,1,0
10769,1,932,34561,0,1
5508,1,1266,34563,0,1
7865,1,744,34604,0,1
6523,1,1766,34611,0,1
2273,0,1771,34617,0,0
29512,0,2939,34634,0,1
1184,0,2858,34659,0,0
3952,0,2018,34674,0,0
4933,0,1471,34716,0,0
6978,1,1204,34720,0,1
20036,1,1610,34723,0,1
5064,1,1665,34732,0,1
1540,0,1285,34735,0,0
18527,1,769,34747,0,1
2653,1,694,34755,0,0
21194,1,936,34766,0,1
127368,1,2012,34767,0,0
1208,1,456,34790,0,0
28871,1,2062,34802,0,0
7617,0,1451,34808,0,1
1481,0,1391,34828,1,0
2306,1,415,34832,0,0
16818,1,1359,34866,0,1
5815,1,1215,34867,0,1
3276,1,646,34876,0,1
6262,1,504,34913,0,1
405,1,1484,34925,0,0
7979,1,1767,34934,0,1
1105,1,1152,34962,0,0
469,0,2045,34968,0,0
208,0,1752,34971,0,0
2556,0,2159,34981,0,0
121549,1,2108,35046,0,1
595,0,1368,35070,0,0
31118,0,2013,35101,0,0
4889,1,1188,35102,0,1
1995,1,1623,35122,0,0
663,0,1909,35155,0,0
4397,0,1939,35204,0,1
120846,0,929,35215,0,1
2015,0,2046,35216,0,1
955,1,532,35270,0,0
50503,0,2659,35272,0,1
2897,1,1613,35293,0,0
16303,1,2209,35303,0,1
6411,1,2425,35342,0,1
2311,1,1204,35352,0,0
20005,0,1570,35354,0,1
122631,1,2147,35356,0,1
3281,1,250,35361,0,1
2350,0,1974,35379,0,0
661,1,1285,35414,0,0
3152,0,1846,35415,0,0
6653,1,1098,35427,0,0
35607,1,2224,35453,0,1
4973,1,2669,35482,0,1
1753,1,1564,35491,0,1
682,1,732,35507,0,0
10195,1,1155,35528,0,1
8303,0,1533,35530,0,1
15597,1,1377,35567,0,1
6345,1,1349,35577,0,1
267,0,1222,35586,0,0
10896,0,1294,35630,0,1
4225,0,1902,35645,0,0
1524,0,529,35675,0,1
81262,0,937,35721,0,1
85,0,342,35759,0,0
17685,0,985,35764,0,1
7184,1,2211,35783,0,0
754,0,592,35794,1,0
1679,0,837,35809,0,1
2180,0,1748,35816,0,0
4645,0,1069,35853,0,0
798600,1,1479,35866,0,0
59564,1,1187,35918,0,1
51191,1,2074,35927,0,1
5558,1,823,35928,0,1
34698,0,1990,35929,0,0
6393,1,870,35936,0,0
1851,0,1211,35945,0,0
4193,0,1331,35977,0,0
5413,1,1005,35978,0,1
1056,0,1585,36039,0,0
21473,1,1718,36045,0,1
3808,1,924,36046,0,1
546,1,1783,36047,0,0
3386,1,2231,36049,0,0
2992,0,1736,36054,0,0
1117,0,2086,36098,0,0
730,0,808,36168,0,0
1237,0,944,36185,0,0
3252,1,1328,36209,0,0
5511,0,1674,36213,0,0
9407,0,1501,36223,0,1
47745,0,1041,36236,0,1
296,0,1459,36237,0,0
7227,1,645,36263,0,1
7961,1,1713,36267,0,1
4930,1,1368,36300,0,1
12339,0,1200,36310,0,0
1319,1,336,36322,0,0
8170,0,1219,36332,0,1
2271,0,2067,36344,0,0
8063,1,1565,36346,0,1
44327,1,2087,36355,0,1
3567,1,503,36379,0,1
232163,1,1666,36461,0,0
716,0,1673,36518,0,0
43647,1,782,36528,0,0
1149,1,2088,36540,0,0
44149,1,2106,36553,0,0
2328,0,1879,36594,0,0
241473,1,1282,36596,0,0
1033,1,510,36597,0,0
2658,1,2376,36630,0,0
2719,1,1464,36636,0,0
7577,0,1426,36647,0,1
2584,0,422,36667,0,1
9637,0,2474,36668,0,0
77199,0,2285,36700,0,1
16962,1,765,36718,0,1
56304,1,1309,36735,0,1
27610,0,1144,36737,0,1
3588,0,917,36766,0,1
2894,0,1256,36789,0,0
2383,1,1867,36805,0,1
9435,1,453,36851,0,1
1027,0,1092,36866,0,0
2822,0,1804,36901,1,0
7774,1,271,36909,0,1
18366,1,1163,36929,0,1
2090345,0,2101,36938,0,0
611,0,592,36948,0,0
111096,0,2826,37001,0,0
276086,1,1224,37046,0,0
318,0,421,37047,0,0
4888,0,2382,37050,0,0
2763,0,1155,37105,0,0
1908,0,1266,37120,0,0
242,1,414,37216,0,0
12004,1,2226,37226,0,1
21240,0,1656,37265,0,1
5161,0,2592,37287,0,0
631527,1,1343,37293,0,0
2210,1,356,37306,0,1
2972,0,580,37316,0,1
3061,0,1924,37334,0,1
1411,0,1823,37354,0,0
13705,0,1832,37378,0,0
4606,0,1048,37379,0,1
615,0,1020,37394,0,0
26549,1,1281,37397,0,0
4764,1,863,37404,0,1
2130,0,1172,37447,0,1
4395,0,1966,37460,0,0
806294,1,2198,37469,0,0
17153,0,2014,37480,0,0
1318,0,1374,37520,0,0
56963,1,1419,37531,0,1
5719,1,779,37553,0,1
16109,1,1710,37574,0,1
12276,1,1981,37618,0,0
4221,0,1411,37631,0,1
8187,1,1841,37684,0,1
12560,1,2193,37699,0,1
7262,1,1787,37706,0,1
58882,1,1648,37723,0,1
3215,1,799,37726,0,1
18086,0,2496,37751,0,0
10504,1,962,37766,0,1
32734,0,1075,37776,0,1
1006,0,969,37779,0,0
5241,0,1824,37790,0,0
967000,1,1691,37814,0,0
2060,1,2026,37819,0,0
12684,0,1782,37820,0,0
3740,1,1610,37832,0,1
20214,0,1191,37833,0,1
403,1,128,37853,0,0
9364,1,1104,37899,0,1
9548,1,1576,37920,0,0
2603,1,1693,37954,0,1
11681,1,1430,37960,0,0
95149,1,1363,37988,0,1
2489,1,1279,37990,0,1
1278,1,419,38045,0,0
1273,0,1323,38053,0,0
208,0,2145,38084,0,0
6632,0,1057,38086,0,1
25924,1,2911,38095,0,0
36466,0,1585,38102,0,1
3886,1,684,38113,0,1
193890,1,1134,38116,0,0
63239,1,2334,38119,0,0
32533,1,1132,38127,0,1
10396,1,1672,38140,0,1
1738,0,1868,38141,0,0
52671,1,2069,38160,0,0
17762,1,2246,38181,0,0
23560,1,2079,38184,0,1
96620,1,1134,38192,0,0
10627,1,1868,38227,0,1
12767,1,1936,38260,0,1
8282,1,1547,38272,0,1
1856,0,2376,38280,0,1
9037,1,261,38336,0,1
4550,0,1672,38354,1,0
2729,1,1970,38366,0,1
7350,1,829,38369,0,0
1254,0,1210,38378,0,0
2010,1,1531,38440,0,0
18468,1,1139,38455,0,1
7642,1,2277,38458,0,1
1360,0,758,38463,0,0
4237,1,1618,38468,0,1
3841,0,1445,38473,0,1
12734,1,398,38505,0,1
4975,1,1680,38508,0,1
6697,0,1729,38511,0,0
610,0,898,38547,0,0
257,1,826,38563,0,0
305,0,1312,38573,0,0
77990,0,1385,38577,0,1
3937,0,1973,38597,0,0
14645,1,625,38616,0,1
14103,0,1898,38647,0,0
11059,1,2404,38649,0,1
103237,1,2157,38661,0,1
1262,0,756,38678,0,0
2639,0,2264,38716,0,0
3475,0,1183,38725,0,1
2493,1,636,38726,0,0
1229,1,1600,38738,0,0
224439,1,1649,38780,0,0
832,1,1205,38809,0,0
7828,1,399,38828,0,1
5019,1,850,38870,0,1
167,0,1879,38878,0,0
554,1,670,38882,0,0
3805,0,2605,38924,0,0
26941,1,1054,38934,0,1
14306,0,1340,38958,0,1
25834,0,2013,38970,0,1
2471,1,2082,39017,0,1
2474,0,963,39018,0,0
1429,1,494,39034,0,0
1252,1,203,39036,0,1
6728,0,880,39066,0,1
3453,0,1291,39072,0,0
2713,1,1922,39093,0,1
21660,1,1143,39106,0,1
685,0,595,39124,0,1
12573,1,1446,39133,0,0
215436,1,2464,39139,0,1
8585,1,982,39169,0,0
15938,1,550,39191,0,1
19416,1,1118,39220,0,0
34926,1,2709,39264,0,1
1229,1,605,39282,0,0
1730,1,1253,39296,0,0
7011,0,1904,39298,0,1
9428,0,1615,39310,0,0
16591,1,2284,39321,0,0
2199,1,1513,39328,0,0
1648,1,1619,39347,0,0
20488,1,1469,39356,0,1
8293,1,1362,39363,0,1
9279,1,2133,39366,0,1
865,0,1434,39370,1,0
1335,1,1621,39381,0,0
14066,1,973,39437,0,1
2309,1,892,39459,0,0
29619,0,2790,39477,0,0
2431053,0,2652,39498,0,0
1967,0,1131,39515,0,0
7963,1,1823,39550,0,1
2294,1,301,39554,0,1
3820,1,755,39584,0,1
277,1,3429,39613,0,0
4707,1,1242,39619,0,1
104426,1,1276,39626,0,1
13444,0,1342,39644,0,1
38849,0,1303,39664,0,1
3161,1,1299,39673,0,1
3271,0,1225,39676,0,0
1426,1,1375,39689,0,1
1194,1,223,39699,0,0
22507,1,999,39702,0,0
16450,1,2676,39705,0,1
3007,1,674,39719,0,1
4740,1,886,39720,0,1
16103,1,1948,39722,0,1
4231,0,352,39750,0,1
151,0,1346,39763,0,0
106919,1,1683,39784,0,1
1548,0,1474,39817,0,0
5492,0,1528,39823,0,1
159,0,1160,39831,1,0
4478484,1,1262,39832,0,0
3215,1,1502,39854,0,1
237920,1,2588,39875,0,0
6963,1,817,39925,0,0
206,1,96,39944,0,0
2492,1,1648,39964,0,1
3981,0,2181,39981,0,1
7651,1,976,39984,0,1
11572,1,901,39987,0,1
6532,1,997,40000,0,1
4180,0,2272,40005,0,1
30980,1,1527,40006,0,1
290,1,1552,40026,0,0
437,0,1777,40032,0,0
6257,1,1126,40054,0,1
649,0,489,40056,0,1
775,1,239,40088,0,0
1107,0,1048,40113,0,1
16252,1,755,40115,0,1
992201,0,794,40152,0,0
18671,1,1077,40155,0,0
288333,1,1495,40165,0,0
2760,1,722,40172,0,0
46568,1,2258,40191,0,1
1482,0,315,40202,0,0
3950,1,2117,40203,0,0
1305,1,278,40232,0,0
14363,1,1779,40248,0,1
410,0,2128,40253,0,0
1800,0,994,40302,0,0
96063,1,1184,40310,0,1
4376,1,566,40314,0,1
9288,0,1253,40322,0,1
60802,0,1362,40337,0,1
336977,1,1077,40346,0,0
553,0,2151,40362,0,0
1777,1,1595,40383,0,0
792,0,774,40407,0,0
2654,0,738,40447,0,0
33642,1,1330,40458,0,1
39365,0,1926,40461,0,1
2573,1,507,40465,0,0
32615,1,665,40484,0,1
783986,1,2455,40485,0,0
6407,1,1598,40507,0,1
11911,1,880,40515,0,1
5024,0,1587,40529,0,1
5995,1,1128,40532,0,1
4938,0,2124,40549,0,0
6249,0,1538,40554,0,1
1030,0,2160,40639,0,0
8325,1,1460,40644,0,1
5713,1,1781,40662,0,1
7058,1,1076,40674,0,1
856963,1,2176,40686,0,0
194417,1,2251,40701,0,1
2401,1,2333,40734,0,0
114165,1,1692,40750,0,1
5324,1,627,40775,0,1
66427,1,1484,40789,0,1
18281,0,2043,40813,0,0
8307,0,563,40818,0,1
13070,1,1590,40834,0,0
407,1,2330,40869,0,0
14537,0,635,40875,0,1
6737,0,2054,40890,0,1
2733,1,1398,40909,0,0
4865,1,1277,40928,0,1
28511,1,2085,40930,0,1
2318,1,1639,40932,0,1
4080,1,851,40942,0,1
9639,0,971,40989,0,1
19101,1,842,40990,0,1
6471,1,1145,40996,0,0
2082,0,1626,41004,1,0
6091,1,2260,41011,0,1
7861,1,933,41022,0,1
5808,0,1261,41033,0,0
4643,1,773,41053,0,1
5262,0,476,41056,0,1
5995,1,1126,41057,0,1
12082,1,612,41064,0,1
3832,1,1425,41068,0,1
29204,0,845,41075,0,1
2811,1,660,41089,0,0
5371,1,973,41107,0,0
13115,1,1446,41137,0,0
50068,1,1356,41140,0,1
53517,1,1774,41148,0,1
4083,1,1702,41155,0,1
7076,1,2065,41179,0,1
24249,1,547,41192,0,1
10738,1,1576,41193,0,1
789,0,673,41215,0,0
31589,0,2058,41216,0,0
3915,0,1314,41274,0,0
2217,1,1304,41290,0,0
1972,1,662,41311,0,0
271,1,1399,41396,0,0
50545,0,1378,41484,0,1
21044,1,692,41519,0,1
940,1,1164,41533,0,0
6545,1,1166,41553,0,0
251,0,1895,41586,1,0
1066,1,1357,41589,0,0
5552,1,666,41598,0,1
20864,1,1215,41612,0,1
53806,0,1293,41628,0,0
2187,0,950,41650,0,0
13549,1,1521,41651,0,1
13474,1,1491,41672,0,1
5427,1,923,41692,0,1
539413,1,3071,41729,0,0
5786,1,1023,41757,0,1
37327,1,1277,41780,0,1
6064,0,1800,41814,0,0
10439,0,1097,41821,0,0
5311,1,1078,41836,0,1
1653,1,1713,41838,0,0
8012,0,1852,41844,0,1
725,1,712,41883,0,0
20598,1,1375,41908,0,1
2163,1,882,41922,0,0
809,1,1627,41948,0,0
5927,1,723,41971,0,1
3847,1,497,41972,0,1
6532,0,2140,41973,0,0
2478,1,1988,42001,0,1
3377,1,1585,42040,0,1
30472,1,1283,42041,0,1
1702,0,304,42049,0,0
26064,1,1517,42055,0,1
9263,0,2117,42068,0,1
5871,0,1930,42098,0,0
707,0,544,42112,0,0
5139,0,1563,42114,0,1
17906,0,1014,42116,0,1
8632,1,1732,42121,0,1
4942,1,1790,42140,0,1
5428,1,672,42148,0,1
942,0,1752,42158,0,0
4082,0,1749,42167,0,0
6403,0,961,42181,0,0
442,1,1415,42192,0,0
1398,1,1578,42201,0,0
14088,1,934,42203,0,0
291,1,171,42205,0,0
78443,1,1979,42213,0,1
368335,1,1431,42214,0,1
74582,1,1134,42235,0,0
3431,0,924,42281,0,0
2972,1,2078,42289,0,0
12322,1,1556,42300,0,1
3581,0,1183,42361,0,0
34458,1,1507,42375,0,1
16989,1,958,42396,0,1
1649,1,837,42397,0,1
41436,1,2497,42403,0,1
1157829,1,1441,42461,0,1
622,0,525,42467,0,0
702,0,1901,42486,0,0
4188,0,1109,42500,0,1
1899,1,1362,42552,0,0
1647,0,2209,42557,0,0
10497,0,2069,42564,0,1
13459,1,691,42568,0,0
5462,1,878,42588,0,1
15333,1,1345,42604,0,1
1809,1,1390,42645,0,0
948,1,2143,42649,0,0
2126,1,451,42662,0,0
26364,0,2267,42689,1,0
3848,1,2203,42724,0,0
994,0,408,42747,0,1
15068,1,3769,42772,0,0
9416,1,915,42776,0,0
7755,0,1215,42783,0,0
576,1,1033,42788,1,0
1178,1,292,42803,0,0
36739,1,2043,42818,0,1
928,0,1146,42848,0,1
1702,1,1763,42852,0,0
1601055,0,2498,42867,0,0
3008,0,690,42886,0,1
3104,1,2074,42913,0,0
4392,0,1785,42941,0,1
73925,1,1520,42945,0,0
19138,1,955,42962,0,1
2257,1,803,43026,0,0
8007,1,1237,43043,0,1
3298,1,2026,43064,0,1
6120,1,2654,43080,0,1
3692,0,429,43104,0,0
10723,1,2454,43149,0,1
2025,0,1042,43157,0,1
1671,1,2015,43161,0,0
17647,1,641,43171,0,1
2656,0,932,43185,0,1
696,1,1757,43203,0,0
15755,0,1801,43210,0,1
10331,0,1181,43214,0,1
1393,0,1368,43220,0,0
258,0,949,43226,0,0
4038,1,237,43251,0,1
2157,1,1756,43254,0,1
3576,0,1275,43261,0,0
23891,1,1289,43308,0,1
82446,1,909,43312,0,0
1180,1,1774,43324,0,0
4465,1,2318,43352,0,1
9535,0,2024,43370,0,1
37397,1,924,43380,0,1
19224,1,1667,43386,0,1
1935,1,1963,43404,0,0
37614,0,2049,43408,0,1
4024,1,1655,43433,0,1
4130,1,820,43441,0,1
80107,1,1215,43446,0,1
514,1,1098,43463,1,0
6367,1,694,43579,0,1
2390,0,1377,43616,0,1
32132,0,1446,43620,0,1
1690,0,1615,43668,0,0
793193,0,2660,43676,0,0
1419,0,1638,43683,0,0
1804,0,2001,43686,0,0
16097,1,239,43711,0,1
11469,1,1172,43728,0,1
190,1,1855,43732,0,0
9728,1,903,43747,0,1
9845,1,1527,43770,0,0
2779,1,1735,43787,0,0
3733,0,1140,43798,0,0
87441,1,1282,43805,0,0
218319,1,1590,43836,0,0
13187,1,876,43852,0,1
44224,0,1125,43859,0,1
31521,1,802,43885,0,1
1073,0,911,43898,0,0
7318,1,1671,43917,0,1
1173,0,1931,43938,1,0
11165,1,1862,43951,0,1
2925,1,884,43955,0,1
4539,0,1960,43961,0,0
1943,1,1485,44034,0,0
1735,1,1007,44042,0,0
1691,0,2245,44071,0,0
2119,0,2658,44076,1,0
3013,1,1487,44082,0,1
44715,1,1365,44095,0,0
5733,1,2449,44117,0,1
36591,1,1968,44150,0,1
396,0,645,44161,1,0
1156,1,2172,44176,0,0
11090,1,364,44198,0,1
11425,1,2172,44211,0,1
1403,1,1392,44235,0,0
1126,0,1735,44261,0,0
2860,1,1722,44262,0,1
9876,0,1885,44270,0,1
46958,1,2254,44291,0,0
18191,1,826,44317,0,1
734,0,1442,44344,0,0
1572,0,1223,44377,0,0
72336,1,1377,44396,0,1
80637,1,2077,44402,0,1
89644,0,2420,44411,0,0
31177,1,1942,44425,0,1
11040,1,1355,44441,0,1
735,1,1220,44466,0,0
4364,1,1201,44474,0,0
8811,1,395,44514,0,1
6076,0,672,44529,0,0
4608,1,2093,44532,0,1
13336,0,1074,44536,0,0
1071,1,1550,44549,0,0
10237,0,1180,44555,0,1
1981,0,1600,44634,0,0
1269,1,695,44652,0,0
1816,1,1030,44654,0,1
4775,1,1546,44671,0,0
12932,0,1356,44686,0,1
1604,1,1714,44710,1,0
13208,1,730,44718,0,1
54236,1,891,44731,0,0
3101,1,896,44775,0,0
1566,0,878,44776,0,0
292778,1,1516,44803,0,1
1354,1,819,44806,0,1
35093,0,753,44819,0,1
2816,0,2756,44824,0,0
12532,1,1563,44833,0,1
42945,1,1874,44854,0,1
2010,0,966,44861,0,1
47981,0,1611,44872,0,1
2158,0,1326,44890,0,0
95880,1,1946,44901,0,1
3960,1,1370,44920,0,1
3744,1,380,44925,0,0
21244,0,1851,44960,0,1
508636,0,1403,44971,0,0
9903,1,423,44977,0,1
1085,0,1033,44987,0,0
22491,1,2311,45019,0,1
22642,1,1576,45025,0,1
6475,1,1540,45039,0,1
3860,1,1739,45096,0,0
4341,1,2111,45129,0,0
5630,0,1664,45131,0,0
13814,1,411,45142,0,1
60919,1,1136,45153,0,0
8094,0,1265,45164,0,1
1042,1,1529,45186,0,0
15606,1,720,45204,0,1
1077,0,675,45226,0,0
19504,1,1002,45240,0,1
23781,1,1696,45247,0,0
4509,1,882,45272,0,1
9973,1,1669,45295,0,0
2467,0,993,45298,0,1
318,1,1241,45301,1,0
1389,0,1042,45308,0,1
11456,1,1838,45316,0,1
76443,0,1470,45320,0,0
451,1,1733,45349,0,0
29611,1,2716,45368,0,1
7042,1,1088,45370,0,1
37735,1,1467,45372,0,1
21714,1,1233,45376,0,1
2438,0,1769,45377,0,0
4998,1,878,45387,0,0
1353,0,1265,45410,0,0
59976,1,2378,45434,0,1
1507,0,1342,45437,0,0
6680,1,826,45441,0,0
3095,1,995,45442,0,0
1116,1,2280,45480,0,0
279,0,1043,45483,0,0
11621,1,2197,45485,0,1
687,0,625,45509,0,0
97999,1,902,45516,0,0
3015,1,937,45522,0,0
398,0,955,45529,0,0
9016,1,1903,45544,0,0
15099,0,2503,45547,0,0
4883,0,783,45556,0,1
18979,0,1824,45562,0,1
1358,0,1440,45579,0,0
1504,1,1284,45607,0,1
5349,0,1835,45680,0,1
2649,0,1832,45684,0,1
2974,0,835,45697,0,0
3039,0,1911,45725,0,0
344,0,1869,45729,0,0
18816,1,579,45775,0,1
4239,0,2298,45781,0,1
91257,1,1275,45795,0,1
2703,0,1604,45799,0,0
2171,0,1164,45817,0,0
1929,0,1287,45821,0,0
54516100,0,3056,45837,0,0
8523,0,640,45851,0,1
3661,1,1300,45855,0,1
131467,1,1927,45869,0,1
6134,0,2196,45915,0,0
36807,0,1046,45916,0,0
1011,1,2028,45933,0,0
8378,0,1974,45940,0,1
61214,1,629,45964,0,0
319,0,2152,45976,0,0
1243,0,1959,45993,0,0
19785,1,1599,45999,0,1
3292,1,1626,46001,0,0
3796,0,889,46025,0,0
9488,1,773,46038,0,0
12986,0,958,46057,0,1
2607,1,1597,46060,0,1
1134,1,1686,46075,0,0
5307,0,2079,46085,0,0
6283,1,252,46087,0,1
11281,0,1951,46100,0,0
1028,0,1020,46105,0,0
71789,1,1301,46148,0,1
23529,1,1326,46170,0,1
19647,0,2335,46177,0,0
3501,1,867,46179,0,1
126175,1,1274,46217,0,0
26676,1,1344,46218,0,1
58366,1,432,46241,0,1
833,0,1399,46246,0,0
6175,0,1386,46277,0,1
2798,1,1177,46278,0,1
1421,0,1076,46312,0,0
912,1,672,46317,0,0
261,0,2302,46338,0,0
53885,0,1200,46348,0,1
6215,0,2064,46353,0,1
6403862,0,1976,46374,0,0
21904,1,1575,46383,0,1
43257,1,897,46387,0,1
147163,1,1780,46420,0,1
30865,1,2273,46424,0,1
63794,1,1353,46443,0,1
19075,1,1158,46445,0,1
33605,1,664,46465,0,1
3725,1,307,46480,0,1
331,0,1368,46501,1,0
14680,1,480,46502,0,1
1447,0,1488,46505,0,0
1192,1,761,46513,0,0
144887,1,2375,46525,0,0
8201,1,1867,46556,0,1
1280,0,392,46575,0,0
3609,1,507,46596,0,1
13784,1,2122,46602,0,1
1083,0,1993,46622,0,0
11303,1,1381,46634,0,0
4494,1,682,46640,0,1
71226,0,1592,46651,0,1
72922,1,2076,46666,0,0
3344,0,1065,46667,0,0
5969,0,1994,46670,0,0
4051,0,1089,46718,0,1
3722,0,1508,46726,0,1
118637,1,2463,46728,0,1
20661,1,1696,46740,0,1
1027,1,372,46758,0,0
23683,1,588,46759,0,1
26624,0,1561,46775,0,1
30890,1,834,46805,0,1
5804,0,815,46822,0,0
17035,0,2035,46860,0,1
2431857,1,1568,46866,0,0
1191,1,655,46868,0,1
5725,0,384,46888,0,1
15589,0,2474,46895,0,0
20297,0,1924,46905,0,1
5567,1,1191,46910,0,0
2755,0,1904,46932,0,1
4067,1,1879,46938,0,1
1892,1,1063,46967,0,0
10513,1,1298,46975,0,1
9695,0,2568,46988,0,0
4222,1,1582,47023,0,0
23133,1,1631,47081,0,1
13269,1,996,47116,0,1
593,0,147,47119,0,0
19487,1,3610,47156,0,1
12698,0,1828,47164,0,0
5286,1,872,47177,0,1
21389,0,1636,47193,0,0
11352,1,1324,47195,0,1
5173,1,1581,47224,0,1
4163,0,1271,47249,0,0
28417,1,1044,47253,0,1
50862,1,722,47260,0,1
12527,1,2264,47265,0,0
1483,1,1080,47300,0,0
3046,0,1525,47317,1,0
1407,0,356,47320,0,0
584,1,1160,47323,0,0
1818,1,951,47366,0,0
1563,1,1384,47381,0,1
57,1,1523,47402,0,0
2630,1,744,47409,0,0
1018,1,1564,47461,0,1
82982,1,1921,47471,0,1
4072,1,2250,47477,0,1
2840,1,2107,47493,0,0
554,1,1359,47512,0,0
2890,1,2160,47530,0,0
8418,0,1434,47545,0,1
3566,0,910,47606,0,0
21113,0,2151,47618,0,0
262,0,817,47621,0,0
1516,1,1104,47624,0,1
2258,1,1706,47635,0,1
1188,1,1797,47674,0,0
30701,0,2379,47700,0,0
11110,0,1637,47715,0,1
6667,0,1569,47726,0,1
12917,1,1779,47770,0,1
40991,1,1412,47794,0,1
9211,0,444,47796,0,1
3561,1,1763,47799,0,1
4911,0,2104,47803,0,0
560,0,593,47817,1,0
11267,1,1349,47838,0,1
17831,0,889,47839,0,1
1581,1,492,47862,0,1
659,0,1891,47863,0,0
16886,1,2019,47876,0,1
68955,1,1141,47903,0,0
1038,1,1523,47940,0,0
808,0,336,47946,0,0
683,0,1292,48006,0,0
4317,1,283,48032,0,1
18913,1,1646,48058,0,0
4194,1,944,48089,0,1
165,0,1904,48094,0,0
983132,0,2299,48113,0,0
12256,0,1871,48116,0,1
14278,0,1092,48117,0,1
315637,0,3105,48176,0,0
1022,1,300,48199,0,0
8383,0,950,48252,0,1
12216,1,335,48327,0,1
37781,1,1230,48336,0,0
402,1,1760,48349,0,0
4438,0,1536,48372,0,0
11469,0,972,48381,0,1
6380,1,1782,48411,0,1
7013,1,647,48442,0,1
1474,0,1903,48443,0,0
3917,1,1429,48449,0,1
2736,1,1329,48474,0,0
1165,0,1014,48482,0,0
2821,1,2067,48500,0,1
177406,0,2680,48523,0,0
8781,1,1418,48553,0,1
1666,1,802,48557,0,1
260,1,1020,48560,0,1
63963,1,1394,48580,0,0
18922,1,1462,48581,0,1
3136,1,1529,48585,0,1
3231,1,1419,48601,0,0
5406,1,641,48629,0,1
5058,1,1915,48637,0,1
3106,0,337,48680,0,1
4311,0,854,48703,0,0
383844,1,1203,48713,0,0
10296,1,1383,48791,0,1
4455,1,1865,48801,0,0
5305,1,2114,48812,0,1
503955,1,1605,48826,0,0
747,0,1298,48840,0,0
48464,1,376,48866,0,1
4433,0,1096,48928,0,0
1075784,0,2426,48986,0,0
1940,1,1381,49008,0,0
33601,1,2002,49014,0,0
448,0,1709,49015,0,0
1790,1,1866,49023,1,0
47139,1,2199,49029,0,1
52125,1,867,49034,0,1
3521,0,1017,49054,0,1
61046,1,1227,49056,0,1
881,0,2006,49080,1,0
10485,1,930,49085,0,1
2018,0,937,49088,0,1
19302,1,742,49126,0,1
7281835,1,2580,49134,0,0
10481,1,537,49160,0,1
347,1,1067,49163,0,0
30768,1,2524,49171,0,1
55041,0,1668,49273,0,0
2795,1,1744,49280,0,1
6834,0,599,49283,0,1
8721,1,843,49303,0,0
126,0,1081,49339,0,0
4725,1,1952,49347,0,1
1570,0,770,49355,0,0
1364,1,786,49364,0,0
687294,1,2040,49370,0,0
20935,0,2603,49374,0,0
8869,1,273,49383,0,1
27476,1,1197,49385,0,1
45162,1,1261,49391,0,1
617139,0,1387,49398,0,0
424,0,1938,49410,0,0
330,1,1435,49425,0,0
1252,0,511,49431,0,0
2803,1,1166,49498,0,0
4222,0,1315,49507,0,0
243700,0,2923,49535,0,0
1492,1,1846,49540,0,0
8921,1,1751,49546,0,1
870,0,1781,49557,0,0
719230,1,1060,49564,0,0
13583296,0,2099,49589,0,0
6656,1,1026,49610,0,0
3270,0,1673,49655,0,0
23543,0,1422,49676,0,1
556,0,1371,49685,0,0
7755,1,927,49695,0,1
8738,1,597,49697,0,1
29206,1,281,49701,0,1
2384,1,1732,49705,0,0
22629,1,2121,49711,0,0
2479,1,1404,49727,0,0
4709,0,2063,49730,0,0
3685,0,1305,49732,0,1
2885,1,686,49734,0,1
4816,1,1964,49744,0,1
19105,0,2221,49751,0,1
11748,1,1813,49772,0,1
18583,0,779,49776,0,1
13522,1,990,49800,0,1
1418,0,759,49803,0,0
1894,1,1369,49828,0,0
46104,1,957,49831,0,1
4157,1,2067,49842,0,0
3928,1,2087,49850,0,1
5971,0,1623,49867,0,1
1396,0,397,49896,0,0
88185,1,2204,49905,0,1
1047,0,1355,49911,0,0
11925,0,1298,49929,0,1
4451,1,1959,49932,0,1
821,1,1748,49952,0,0
3529,1,208,49972,0,1
4419,1,737,49983,0,1
19050,1,1397,49996,0,1
27602,0,1724,50012,0,1
203,0,376,50023,0,0
6669,1,1947,50044,0,1
8080,1,947,50068,0,1
2345,1,1755,50079,0,1
9383,1,790,50092,0,1
21867,1,2075,50134,0,1
1234,1,1250,50151,0,0
4380,0,2029,50158,1,0
1689,1,1384,50178,0,1
5576,1,1255,50305,0,0
11070,0,2144,50320,0,0
64559,0,1649,50369,0,1
208447,1,2105,50373,0,0
23560,1,2760,50390,0,0
1712,0,1386,50399,0,0
931,0,1968,50431,0,0
1071,1,492,50468,0,0
18299,0,577,50495,0,0
635,0,696,50497,0,0
173811,0,2315,50502,0,0
8180,1,1289,50527,0,1
754,1,1277,50560,0,0
36602,0,1845,50562,0,0
1067,0,1555,50595,1,0
2914,1,1477,50601,0,0
56084,1,1902,50616,0,1
13044,1,1456,50617,0,1
65820,1,1656,50623,0,1
382,0,1313,50629,0,0
437,0,1453,50673,0,0
10013,1,346,50679,0,1
54712,1,1434,50684,0,1
128442,1,1017,50719,0,1
4643,0,283,50752,0,1
877,1,1675,50791,0,0
5895,1,802,50830,0,1
6032,1,1478,50839,0,1
14326,0,2350,50845,0,1
2881,0,1620,50849,0,0
34532,1,1925,50851,0,1
1114,0,1879,50872,0,0
12250,1,1129,50879,0,1
32429,1,973,50910,0,1
26057,1,1962,50927,0,0
35191,1,2074,50973,0,1
7199,1,846,50995,0,0
13579,1,1846,51001,0,0
8349,1,446,51047,0,1
2079,0,923,51064,0,0
18966,1,729,51070,0,1
3475,0,1028,51072,0,1
3080,0,1152,51085,0,1
9476,0,2082,51113,0,1
5014,1,806,51144,0,1
9099,1,383,51167,0,1
43677,1,1520,51182,0,1
4233,0,486,51198,0,1
79,0,982,51224,0,0
2062,1,690,51227,0,1
8801,1,713,51243,0,1
38899,1,727,51244,0,1
29258,1,537,51256,0,1
2475,0,1043,51263,0,0
2057634,1,1210,51280,0,0
253223,1,803,51287,0,1
1826,0,2133,51292,0,0
5154,1,1838,51300,0,1
2290,1,1209,51319,0,1
3821,1,2027,51340,0,1
1063,1,1347,51365,0,0
5488,0,654,51376,0,1
1157,1,1104,51379,0,0
9341,1,2453,51380,0,1
4819,0,1040,51416,0,0
14298,1,959,51425,0,1
5273,1,1007,51451,0,0
523,1,1359,51460,0,0
1740,1,1229,51480,0,1
6805,1,1699,51501,0,0
23663,0,1229,51513,0,1
57071,1,1158,51515,0,0
966,0,1115,51518,0,0
5090,0,814,51541,0,0
2595,1,373,51563,0,1
112040,1,1331,51574,0,1
7786,1,1553,51578,0,1
7339,1,643,51580,0,0
11252,1,2344,51606,0,1
53526,1,1480,51620,0,1
15699,1,1014,51632,0,1
1191,0,1767,51650,0,0
3720963,0,2203,51654,0,0
16524,0,990,51662,0,1
10869,1,646,51667,0,1
3121,1,1660,51674,0,0
10524,0,2097,51676,0,1
1974,0,2017,51745,0,0
1014495,1,925,51751,0,0
13898,0,1881,51764,0,1
9072,1,1362,51765,0,1
9886,0,2284,51780,1,0
38600,0,906,51807,0,1
2324,1,612,51809,0,1
2851,0,1960,51811,0,0
2667,1,775,51822,0,0
3003,1,908,51837,0,1
15924,0,1157,51879,0,1
11206,1,949,51885,0,1
5204,1,1085,51888,0,1
19214,1,678,51897,0,1
7762,1,1809,51901,0,1
1001,1,1870,51903,0,0
25369,1,2442,51912,0,0
70241,1,2348,51920,0,1
30766,0,1954,51928,0,1
25088,0,629,51931,0,1
2482,1,1801,51937,0,0
1309,1,1397,51949,0,0
1665,1,3937,51980,1,0
43029,1,2272,51988,0,0
7858,0,837,51998,0,0
573,1,2304,52021,0,0
31013,1,1373,52022,0,1
3959,0,878,52029,0,0
5221,1,1740,52041,0,1
2685,0,817,52055,0,0
20483,1,641,52102,0,1
11158,0,1959,52143,0,0
719,0,928,52155,0,0
10164,1,739,52157,0,1
30,0,2102,52166,0,0
1058,1,237,52191,0,0
1254,1,1586,52216,0,0
497059,1,1177,52227,0,0
1565588,1,2077,52234,0,0
23227,1,1350,52255,0,1
3191790,1,1011,52288,0,0
23513,1,1873,52315,0,0
497241,1,842,52316,0,0
191018,1,1289,52317,0,1
2932,0,1913,52334,0,0
578,1,560,52375,0,0
1734,1,2053,52415,0,0
6619,0,797,52443,0,1
11545,1,1340,52461,0,1
51469,1,1067,52463,0,1
1314272,1,1164,52464,0,0
7142,1,1542,52493,0,1
20147,1,1256,52496,0,1
5942,0,582,52540,0,1
2297,1,2416,52599,0,0
11485,1,942,52639,0,1
602,0,915,52666,0,0
11372,1,632,52674,0,1
6489,1,741,52684,0,0
1693,1,816,52734,0,1
163140,1,752,52739,0,1
11860,1,1487,52762,0,1
2706,1,324,52816,0,1
24594,0,1823,52830,0,0
25323,1,1426,52835,0,0
5796,1,884,52837,0,1
2959,1,1015,52847,0,0
7085,1,596,52863,0,1
3380,0,375,52868,0,0
2200,1,2040,52871,0,0
6801,1,2028,52887,0,0
12263,1,341,52895,0,1
3333,0,2124,52941,0,0
18421,1,1926,52944,0,1
2177,1,2160,52983,0,0
19258,1,2061,53030,0,1
707,1,1232,53098,1,0
10051,1,1112,53109,0,0
35623,1,1238,53116,0,1
11128,1,657,53120,0,1
1163,0,1448,53143,0,0
45918,1,2152,53213,0,0
1942,1,729,53214,0,1
24221,0,1823,53217,0,0
2600,1,1298,53221,0,0
54225,0,1064,53238,0,1
18800,1,1058,53275,0,0
3853,0,1909,53278,0,1
1442,1,642,53293,0,1
134932,1,2117,53307,0,0
2128,1,991,53344,0,1
4889,1,1485,53345,0,1
12504,0,887,53384,0,1
13721,1,1346,53396,0,1
246,0,1645,53398,0,0
5585,1,1275,53409,0,1
38530,1,1454,53420,0,1
59113,1,1680,53424,0,1
3645,1,925,53426,0,1
2013,1,2160,53441,0,0
8586,1,460,53517,0,1
10516,0,1599,53524,0,0
3338,1,2252,53531,0,0
18470,0,1507,53574,0,1
5600,0,2141,53597,0,1
532,1,747,53601,0,0
1724,0,1520,53672,0,0
75421,1,2228,53694,0,1
40822,1,2043,53704,0,1
3745,0,1784,53716,0,1
21711,1,2236,53718,0,0
1915,0,774,53722,0,1
4992,0,1004,53726,0,1
4543,0,824,53743,0,1
139892,0,985,53751,0,1
10794,1,514,53787,0,1
1117,0,697,53797,0,0
303,0,1061,53829,0,0
15260,0,1230,53833,0,0
1541,0,1737,53856,0,0
9096,0,1472,53867,0,0
271,0,1769,53878,0,0
3277,1,872,53882,0,1
857,1,1537,53895,0,0
9009,1,1409,53916,0,1
3368,0,2086,53936,0,0
1509,0,2287,53940,0,0
62443,1,3537,53947,0,1
129261,1,1304,53948,0,0
1587,1,1219,53969,0,0
33784,1,905,53976,0,1
551,0,1245,53986,0,0
90630,1,1707,54010,0,1
1216,0,996,54020,0,0
157411,0,3374,54029,0,0
21839,1,843,54070,0,1
1450,1,1113,54073,0,0
15189,1,952,54075,0,0
17761,1,1087,54085,0,1
3061,1,1657,54086,0,1
130962,1,2454,54091,0,0
1848,0,818,54126,0,0
1405,1,2152,54128,0,0
24612,0,1986,54184,0,0
278,0,763,54185,0,0
2961,1,1298,54204,0,1
637,1,1012,54209,0,0
1662,1,1439,54301,0,0
94674,1,1438,54321,0,1
10316,1,1674,54327,0,0
4721,1,2185,54363,0,1
1870,1,685,54365,0,0
3751,0,1801,54386,0,1
4887,0,1757,54419,0,1
5475,1,1825,54449,0,0
4488,1,731,54474,0,1
15624,1,1327,54501,0,1
2542,1,1998,54537,0,0
3837,0,1639,54542,0,0
1047988,1,2477,54543,0,0
9381,0,1985,54550,0,1
4454,0,1889,54551,0,0
40106,1,868,54588,0,1
1155,1,1190,54590,0,0
5124,1,1271,54598,0,0
2906,1,1858,54614,0,0
255,0,998,54633,0,0
271218,0,1076,54634,0,0
39094,1,1584,54638,0,0
22372,1,1258,54657,0,1
1996,1,1821,54660,0,0
3690,1,1099,54666,0,1
3898,1,2267,54667,0,0
1072,0,1881,54703,1,0
5604,1,2286,54706,0,1
9129,0,1042,54713,0,1
14882,0,1146,54724,0,0
40603,1,1628,54748,0,1
36519,0,1899,54800,0,1
17650,0,1381,54806,0,1
25559,0,1967,54813,0,1
292563,0,1322,54816,0,0
1275,1,1226,54817,0,0
4802,0,2029,54818,0,1
2579,1,339,54833,0,1
29207,1,1728,54842,0,1
11147,1,1812,54899,0,0
457,0,980,54924,0,0
3176,0,1897,54960,1,0
9318,0,1788,54985,0,1
63324,1,934,54997,0,1
6333,1,1473,55004,0,1
3317,0,1022,55006,0,1
2020,1,640,55009,0,0
823,0,1259,55013,0,0
9757,0,922,55037,0,1
3257,0,1316,55084,0,1
20971,1,1377,55096,0,1
5510,1,1855,55104,0,0
3348,0,1918,55111,0,1
1683,1,586,55114,0,0
17857,1,552,55137,0,1
2859,0,1263,55148,0,0
10698,1,1377,55151,0,1
667,0,880,55159,0,0
5249,1,438,55167,0,1
875,1,637,55171,0,0
10983,1,1354,55230,0,0
2894,0,564,55274,0,1
4909,1,1108,55279,0,0
469,1,384,55285,0,0
14687,1,945,55303,0,1
286,0,1632,55316,0,0
3953,0,2358,55336,0,0
595,1,1302,55355,0,0
52954,0,2722,55397,0,0
11056,0,2551,55434,0,0
2739,1,1965,55469,0,0
7349,1,1286,55479,0,1
374773,0,3067,55502,0,0
1485,1,1333,55515,0,0
11424,1,1080,55584,0,0
6120,1,748,55585,0,1
6224,0,1717,55606,0,1
1943,0,2303,55620,0,1
830,1,1807,55632,0,0
6419,0,1797,55646,0,0
2402,0,932,55680,0,1
9371,1,1607,55681,0,1
2495,1,2032,55708,0,0
4072,1,297,55723,0,1
58296,1,2021,55749,0,1
7624,1,1375,55779,0,1
1065,0,939,55821,0,0
336,1,626,55824,0,0
2008,1,2120,55830,0,0
2270,1,1372,55836,0,1
9240,1,1161,55841,0,1
3369,1,1981,55842,0,0
1826,1,1255,55844,0,1
2844,0,237,55847,0,1
483,0,1452,55865,1,0
13280,1,1186,55881,0,0
14498,1,2397,55893,0,1
9138,1,2285,55895,0,0
675,0,520,55908,0,0
47763,1,802,55910,0,0
112553,1,1987,55911,0,0
16439,0,1444,55919,0,0
1097,0,1481,56033,0,0
9379,1,491,56040,0,1
19587,0,2120,56046,0,1
3381,1,1694,56063,0,1
14167,0,1152,56121,0,0
3161615,0,1901,56146,0,0
513,0,1316,56158,0,0
29570,1,2764,56165,0,1
2868,0,850,56187,0,0
245097,1,1675,56212,0,0
883987,1,1836,56220,0,0
275,1,1857,56233,0,0
27913,1,1354,56241,0,1
1689,0,1345,56265,0,1
23676,1,1038,56267,0,1
296257,1,1135,56273,0,0
437596,1,1461,56277,0,0
219490,1,1400,56284,0,0
13281,1,1641,56327,0,0
8192,1,1721,56375,0,1
21258,1,1476,56389,0,1
8116,1,437,56399,0,1
580,1,988,56402,0,0
3203,1,286,56408,0,1
744,1,1335,56412,0,0
2692,1,1867,56415,0,1
51866,0,1055,56443,0,1
10035,0,2009,56456,0,0
2050,0,2052,56495,0,0
16348,1,2328,56532,0,1
1095,0,987,56533,0,0
138712,1,996,56544,0,0
1363,1,1776,56605,0,1
2188,1,1324,56663,0,0
7665,1,245,56669,0,1
1341,0,928,56691,0,0
9956,0,1599,56729,0,1
7780,0,904,56742,0,0
46258,1,1891,56751,0,1
5990,1,1318,56756,0,1
3585,0,1671,56772,0,1
19474,0,831,56783,0,1
3237,0,2233,56800,0,0
442,0,1603,56848,0,0
34882,1,1776,56857,0,1
87553,0,2447,56909,0,0
1571,1,861,56917,0,0
34594,1,1003,56968,0,1
31747,1,2048,56986,0,1
3548,1,879,56990,0,1
28713,1,1350,57030,0,0
10232,1,1421,57088,0,1
2944,1,636,57143,0,0
4118,0,1792,57156,0,0
96270,0,1198,57171,0,0
8087,0,2816,57174,0,0
6615,1,1146,57179,0,0
7907,0,617,57197,0,1
8053,1,874,57232,0,1
329847,1,1208,57244,0,0
2941,1,1288,57261,0,1
4187,1,1136,57275,0,1
10024,0,1794,57282,0,1
1734,0,1002,57285,0,1
24576,1,2291,57294,0,1
14313,0,1447,57301,0,1
1698,0,225,57316,0,0
12922,0,627,57324,0,1
8830,0,801,57339,0,1
9265,1,1368,57340,0,1
794,0,1689,57403,0,0
2417,0,1296,57442,0,0
883,0,884,57455,0,0
940,0,1034,57467,0,0
9306,1,2312,57546,0,0
16737,0,902,57581,0,0
2667,1,2292,57609,0,1
91626,0,1416,57611,0,1
337,0,231,57641,0,0
4641,1,674,57646,0,1
9839,1,1105,57694,0,1
3285,1,498,57696,0,1
13031,1,2183,57702,0,0
4787,1,2730,57723,0,0
56295,1,1370,57739,0,0
49883,1,1661,57752,0,1
4770,1,2155,57783,0,0
3330,0,510,57886,0,1
14912,0,1672,57933,0,1
79789,1,844,57958,0,1
2052,1,889,57978,0,0
9590,0,2027,57998,0,1
2986,0,1206,58026,0,0
2956,1,1714,58036,0,1
4086,1,1859,58050,0,1
13319,1,1674,58064,0,1
10864,1,2282,58072,0,1
78333,1,533,58081,0,0
12910,0,551,58106,0,0
2440,0,1584,58107,0,1
12246,0,1816,58114,0,0
4821,1,1573,58131,0,1
734,0,684,58164,0,0
1950,1,1689,58167,0,0
1229,0,2088,58229,0,0
253,1,2280,58233,0,0
1095,0,910,58254,0,0
7965,1,548,58269,0,1
7319,1,1160,58293,0,0
16644,1,512,58310,0,0
37903,1,1837,58313,0,1
4293,1,1790,58315,0,0
1382,0,1889,58323,0,1
1568,0,762,58332,0,0
21867,1,1155,58333,0,1
4785,1,1776,58377,0,0
4014,1,746,58390,0,1
54593,1,1640,58393,0,0
2280,1,1179,58408,0,0
170,1,930,58409,0,0
1314,0,296,58454,0,0
861,0,1020,58458,0,0
97838,1,1457,58465,0,1
1614,1,2028,58482,0,1
855,1,1987,58487,0,0
6041,1,492,58495,0,1
23561,1,2103,58533,0,1
2093,1,1331,58549,0,0
3874,1,1453,58563,0,0
1438606,1,2040,58568,0,0
1078,1,381,58589,0,1
6653,1,1712,58606,0,0
1403,1,850,58663,0,0
6572,1,2116,58694,0,1
4071,1,1517,58698,0,1
1918,1,410,58713,0,0
66186,0,2210,58744,0,1
3554,0,1551,58750,0,0
816,0,1492,58786,0,0
3424,1,837,58788,0,0
10224,1,1519,58833,0,1
2906,1,484,58842,0,1
20576,1,774,58859,0,1
2617,1,1113,58871,0,0
42259,0,448,58916,0,1
21907,1,1468,58945,0,1
81216,1,612,58946,0,0
22871,1,945,58978,0,1
442,1,1639,58990,0,0
2234,0,2352,59005,0,1
46654,1,1217,59016,0,1
11872,1,1359,59025,0,1
64775,1,1199,59051,0,1
9308,1,857,59077,0,1
1820,1,2265,59078,0,1
17855,1,587,59105,0,1
2356,1,704,59132,0,0
93654,0,1688,59147,0,0
4954,1,839,59161,0,1
11181,1,1680,59211,0,1
3093,1,1976,59217,0,1
1652,0,927,59218,0,0
8662,1,1563,59250,0,1
14411,0,1909,59264,0,1
142387,0,1592,59295,0,1
17871,0,2713,59311,0,0
1100,0,2051,59312,0,0
220,0,1034,59338,0,0
17457,0,1467,59356,0,1
3327,0,1722,59377,1,0
3072,0,254,59388,0,0
1602,1,2062,59483,0,0
5293,1,516,59484,0,1
1201,0,1318,59495,1,0
1442119,1,1628,59499,0,0
12253,1,578,59500,0,1
2057567,0,2428,59502,0,0
2310383,1,2141,59509,0,0
57429,0,1265,59515,0,0
7923,0,2192,59554,0,1
165971,1,687,59633,0,1
717,1,960,59644,0,0
19480,1,1153,59650,0,1
258515,1,2030,59671,0,0
4759,0,1940,59699,0,0
8061,1,1250,59705,0,1
6846,0,1463,59739,0,0
13589,1,1357,59743,0,1
16940,1,2270,59764,0,1
5484,1,617,59766,0,1
1210,1,2043,59767,0,0
5993,1,1280,59782,0,0
7588,0,1362,59783,0,0
9714,1,1149,59793,0,1
2969,0,2114,59806,0,1
11000,1,531,59817,0,1
4808,0,2115,59844,0,1
15390,1,438,59851,0,1
2533,1,1993,59874,0,1
3410,0,2035,59876,0,0
72941,1,2223,59879,0,0
15886,1,248,59915,0,1
977,0,1218,59918,0,0
26107,1,1001,59928,0,1
2792,1,1948,59948,0,1
370,0,478,59950,0,0
7059,0,1089,59965,0,1
10002,0,2382,59980,0,0
43452,1,1586,59981,0,1
5724,1,845,60007,0,1
12937,1,869,60018,0,1
10346,1,2318,60028,0,1
1010,1,1429,60033,0,0
40350,1,1375,60036,0,1
53414,0,1082,60041,0,1
64768,1,1552,60048,0,0
6211,1,1245,60060,0,1
2410,0,704,60061,0,1
5775,1,889,60073,0,1
3240,1,1332,60077,0,0
29203,1,2299,60084,0,1
1874,1,2527,60120,0,1
4694,1,2067,60123,0,0
94952,1,2113,60127,0,1
15299339,1,2230,60130,0,0
12209,0,1464,60154,0,1
11836,1,2141,60158,0,0
26899,0,1988,60176,0,1
30859,0,1492,60187,0,0
2211,1,977,60209,0,0
5645,1,1576,60220,0,0
1967,0,586,60243,0,1
14885,1,1347,60248,0,1
21933,0,339,60249,0,1
12545,1,1966,60261,0,1
22602,0,1582,60262,0,1
1843,0,208,60280,0,1
639,1,1891,60292,0,0
51361,1,2376,60331,0,0
21067,0,2148,60341,0,0
13133,1,1695,60342,0,1
412,0,1259,60346,0,0
31169,1,669,60382,0,1
241676,1,837,60437,0,0
4793,0,1508,60446,0,1
15746,1,1436,60453,0,1
30926,1,1893,60490,0,1
139153,1,1435,60492,0,1
555253,0,3104,60521,0,0
12561,1,2230,60538,0,1
597,1,2245,60547,0,0
911,1,2787,60582,1,0
1775,0,1637,60629,0,0
1105,0,670,60630,0,0
12536,0,2024,60637,0,1
858885,1,1335,60643,0,0
27626,1,2143,60644,0,1
13331,1,1773,60653,0,1
14740,0,610,60693,0,1
18316,1,2096,60697,0,1
1552,0,2200,60720,0,0
9289,0,1337,60730,0,1
21188,1,1225,60751,0,0
2174,1,178,60756,0,1
735,0,1352,60761,0,0
4205,1,864,60789,0,1
3812,0,1293,60816,0,0
1724,0,1255,60829,0,0
34737,0,1211,60839,0,1
12653,1,1790,60863,0,0
5376,1,1900,60884,0,1
8175,1,1494,60913,0,1
4159,1,2691,60919,0,1
34174,1,1536,60933,0,1
8432,0,1472,60964,0,0
67955,1,964,61086,0,1
4291,1,1103,61103,0,1
19206,1,2015,61108,0,0
9549,0,960,61110,0,1
2396,1,554,61115,0,0
1237,1,1691,61119,0,0
665,0,1836,61120,0,0
739,0,1373,61144,0,0
132290,1,2496,61147,0,0
1786,1,2206,61157,0,0
425,1,806,61170,0,0
11908,1,1880,61185,0,1
34359,0,572,61187,0,1
4856,1,2598,61201,0,0
1183951,0,2557,61204,0,0
3546,0,987,61234,0,0
1490,1,2468,61257,0,0
11615,0,2026,61272,0,0
14509,1,1288,61273,0,1
25517,0,1743,61278,0,1
38535,1,999,61280,0,1
930,0,1367,61340,0,0
367,0,885,61356,1,0
6091,0,1452,61386,0,1
956,1,1502,61396,0,0
19473,1,1401,61408,0,1
5446,0,1299,61428,0,1
52401,1,1454,61429,0,1
564,1,1472,61460,0,0
1121,1,177,61475,0,0
609,0,457,61478,0,0
1464,1,1655,61497,0,0
27668,1,1065,61515,0,1
13436,1,2343,61567,0,0
117191,1,2928,61588,0,1
80430,1,2895,61592,0,1
86524,1,1721,61598,0,1
7404,1,1992,61608,0,1
1945,0,1893,61611,0,0
44008,1,2116,61619,0,1
793687,0,2025,61625,0,0
5228,0,1528,61661,0,1
8118,1,2365,61683,0,1
309,0,890,61703,0,0
11752,1,1700,61707,0,1
17857,1,1994,61709,0,0
30118,1,1088,61749,0,1
12321,1,1832,61754,0,1
2892,0,1657,61775,0,0
1075,0,1774,61777,0,0
2462,0,1934,61781,0,0
2642,1,588,61803,0,1
352878,0,1375,61818,0,0
163594,0,822,61838,0,0
318116,0,1302,61839,0,0
39906,1,1472,61842,0,1
112264,0,2481,61861,0,1
2089,1,1064,61876,0,1
40864,0,1555,61910,0,1
8735,1,1386,61919,0,0
94440,1,1808,61934,0,1
430435,1,819,62035,0,0
8736,1,2673,62040,0,1
2135,0,1613,62044,0,0
11087,0,2316,62048,0,0
1556,0,1644,62051,0,0
61738,1,1664,62132,0,1
33026,1,1965,62135,0,1
7510,0,2960,62139,0,1
444327,0,1423,62160,0,0
4294,1,513,62181,0,1
2069,1,1212,62198,0,0
3400,0,2316,62218,0,0
3390,1,1739,62219,0,0
71782,1,1712,62251,0,1
7860,1,1627,62310,0,1
9583,0,1278,62312,0,0
2860,1,1428,62314,0,1
8818,1,968,62332,0,0
1596,0,256,62336,0,0
372,1,1843,62341,0,0
709540,0,1778,62346,0,0
2893,0,272,62347,0,1
856,0,1571,62358,0,1
520,0,1224,62426,0,0
12010,1,426,62448,0,1
4083,0,2405,62454,0,0
769,1,1884,62471,0,0
1728,0,363,62527,0,1
5954,1,2171,62550,0,1
1978140,0,1601,62655,0,0
1689,1,2087,62700,0,1
9979,1,2285,62721,0,0
3188,0,1359,62723,0,1
4308,0,1259,62870,0,0
13720,1,1374,62907,0,1
48959,1,753,62929,0,1
17490,1,2059,62938,0,1
4836,1,1161,62950,0,0
11893,1,749,62977,0,1
5463,0,1979,62993,0,0
1817,0,924,62996,0,0
13799,0,714,63044,0,1
2887,0,761,63060,0,0
747,0,173,63064,0,0
952,1,1927,63093,0,0
50442,1,2258,63114,0,0
7407,0,2068,63117,0,1
21771,1,653,63126,0,1
6405,1,1508,63141,1,0
136758,1,1157,63142,0,1
247978,1,1145,63143,0,1
2465515,1,2512,63159,0,0
3235,1,2023,63185,0,1
16129,1,799,63253,0,1
1073,1,863,63258,0,1
54416,1,2298,63261,0,1
3125,1,1703,63281,0,0
401,0,1036,63289,0,0
51420,1,1776,63306,0,1
14475,0,393,63307,0,1
2713,1,1861,63324,0,0
4445,1,1322,63343,0,1
10032,1,1382,63381,0,0
3211,0,1237,63419,0,0
8303,1,2182,63441,0,1
25600,1,1434,63460,0,1
25460,1,2013,63472,0,1
227188,0,1412,63477,0,1
19501,1,671,63478,0,1
11298,1,1070,63497,0,1
30398,1,1689,63521,0,0
5963,1,511,63559,0,1
2494,1,759,63601,0,1
56333,1,714,63606,0,1
387,0,786,63609,0,0
352807,1,1418,63634,0,0
7731,0,1361,63653,0,0
1575,0,1377,63657,0,0
1724,0,860,63674,0,0
9305,0,809,63690,0,0
26581,1,2372,63733,0,1
2000,0,1908,63753,0,1
4254,1,787,63793,0,0
2474,0,1545,63801,0,1
311397,1,870,63807,0,0
739864,1,1651,63832,0,0
12504,1,637,63835,0,1
29346,1,527,63902,0,1
1603,0,1345,63925,0,0
42679,0,1163,63945,0,1
9003,1,1447,63950,0,1
650,0,1950,63955,0,0
3136503,0,3116,63960,0,0
6415,1,2142,63963,0,0
20261,0,2646,63969,0,0
1095290,1,1354,63998,0,0
2860,1,1151,64009,0,0
2401,1,1297,64020,0,1
6476,1,1354,64046,0,1
2393,1,1273,64049,0,0
1432,1,1110,64068,0,0
1323,0,333,64092,0,1
18879,1,1923,64094,0,1
158440,0,2208,64095,0,0
3523,0,3099,64107,0,0
2196,0,346,64110,0,1
99281,1,1483,64136,0,1
34826,1,2099,64139,0,1
894,1,2441,64140,0,0
4240,0,1533,64148,0,1
1770,0,1516,64215,0,0
1263,0,2106,64257,0,0
875,1,1223,64280,0,0
4267,1,1997,64293,0,1
4983,0,1928,64314,0,1
23226,1,1779,64332,0,1
176,0,1251,64342,1,0
4792,1,1521,64363,0,0
8378,1,299,64390,0,1
1278,1,1338,64395,0,1
5280,0,317,64428,0,1
4597,1,503,64433,0,1
23372,0,1664,64450,0,0
2019,0,1616,64468,0,0
353,0,795,64474,0,0
14454745,0,2053,64490,0,0
5465,1,726,64509,0,1
10892,0,2823,64528,0,0
1624,0,1626,64537,0,1
30125,1,2393,64569,0,1
1076,1,1738,64627,0,0
2312,1,1596,64703,0,0
371923,0,678,64704,0,0
3874,1,1073,64715,0,1
3868,0,1265,64730,0,0
7615,1,543,64739,0,1
4890,1,2228,64746,0,1
152,1,1266,64760,0,0
8216,1,486,64763,0,1
7196,1,741,64772,0,1
81706,1,732,64773,0,1
4321,1,775,64777,0,1
680,0,463,64812,0,0
5072,1,1092,64862,0,1
179729,1,493,64864,0,0
28053,0,2379,64909,0,1
4109,0,1380,64912,0,0
10128,1,916,64940,0,0
14003,1,1205,64988,0,1
26050,1,830,65004,0,1
691,1,190,65045,0,0
4677,0,1368,65080,0,1
3190,0,237,65082,0,1
2090,0,178,65099,0,1
9282,1,1472,65107,0,0
5057,1,1256,65144,0,1
1511,0,1273,65147,0,0
1441,1,1224,65225,0,0
1093,0,1815,65229,0,1
4936,0,2004,65244,0,1
46334,1,828,65249,0,0
6423,1,2182,65264,0,1
18869,1,814,65320,0,1
3160,0,530,65340,0,1
5167,1,910,65360,0,1
14236,0,2107,65374,0,0
7615,1,973,65427,0,1
542770,0,1594,65544,0,0
17659,1,2002,65563,0,1
406,0,1711,65614,0,0
5313,1,1891,65618,0,1
15259,0,1805,65628,0,0
2161,0,1806,65634,0,0
27178,1,971,65643,0,1
8570,1,628,65682,0,1
247,1,1895,65689,0,0
33222,1,2294,65695,0,1
11594,1,1878,65697,0,1
11035,1,659,65713,0,1
535986,0,1982,65720,0,0
943,0,2099,65730,0,0
2807,0,1139,65732,0,0
39159,1,2033,65774,0,1
1378,1,1873,65809,0,0
2995,1,1585,65820,0,1
7873,1,2398,65826,0,0
338399,0,2656,65837,0,0
3455,1,2032,65880,0,1
12498,1,1964,65886,0,0
727,0,1539,65896,0,0
14553,1,1366,65897,0,1
2240,1,628,65911,0,1
1503,1,930,65945,0,0
95,1,1453,65971,0,0
7837,0,1973,65974,0,0
3058,1,1076,66018,0,0
3384,1,1030,66023,0,0
10476,0,1378,66032,0,1
24762,1,1427,66036,0,1
7061,1,1533,66048,0,1
5575,0,1527,66070,0,0
3840,1,2020,66084,0,1
7500,1,2068,66110,0,1
12476,1,1068,66157,0,1
3913,1,839,66205,0,1
1393,0,1947,66219,0,0
364,0,1775,66289,0,0
5126,1,1779,66293,0,1
2612,0,990,66301,0,1
1417631,1,1580,66310,0,0
386910,1,3455,66337,0,0
7068,0,2158,66354,0,0
1425656,0,1448,66355,0,0
68345,1,568,66375,0,0
11805,1,1426,66385,0,1
639,0,1406,66405,0,0
1870,1,1293,66428,0,0
33240,1,1524,66437,0,0
659,0,1566,66453,0,0
46446,1,1209,66476,0,1
2256,0,645,66478,1,0
57986,1,702,66494,0,1
8007,1,1490,66507,0,1
24262,1,1927,66533,0,1
4444,1,691,66537,0,0
6268,0,2029,66560,0,1
2118,1,1416,66567,0,0
48450,1,995,66609,0,1
25292,0,2029,66633,0,1
2147,1,501,66634,0,1
341812,1,1724,66651,0,1
1261,0,1390,66654,0,0
9211,1,1565,66662,0,1
13466529,0,1805,66699,0,0
2083,1,1057,66703,0,0
2614,1,1305,66770,0,0
1068,0,492,66837,0,0
4587,1,643,66887,0,0
12145,0,1882,66917,0,1
28621,1,1365,66938,0,0
3779,1,304,66989,0,1
1016,0,909,67057,0,0
22787,1,410,67085,0,1
239,1,1515,67110,0,0
38864,1,1686,67189,0,1
3016,0,964,67190,0,0
22088,1,2175,67234,0,1
598,0,1775,67301,0,0
1561,1,1435,67317,0,0
20633,0,1190,67350,0,1
692,1,1493,67351,0,0
5665,1,1151,67362,0,1
2832,0,313,67380,0,0
1780,0,752,67402,0,1
16961,1,1864,67404,0,1
73450,1,1633,67408,0,1
2865,1,1071,67487,0,1
1170,0,1030,67525,1,0
2994,1,843,67535,0,0
12158,1,964,67541,0,1
2353,0,396,67571,0,0
3398,0,1745,67585,0,0
2094,0,888,67600,0,0
2645,1,1596,67639,0,0
1311,0,204,67645,0,1
2342,1,579,67654,0,0
1583,1,1554,67689,0,1
1411,0,762,67707,0,0
1111,1,1588,67734,0,0
33411,1,1388,67743,0,1
195423,1,1021,67746,0,0
21557,0,841,67748,0,1
36277,1,2128,67754,0,1
3291,1,2064,67794,0,1
6707,1,1282,67816,0,1
7933,1,721,67852,0,1
6825,1,2004,67873,0,0
3962,0,2057,67885,0,0
2475,0,1507,67910,0,0
4741,1,1002,67931,0,1
734,0,2040,67940,0,0
1574,0,980,67964,0,1
18038,1,999,67998,0,1
2047,0,912,68054,0,0
12085,0,1463,68055,0,1
56648,0,1431,68094,0,1
709,0,1615,68108,0,0
3953,1,1169,68120,0,1
26242,1,1275,68123,0,1
18671,1,1606,68131,0,1
320,0,695,68152,1,0
12071,1,1265,68155,0,0
4871,1,1226,68171,0,1
12376,1,1929,68202,0,1
1980,0,1050,68220,0,0
22102,1,1439,68223,0,0
5086,1,1956,68231,0,1
20642,0,1526,68244,0,1
6501,1,1154,68274,0,0
2158,0,332,68278,0,1
2241,1,227,68281,0,0
22702,1,2014,68319,0,0
2976,1,168,68327,0,1
5375,1,1540,68335,0,1
2523,1,741,68346,0,1
8347,1,1628,68355,0,1
34990,0,1369,68360,0,1
3442,0,1846,68362,0,1
52948,0,1822,68380,0,1
49411,0,1412,68411,0,1
1709,0,1010,68412,0,1
6061,0,646,68419,0,0
1632,0,239,68426,0,1
27265,1,2871,68451,0,0
576467,1,1786,68458,0,0
505,0,556,68466,0,0
21327,1,1760,68495,0,0
4475,1,1226,68511,0,0
1908,0,1297,68515,1,0
6080,1,1238,68537,0,1
34808,1,1030,68626,0,1
414,0,600,68627,0,0
965,1,628,68637,0,0
2060,1,229,68654,0,0
51333,1,1495,68662,0,1
22662,1,1281,68681,0,1
4793,1,475,68712,0,1
11508,1,1353,68742,0,1
741270,0,2378,68776,0,0
983,0,2079,68791,0,1
11363328,0,2020,68792,0,0
12946,1,1149,68826,0,1
1236,1,1298,68867,0,0
2104276,0,2618,68933,0,0
590,0,1227,68951,0,0
2472,0,1382,68955,0,1
224569,1,1418,68968,0,0
571,0,1628,68969,0,0
2491,1,841,68989,0,1
1498,1,1008,68993,0,1
1848,1,2985,69002,0,0
1218,1,997,69016,0,0
6188,0,625,69035,0,0
12684,0,2056,69042,0,0
9268,1,3124,69107,0,1
12594,1,1527,69112,0,0
267,0,1310,69122,0,0
22585,0,1058,69126,0,1
637786,1,1543,69146,0,0
1509,1,1374,69171,0,0
16046,0,2614,69172,0,1
9233,0,992,69204,0,1
383,1,676,69213,0,0
1116,1,806,69224,0,0
2718,1,723,69237,0,1
7003,1,1337,69274,0,0
5987,0,1975,69279,0,1
990,1,1474,69285,0,0
27305,0,450,69298,0,1
1533,0,1318,69328,0,1
665,0,887,69332,0,0
29850,1,1913,69364,0,0
8753,0,555,69396,0,1
24588,1,1408,69397,0,1
21527,1,2247,69430,0,1
7475,1,1362,69455,0,0
12184,1,1437,69495,0,1
135,0,548,69514,0,0
7237,1,1186,69516,0,1
15436,1,672,69554,0,1
2817,1,1567,69559,0,0
3375,1,2022,69612,0,1
2246,0,1516,69614,0,0
3999,1,1667,69675,0,1
18414,0,1145,69687,0,1
1081431,1,2506,69727,0,0
1158,0,261,69746,0,0
1389,1,936,69781,0,0
4425900,1,2747,69799,0,0
14414,1,2041,69816,0,0
2419,1,810,69828,0,1
68999,1,1816,69846,0,1
2289,0,543,69847,0,1
175655,1,1874,69848,0,1
3587,0,854,69849,0,0
6686,0,2338,69868,0,1
2485,0,191,69879,0,0
7110,0,2175,69884,0,0
11923,1,921,69913,0,0
991,0,2096,69933,0,0
5236,0,1412,69953,0,1
37048,0,2233,69969,0,1
6175,1,1393,69979,0,0
1607,1,1482,69980,0,0
45237,1,1009,70005,0,1
12342,0,1018,70026,0,1
4020,1,1184,70041,0,1
2599,1,442,70049,0,1
1994817,1,2046,70059,0,0
486,0,486,70087,0,0
334931,1,1177,70094,0,0
12641,1,566,70095,0,1
2167,1,567,70106,0,1
4964,1,2219,70124,0,1
9137,1,2347,70148,0,1
2830,1,781,70169,0,0
16834,1,1915,70183,0,1
6004,1,704,70184,0,1
7084,1,595,70187,0,1
56323,1,2771,70190,0,1
8241,0,1007,70191,0,0
1359,0,525,70206,0,1
14508,0,2578,70208,0,0
7895,0,533,70256,0,1
8244,0,2218,70258,0,1
2389,1,1264,70263,0,0
3435,1,1245,70267,0,1
3203,1,680,70289,0,1
29441,1,354,70324,0,1
81,1,1105,70346,0,0
5483,1,2428,70387,0,1
962,1,735,70403,0,0
724,1,1480,70513,0,0
4830,0,2267,70524,0,1
3434,1,1722,70557,0,1
28922,0,1845,70568,0,1
4751,1,674,70579,0,1
5072,0,1824,70612,0,1
5723,0,1294,70636,0,1
20121,1,572,70637,0,1
7915,1,1245,70657,0,1
826,1,2141,70659,0,0
13356,1,2198,70678,0,1
17459,1,918,70683,0,0
126330,0,1714,70773,0,1
4445133,1,1549,70777,0,0
4969,1,1404,70778,0,1
16197,1,1588,70799,0,1
22354,1,1987,70821,0,0
6373,1,1089,70825,0,1
260549,1,1318,70831,0,0
2476,0,807,70835,0,0
4012,1,2313,70837,0,0
18921,1,625,70862,0,1
7824,0,966,70923,0,0
7601,1,552,70941,0,1
1399,1,797,70952,0,1
17648,1,1280,71000,0,1
31589,0,1796,71023,0,0
5325,0,655,71039,0,1
324,1,279,71072,0,0
12319,1,2828,71074,0,0
6923,1,911,71096,0,1
692,0,536,71097,0,0
623,0,1718,71123,0,0
203329,1,921,71128,0,0
701,1,781,71129,0,0
800,0,1755,71135,0,0
2466,0,1092,71139,0,1
1615,0,983,71155,0,0
5252,1,2154,71187,0,0
2856,0,614,71214,0,1
1328,0,2729,71219,0,0
9011,0,1851,71267,0,0
828,0,1370,71277,0,0
2463,1,1509,71289,0,1
6416,1,2068,71299,0,0
735,1,602,71325,0,0
12255,0,723,71337,0,1
70014,0,1336,71388,0,1
5579,1,632,71429,0,1
10193,1,2195,71448,0,1
49883,0,2298,71462,0,1
71676,1,1698,71478,0,1
239,1,1150,71480,1,0
1088,0,861,71487,0,0
10213,1,835,71507,0,1
1367,0,492,71509,0,0
741906,0,1480,71562,0,0
3071,1,1127,71591,0,1
8026,0,1172,71595,0,0
1215,0,1086,71603,0,0
7695,0,1076,71614,0,1
5644,0,1556,71622,0,0
5381,1,2292,71649,0,1
8696,0,641,71650,0,1
11184,1,1264,71670,0,0
69623,1,1389,71678,0,1
11179,0,1622,71704,0,1
4961,0,953,71717,0,0
5856,1,2319,71749,0,1
28421,0,1313,71763,0,1
1468,1,1739,71766,0,1
32123,1,2179,71794,0,1
55715,1,643,71802,0,1
3889,0,1125,71812,0,1
3511,0,2034,71848,0,0
43235,1,1944,71880,0,1
11606,0,1110,71884,0,1
2117,0,1358,71919,0,1
2554,1,1684,71957,0,1
179798,1,1319,72032,0,1
831,0,1675,72043,0,0
3746,0,2009,72078,0,0
15665,1,1744,72091,0,0
302763,1,1729,72108,0,0
1112,1,1075,72110,0,1
3279,0,1938,72174,0,1
2695,1,1641,72175,0,1
3717,1,1198,72188,0,1
45016,1,1870,72219,0,0
10378,1,793,72240,0,1
1643,0,1330,72267,0,0
4046,1,1381,72282,0,0
3698,0,1235,72297,0,0
39216,1,2308,72302,0,1
655,1,2013,72331,0,0
6942,1,937,72338,0,1
16004,1,2400,72348,0,0
1323,0,958,72350,0,0
1721,1,510,72379,0,0
4276,1,1085,72404,0,0
1486,1,645,72407,0,0
2826,1,1752,72417,0,0
2132,1,825,72419,0,0
83765,1,2453,72425,0,0
11008,0,1101,72430,0,1
3101,0,773,72437,0,1
1381,0,758,72449,0,0
2142,1,637,72470,0,1
123496,1,1242,72480,0,1
10747,1,771,72517,0,1
1692,1,937,72533,0,0
53588,1,424,72553,0,1
4404,1,1966,72637,0,0
524,1,768,72703,1,0
30458,1,1896,72730,0,1
18222,1,2593,72732,0,1
72311,1,826,72736,0,1
1180,0,2271,72737,0,0
1053,0,552,72742,0,0
18624,1,1290,72743,0,1
8398,0,1213,72752,0,1
13523,1,1329,72779,0,1
302,1,1222,72801,0,0
2219,1,2504,72820,0,0
3075489,1,1307,72822,0,0
724,1,2033,72838,0,0
1177,0,895,72842,0,0
3931,0,898,72854,0,0
6645,1,1622,72869,0,1
5008,1,2182,72871,0,1
31966,0,2657,72882,0,1
8899,1,1994,72888,0,1
1124,0,1968,72928,0,0
62480,0,2194,72947,0,0
2104,1,2391,72957,0,0
40487,1,1375,72972,0,1
1170,0,1332,73005,0,0
7291,1,1024,73022,0,1
1226,1,856,73032,0,0
6927,1,2287,73042,0,1
3560,0,298,73079,0,1
868,0,622,73157,1,0
8357,1,530,73178,0,1
8700,0,1863,73183,0,1
11699,1,925,73214,0,1
18153,1,1738,73234,0,0
750,1,1173,73237,0,0
4904,1,735,73262,0,1
5652,0,2196,73290,0,0
2103,0,800,73322,0,1
1241,0,2016,73333,0,0
74187,1,1143,73334,0,1
989,1,998,73337,0,0
9815,1,1478,73348,0,1
2189,1,1232,73359,0,0
34912,1,1229,73368,0,1
24354,1,1271,73375,0,0
879,1,1554,73387,0,0
49,0,1722,73400,0,0
2334,1,1170,73423,0,1
989,0,1273,73439,0,0
12753,1,547,73452,0,1
968,0,1387,73471,0,0
3159,0,468,73484,0,1
5452518,1,2394,73511,0,0
266,0,1450,73583,0,0
6007,0,1076,73584,0,1
1334,0,1257,73587,0,0
2532,1,2239,73596,0,0
16922,0,1864,73609,0,1
476,0,1402,73618,0,0
7133,0,603,73629,0,1
5322,1,1815,73635,0,1
1840,1,2133,73643,0,0
31664,1,1301,73681,0,1
101801,1,1461,73688,0,1
8390,1,2377,73720,0,1
1645,1,632,73741,0,1
22399,1,2586,73771,0,0
1478,0,1880,73790,1,0
11536,1,899,73797,0,1
2147,1,319,73827,0,1
634,0,1918,73844,0,0
3214,0,1933,73854,0,0
120082,1,2129,73864,0,0
15599,0,1484,73870,0,0
4784,1,1167,73872,0,1
491,0,1182,73887,0,0
280,1,262,73898,0,1
5199,1,1762,73908,0,1
4294,0,963,73927,0,1
1950,0,1510,73929,0,0
4719,0,640,73947,0,0
21298,1,1976,73956,0,1
1307,1,460,73959,0,0
3550,1,964,73961,0,1
2547,0,873,73974,0,1
3026,0,1867,73987,1,0
508,1,162,74017,0,0
456467,0,1814,74068,0,0
12269,0,1054,74069,0,1
9591,1,1228,74072,0,1
1479,0,804,74099,0,0
3154,0,1512,74148,0,1
15340,1,1256,74162,0,0
4637,1,1431,74173,0,1
2569,1,2008,74174,0,0
1067,0,513,74182,0,1
6305,1,1259,74256,0,1
4088,0,375,74260,0,0
3787,1,775,74268,0,1
111471,1,2356,74303,0,0
3525,0,2136,74304,0,0
654,1,900,74332,0,0
7471,1,1553,74334,0,1
487,0,923,74353,0,0
10179,1,2184,74358,0,1
277467,0,1440,74400,0,1
7810,0,959,74408,0,1
277332,0,1181,74419,0,1
2664,1,536,74480,0,1
4993,1,679,74491,0,1
1732,0,1253,74495,0,0
1942,1,1219,74570,0,0
4226,1,1201,74576,0,1
5689,0,923,74586,0,1
786,1,533,74612,0,0
2133,0,1428,74622,0,0
56940,1,1639,74654,0,0
525,1,726,74657,0,0
9490,1,1152,74694,0,0
31726,0,1213,74707,0,0
1741,1,1666,74717,0,1
20652,1,1254,74719,0,1
2586,0,2232,74751,0,0
15866,1,2422,74815,0,1
862,0,269,74822,0,0
11843,1,2112,74826,0,1
5214,1,311,74881,0,1
181,0,513,74891,0,0
532,0,214,74921,0,0
580,0,481,74932,0,0
3865,1,962,74967,0,1
177,0,1991,75034,0,1
3459,1,923,75035,0,0
3952,1,1385,75036,0,0
100394785,0,2065,75091,0,0
1019,0,1077,75156,0,0
5091,0,402,75166,0,1
3502,0,1240,75167,0,1
366,0,2011,75177,0,0
427,0,1239,75237,0,0
4742,1,2301,75255,0,1
23048,1,1490,75286,0,1
157084,1,2573,75301,0,0
989,1,1462,75334,0,1
2493,1,766,75345,0,0
3877,1,625,75367,0,1
6048,1,1982,75379,0,1
6081,0,2650,75387,0,1
1094,0,900,75420,0,0
2795,0,2258,75432,0,0
9648,1,946,75448,0,1
13090,0,2895,75468,0,0
15341,0,1277,75477,0,1
11452,1,2065,75478,0,0
359,0,467,75494,0,0
110437,1,2270,75542,0,1
2680,0,1460,75546,0,0
5535,0,1391,75551,0,0
24804,1,2474,75569,0,1
5827,1,1564,75616,0,1
11483,1,615,75643,0,1
12872,1,989,75650,0,1
5651,0,1795,75658,0,0
12511,1,1709,75667,0,1
1694,0,1770,75669,0,0
723,1,1028,75693,0,0
4599,0,865,75707,0,0
2136,1,914,75761,0,0
8173,1,1320,75765,0,1
486,0,777,75768,0,0
6995,0,958,75794,0,1
559,0,185,75805,0,0
666,1,2068,75806,0,0
3696,0,1038,75813,0,0
9207,1,560,75815,0,1
1408,0,543,75828,0,0
581,0,1813,75829,1,0
64374,1,1015,75852,0,1
13831,1,899,75894,0,1
5277,1,1991,75909,0,0
9519,0,1295,75916,0,1
82063,0,1549,75928,0,1
82045,1,2258,75988,0,1
2355,0,1028,76035,0,0
1394,0,926,76058,0,0
1226930,1,2635,76064,0,0
1096,0,1987,76086,0,0
2061,0,1095,76109,0,1
5554,0,2073,76135,0,0
5277,1,817,76174,0,1
2931,0,2071,76193,0,1
14938,1,1390,76201,0,1
6724,1,1765,76247,0,1
64150,1,1020,76251,0,1
1426,0,1552,76265,0,0
14286,1,2095,76288,0,0
32790,1,2092,76298,0,1
8291,0,1298,76306,0,1
3961,1,1710,76341,0,1
5100,0,1252,76414,0,1
3144,1,1385,76436,0,1
10863,1,2439,76449,0,1
10702,1,2267,76453,0,1
1251,0,1732,76502,0,0
5935,0,443,76514,0,1
123672,1,2295,76519,0,0
10150,1,1591,76525,0,1
15549,1,2080,76558,0,0
1128,0,1270,76580,0,0
18101,1,1375,76592,0,1
63537,1,2013,76597,0,1
4539,0,1171,76622,0,1
1978,0,1402,76625,0,0
18950,1,2371,76631,0,1
11526,1,1386,76636,0,1
37676,1,1261,76679,0,1
2497,1,2284,76684,0,0
8114,1,1237,76686,0,1
28367,0,1786,76696,0,0
1098,0,1579,76718,0,0
17705,0,1827,76724,0,0
1751,0,1627,76738,0,0
2323,0,956,76816,0,0
1086,0,1020,76846,0,0
17243,1,1682,76851,0,1
9910,1,528,76882,0,0
63377,1,876,76898,0,1
54454,0,1487,76901,0,1
652,0,1574,76913,1,0
5950,1,1148,76917,0,1
2811,0,1166,76926,0,0
2583,1,1959,76929,0,1
1719,0,1252,76935,0,1
1870,1,1363,76951,0,0
757203,1,1544,76989,0,0
30688,1,725,76999,0,1
18197,1,1044,77008,0,1
6407825,1,2621,77010,0,0
5804,0,903,77020,0,1
369,1,1639,77029,0,0
35563,1,1547,77068,0,1
2524,1,1863,77080,0,1
34423,1,685,77096,0,1
10372,1,701,77113,0,1
1510809,1,1739,77139,0,0
2849,1,841,77146,0,1
2235,1,585,77151,0,1
5022,1,2298,77188,0,1
18066,0,380,77189,0,1
954,0,2857,77192,0,0
4734,1,1436,77216,0,1
7365,1,1425,77245,0,1
4866,1,928,77252,0,0
59840,1,1372,77287,0,0
2338,1,1967,77295,0,0
6857,1,640,77299,0,1
1991,1,347,77305,0,1
4785,0,628,77317,0,1
1594,1,729,77362,0,0
1333,0,1917,77363,0,0
1725,0,2004,77375,0,1
8984,0,1505,77397,0,0
38839,0,2217,77398,0,0
4341,0,398,77402,0,1
42920,1,2126,77413,0,1
6828,1,1710,77452,0,0
70216,1,1412,77475,0,0
5373,1,1454,77525,0,1
38553,1,1917,77545,0,0
1349,0,2054,77560,0,0
40829,0,847,77581,0,1
5910,1,940,77596,0,1
2319,1,1224,77599,0,0
1110,0,983,77616,0,0
152431,0,3069,77632,0,0
9964,1,1784,77648,0,1
7579,1,2341,77651,0,1
24701,0,1836,77656,0,1
15615,1,2237,77663,0,1
34654,1,1246,77667,0,1
896,0,1949,77696,0,0
377,1,1625,77707,0,0
129963,1,2010,77714,0,0
2974,0,2069,77723,0,0
1582,1,836,77750,0,0
19136,1,2142,77799,0,0
9107,1,394,77805,0,1
7874,0,629,77809,0,1
2574,1,1437,77822,0,0
10966,0,1963,77835,0,1
1064,1,371,77861,0,0
427,0,935,77868,0,0
20034,1,2893,77885,0,1
658,0,868,77927,0,0
529,1,1382,77991,0,0
2989,1,1076,78009,0,1
3817,1,2397,78014,0,0
3698,1,2421,78044,0,0
9177,1,715,78123,0,1
16769,1,1960,78137,0,1
11472,1,1153,78146,0,1
823,0,1536,78183,0,0
633129,1,855,78186,0,0
4017,0,810,78192,0,1
3111,0,2039,78205,0,0
14941,1,2096,78259,0,1
81785,0,2472,78268,0,0
2937,1,1115,78273,0,0
387,0,1567,78274,0,0
13041,0,498,78287,0,1
6767,1,1874,78320,0,0
1598302,0,2126,78350,0,1
5386,1,1450,78358,0,1
63360,0,1402,78383,0,0
4995,1,436,78391,0,1
1292,1,1340,78408,0,1
513,1,1011,78435,0,0
243026,1,967,78441,0,0
8277,1,1774,78443,0,0
94157,1,1770,78446,0,0
236571,0,1990,78450,0,0
2345,0,685,78456,0,1
2803,1,1830,78470,0,1
353270,1,1656,78500,0,1
8566,1,1421,78502,0,1
13375,1,737,78528,0,1
8602,1,884,78554,0,0
616,1,967,78559,0,0
14342,1,1134,78578,0,1
6736,1,1823,78615,0,1
29295,1,2042,78617,0,1
3843,0,1269,78620,0,0
73696,1,2015,78645,0,0
6515,1,1192,78650,0,1
248143,1,1560,78685,0,0
3321,1,987,78700,0,1
19248,0,1818,78705,0,0
4735,1,1377,78733,0,0
3061,0,1434,78754,0,1
32518,0,1883,78757,0,0
386,0,298,78759,0,0
525,0,1551,78802,0,0
8108876,1,2394,78804,0,0
10439,1,624,78812,0,1
5050,1,741,78841,0,1
1137,0,541,78865,0,0
1614,0,1197,78868,0,1
7499,1,636,78871,0,1
2844,0,270,78884,0,0
3587,1,1897,78905,0,0
3234,1,1985,78912,0,0
149329,1,1417,78924,0,1
39491,1,2238,78944,0,1
3994,1,1427,78959,0,1
3967,0,675,78975,0,1
2425,1,615,78994,0,1
4079,1,1370,79002,0,0
9105,1,1322,79004,0,1
7936,1,1859,79043,0,1
14436,1,1275,79097,0,1
3572,0,1294,79137,0,0
330,0,1603,79149,0,0
1550,1,667,79162,0,0
4784,1,688,79182,0,1
4194,1,727,79209,0,1
273094,1,1517,79230,0,0
2196,0,214,79233,0,1
11283,0,379,79236,0,1
6522,0,1134,79255,0,1
4873,0,1882,79264,0,0
2948,0,2342,79272,0,0
91347,1,1445,79298,0,1
24983,0,2646,79337,0,0
3122,1,390,79341,0,1
731,0,1195,79343,0,0
97028,0,1932,79387,0,0
1731,1,899,79397,0,0
28506,1,594,79401,0,1
12730,1,1527,79404,0,1
10192,1,1129,79460,0,1
16917,1,595,79461,0,1
892,0,940,79470,0,0
46137,0,2601,79496,0,0
120411,1,1135,79530,0,1
8375,0,2400,79537,0,0
5787,1,1758,79551,0,1
1669,0,1175,79567,0,1
42734,0,1161,79569,0,1
5000,1,1424,79571,0,1
7954,1,1777,79596,0,1
6392,0,1549,79609,0,0
4221,1,1721,79629,0,0
4056,1,1151,79632,0,0
2547,0,1195,79641,0,1
5941,1,696,79660,0,1
112695,1,950,79683,0,1
18322,0,654,79687,0,1
7385,1,1007,79719,0,1
1144,0,1530,79722,0,0
4281867,0,2175,79764,0,0
1521,1,959,79806,0,0
7321,1,1927,79825,0,1
1651,1,856,79855,0,0
1803,0,1730,79912,0,0
356831,1,1409,79946,0,0
37001,1,759,79964,0,1
213,1,1504,79980,0,0
3198,1,2024,79991,0,0
13008,1,1868,79996,0,0
3887,1,1747,80003,0,1
1513,0,1478,80008,0,0
444,1,682,80047,0,0
177992,0,1222,80050,0,0
50171,1,1353,80098,0,1
6808,1,2070,80101,0,0
3891,1,2006,80103,0,0
8242,1,946,80182,0,1
35659,0,1249,80190,0,1
14471,0,1294,80207,0,1
3726,1,2182,80253,0,0
1887,0,1397,80254,0,0
1584,1,646,80259,0,0
13753,1,1679,80270,0,0
6966,1,2274,80287,1,0
704464,0,2430,80315,0,0
7713,1,1056,80356,0,1
2494,1,597,80365,0,0
6998,1,1113,80434,0,0
172087,1,1657,80490,0,0
2494,1,1054,80543,0,1
23459,1,2066,80568,0,0
7928,0,2087,80581,0,1
2023,0,1898,80582,0,0
4353,1,818,80585,0,1
4084,1,620,80587,0,1
1202088,0,2766,80598,0,0
20593,0,1710,80601,0,0
1032746,0,2228,80604,0,0
355,0,1801,80608,0,0
25325120,0,2611,80621,0,0
26960,0,2140,80627,0,0
4456,1,1201,80636,0,1
34963,1,2801,80669,0,1
2093,0,456,80695,0,0
5384,1,777,80707,0,1
12425,1,1509,80710,0,1
1547,1,1275,80720,0,0
191587,1,1320,80726,0,1
826,0,792,80731,0,0
4657,1,1070,80804,0,0
9357,1,1180,80820,0,1
538882,1,1808,80821,0,0
1505,1,2334,80822,0,0
824,0,2014,80862,0,0
17827,1,1146,80930,0,1
200221,1,2302,80973,0,0
7419,0,1762,80987,0,1
2874,1,1464,80998,0,1
2164,1,2726,81022,0,0
2699,1,1033,81025,0,0
4964,0,936,81026,0,1
5031,0,2055,81039,0,0
276,0,482,81046,0,0
1447,1,1804,81095,0,0
2008,0,1316,81110,0,1
11585,1,1671,81111,0,1
1507,1,2247,81118,0,0
22456,1,2752,81157,0,1
142993,1,1451,81184,0,0
683,1,1437,81194,0,0
3249,0,2466,81195,0,0
13737,1,1391,81199,0,1
5377,1,1248,81202,0,1
2590,0,2087,81213,0,1
42030,0,1034,81228,0,1
36173,1,1207,81240,0,1
8392,1,1605,81282,0,1
3215,0,976,81305,0,1
1364,1,729,81310,0,1
459,1,984,81311,1,0
33851,1,1863,81327,0,0
4069423,0,1489,81332,0,0
2073,0,2301,81338,0,0
25914,0,752,81371,0,1
11763,1,789,81392,0,0
11131,1,1494,81396,0,1
2702,0,618,81401,0,0
46684,1,2168,81488,0,0
15902,1,1440,81550,0,1
3020,0,821,81557,0,0
6312,1,1229,81587,0,1
16601,1,506,81649,0,1
37105,0,2910,81706,0,1
25457,0,1593,81710,0,1
58344,0,2944,81740,0,0
1296,1,558,81775,0,0
867,0,1779,81781,0,0
11633,1,1097,81782,0,1
909,1,201,81787,0,0
4436,0,1632,81811,0,0
5469,1,2059,81832,0,1
15154,1,1155,81868,0,1
3136,0,1257,81879,0,0
2872,1,1896,81881,0,0
207586,1,1760,81888,0,0
1578,0,727,81927,0,0
717,0,1653,81940,0,0
1087,0,2614,81943,0,0
8041351,0,2018,81963,0,0
7120,1,1692,81969,0,1
9731,0,1589,81972,0,1
63033,0,2295,81996,0,1
68497,1,2104,82005,0,0
8715,1,883,82017,0,0
222094,0,2525,82052,0,0
1115,0,684,82081,0,0
21075,1,2108,82085,0,1
676,0,2417,82089,0,0
12594,1,1752,82113,0,0
5237,1,510,82121,0,1
4583,1,1604,82132,0,0
2352,1,1815,82155,1,0
18732,1,1129,82189,0,1
3356,0,984,82206,0,1
6658,1,2326,82218,0,1
864,1,1197,82224,0,0
22685,1,2255,82237,0,1
3947,1,1384,82242,0,1
3274,0,640,82255,0,1
1874,0,1017,82266,0,0
21154,1,2109,82288,0,0
2450,1,1839,82307,0,1
759,0,1893,82381,0,0
95760,0,1076,82383,0,0
9459,1,1077,82406,0,0
4270,0,349,82423,0,1
2830,1,2027,82441,0,1
1191,0,1595,82455,0,1
3834,1,733,82459,0,1
11708,0,655,82472,0,1
8920,1,1317,82483,0,1
16971,0,1844,82485,0,0
689,0,1052,82549,0,1
2613,0,1484,82550,0,1
11377,1,682,82601,0,1
100281,1,1643,82603,0,0
7071,0,700,82610,0,1
38540,1,1333,82653,0,1
39113,1,1229,82659,0,1
8260,1,653,82674,0,1
8961,1,460,82675,0,1
41386,1,2812,82719,0,0
504,0,1159,82771,0,0
911,0,195,82788,0,0
5140,1,1620,82831,0,1
1440,0,2014,82870,0,0
7206,0,2538,82882,0,0
14576,1,1142,82889,0,1
4130,1,2326,82893,0,1
988,0,1125,82896,0,0
374472,1,1432,82929,0,0
86039,1,1956,82940,0,0
3044,0,1997,82964,0,0
840,0,607,82970,0,0
229908,1,2462,82990,0,0
368002,1,1603,83011,0,0
242369,1,2080,83019,0,1
2560,1,890,83056,0,1
2256,0,1706,83066,0,0
119334,1,1895,83067,0,1
919,0,537,83112,0,0
251,0,1358,83114,0,0
8972,1,910,83137,0,0
159,0,202,83162,0,0
2128,0,356,83187,0,0
20809,1,1517,83251,0,1
905,0,1964,83253,0,0
1862,1,1355,83269,0,0
20204,1,966,83386,0,1
69910,1,1009,83405,0,0
75583,1,985,83408,0,0
787,1,1654,83414,0,0
44035,1,1501,83418,0,0
2628,1,600,83422,0,1
1926,1,1952,83440,0,0
2832,1,671,83461,0,0
30559,1,1114,83473,0,0
17636,1,2217,83508,0,0
7017,1,1391,83509,0,1
851,0,1077,83511,0,0
70384,1,1817,83524,0,1
2192,1,1975,83533,0,0
469,0,1509,83561,1,0
10512,1,2575,83569,0,1
10605,1,1309,83594,0,1
37480,0,841,83605,0,1
399410,1,1993,83610,0,1
4752,1,647,83612,0,1
2318,1,1067,83661,0,0
14154,1,1900,83729,0,1
405,0,2343,83745,0,0
4697,1,976,83765,0,1
7206,1,800,83771,0,1
368,1,1088,83781,0,0
7268,0,2595,83782,0,1
6603,1,1320,83796,0,1
2420,1,981,83801,0,0
4375,0,2110,83822,0,0
20012,0,1431,83830,0,1
28435,1,1589,83832,0,0
3139,1,474,83837,0,0
1434,1,1313,83854,0,1
18780,1,2711,83858,0,1
70684,0,2987,83895,0,0
1821,1,828,83899,0,0
8207,1,736,83918,0,1
810,1,1539,83968,0,0
6931,1,637,83975,0,1
2812,1,1517,83978,0,0
822,0,1093,83996,0,0
631,0,633,83999,0,0
1096,0,952,84008,0,0
113787,1,1265,84033,0,1
9026,1,1369,84054,0,1
2237,0,793,84068,0,0
99717,1,2388,84075,0,0
1199,0,312,84117,0,0
1575,0,1231,84123,0,0
12345,1,1534,84141,0,1
1409,1,1365,84194,0,1
20787,0,1355,84212,0,1
121140,1,1340,84241,0,1
17122,0,956,84259,0,1
26119,0,1777,84270,0,0
3509,1,1192,84281,0,0
1199,1,853,84311,0,0
10332,0,1272,84313,0,1
5623,0,1942,84336,0,1
3144,0,1903,84362,0,0
10932,1,1323,84364,0,1
1017787,1,1766,84379,0,0
2274,1,1298,84380,0,1
13561,0,691,84387,0,1
2086,1,955,84399,0,0
17882,1,754,84414,0,0
1473,0,236,84468,0,0
324,1,2058,84476,0,0
2494,0,706,84492,0,1
5010,1,1363,84493,0,1
13047,1,405,84504,0,1
441,1,1378,84548,0,0
1691,1,2471,84554,0,1
11632,0,2559,84573,0,0
198,0,865,84577,0,0
2861,1,599,84581,0,0
70062,1,2303,84583,0,0
683,0,2168,84591,1,0
6468,1,1447,84623,0,0
18999,0,1237,84626,0,1
37039,1,1363,84640,0,1
47046,1,2041,84684,0,0
1783,1,862,84729,0,0
1349,0,1126,84756,0,0
14466,0,1936,84757,0,1
2046,1,1308,84774,0,0
1090,0,1701,84784,1,0
5796,1,1115,84789,0,1
866,0,1647,84790,0,0
8290,1,1331,84832,0,1
6414,1,686,84843,0,1
16745,0,1006,84862,0,1
2440,0,955,84885,0,1
26283,0,735,84896,0,1
274,0,2442,84907,0,0
1208,1,169,84909,0,0
5842,0,714,84924,0,1
32094,1,1614,84956,0,1
958,0,1821,84983,0,0
874,1,351,84988,0,1
1971,0,1245,85103,0,0
12952,0,1348,85118,0,0
16848,1,2105,85126,0,1
5313,1,1930,85130,0,1
4063,1,957,85147,0,1
7468,1,864,85154,0,1
626,1,830,85166,0,0
7169,0,2203,85180,0,0
7985,1,1902,85215,0,1
2290,1,1042,85236,0,1
4311,1,1826,85238,0,1
1701294,0,2501,85251,0,0
20058,1,1736,85259,0,1
5864,1,419,85293,0,0
1630,0,1355,85300,0,0
20904,0,1149,85377,0,1
3812,0,2287,85386,1,0
7886,1,769,85391,0,0
10433,1,1807,85428,0,1
2951,1,1891,85458,0,0
2392,1,1081,85471,0,1
803,0,542,85482,0,0
39909,1,2050,85496,0,1
9073472,0,2495,85498,0,0
22616,1,1068,85506,0,1
28056,0,1568,85510,0,1
3427,0,2262,85555,0,0
61463,1,1849,85578,0,1
625,1,279,85639,0,0
24466,1,1467,85640,0,0
2841,1,1903,85655,0,1
13923,1,1578,85691,0,1
3151339,0,2261,85703,0,0
11059,1,800,85753,0,1
7654,0,813,85760,0,0
1343,0,1951,85786,0,0
26303,1,1970,85792,0,0
7350,1,1237,85799,0,1
15871,1,698,85818,0,1
11122,0,1432,85831,1,0
16756,1,1219,85844,0,1
953,0,1091,85845,0,0
4656,1,1776,85916,0,0
899,0,2060,85921,0,0
1947,1,1653,85931,0,0
3103,1,683,85933,0,0
4864,1,1690,85951,0,1
29432,1,618,85966,0,1
9859,1,461,85992,0,1
8380,1,1956,85999,0,1
5809,1,973,86043,0,1
1256,0,2282,86068,0,1
139152,1,1403,86082,0,1
10835,0,981,86086,0,1
1073,1,1430,86149,0,1
7554,1,397,86173,0,1
1437288,1,934,86223,0,0
7282,1,328,86224,0,1
16112,1,1081,86233,0,1
5219529,0,2309,86265,0,0
3407,1,1269,86282,0,0
12983,1,1270,86285,0,0
1767,0,1585,86286,0,0
2418,0,1168,86317,0,0
1419,0,765,86330,0,1
4773,0,362,86336,0,1
52138,1,1392,86357,0,1
7121,1,1157,86361,0,0
4401,0,1428,86369,0,0
16872,1,748,86370,0,1
4896,1,1747,86378,0,1
9053,1,2084,86384,0,1
8859,0,2011,86391,0,0
2696,0,1303,86393,0,0
16366,0,2187,86422,0,0
2604,1,1712,86429,0,1
2342,0,1842,86432,0,0
155508,1,2000,86436,0,1
9911,0,1134,86439,0,1
13278,1,2003,86443,0,1
48178,1,1276,86481,0,1
18519,1,874,86502,0,1
1207,1,2111,86510,0,0
143926,0,2406,86512,0,0
43858,1,1852,86563,0,1
1871,1,1493,86570,0,1
3638,1,765,86576,0,1
1602,1,1668,86618,0,0
18680,1,1275,86630,0,1
164,0,1508,86659,0,0
416,1,539,86681,0,0
3041,1,1937,86682,0,0
32362,1,391,86687,0,1
14495,1,451,86688,0,1
13849,1,1146,86697,0,1
842,1,1330,86711,0,0
3330,0,1440,86734,0,1
23982,1,1959,86739,0,0
429,0,486,86761,0,0
1520,0,2265,86765,0,0
32393,1,2091,86772,0,1
1778,1,1431,86789,0,1
500351,1,1706,86813,0,0
39203,1,1539,86826,0,1
8194,0,1130,86838,0,1
4395,0,1667,86861,0,1
16995,1,483,86863,0,1
621,0,2601,86881,0,0
14859,1,1507,86911,0,1
6897,1,1674,86913,0,1
21463,1,933,86922,0,1
734,1,522,86943,0,0
8103,1,2293,86946,0,0
4535,1,1627,86961,0,1
3589,0,1813,87004,0,0
1948,0,2284,87042,0,0
1117,0,864,87135,0,0
11083,1,1756,87160,0,0
10580,1,1215,87175,0,1
7550,1,1335,87195,0,0
4793,0,441,87216,0,1
21182,1,1380,87220,0,1
154052,1,1757,87268,0,1
313,0,567,87269,0,0
13014,1,1773,87276,0,0
6559,1,977,87338,0,1
1667,0,1129,87353,0,0
6594,1,1583,87365,0,1
7370,1,1756,87366,0,0
98602,1,1352,87370,0,1
3362,0,1391,87394,0,0
10545,1,905,87406,0,1
1730,0,1639,87429,0,1
785,0,641,87475,0,0
1542,1,1202,87489,0,0
18862,1,2139,87508,1,0
116,0,1358,87512,0,0
3375,1,930,87534,0,0
33401,0,1012,87596,0,1
30163,0,1830,87639,0,1
2183,0,1211,87665,0,0
3635,1,2231,87670,0,0
4242,0,1629,87672,0,0
2837,1,1016,87706,0,0
3525,1,1390,87786,0,1
1200,1,2381,87804,0,0
115,0,1906,87830,0,0
10570,0,969,87845,0,0
3688,1,2256,87870,0,1
3000,1,624,87892,0,1
8250,1,1658,87929,0,0
19948,0,1607,87940,0,1
311,0,431,87973,0,0
19108,0,906,87977,0,1
6225,1,1041,88020,0,1
2785,1,1189,88041,0,1
670,1,343,88047,0,0
15091,1,1386,88053,0,1
24044,1,1500,88110,0,1
629,0,853,88139,0,0
57808,1,1019,88143,0,1
3655,1,1604,88171,0,1
9023,1,976,88185,0,1
1167,0,1240,88191,0,1
7545,0,2038,88210,0,0
11559,0,2066,88214,0,1
1220,1,1853,88241,0,0
2567,0,1283,88271,0,1
3394,0,1458,88281,0,1
7355,1,753,88301,0,1
4468,0,465,88304,0,1
43928,1,577,88312,0,1
5224,1,1247,88318,0,0
9108,0,680,88331,0,1
1061,0,1994,88337,0,0
7956,1,914,88341,0,0
543,0,446,88354,0,0
187,1,2342,88370,0,0
2909,1,1871,88385,0,1
350,0,1475,88404,0,0
2965,0,1245,88443,0,0
131865,1,1588,88449,0,1
122689,1,2410,88453,0,1
21636,0,987,88459,0,1
13894,1,1833,88469,0,1
1664,1,1641,88476,0,1
8424,1,1138,88514,0,1
14661,0,956,88563,0,1
17888,1,1338,88597,0,1
1575,1,2534,88621,0,1
5427,1,865,88634,0,1
5448,0,1223,88644,0,1
3078,1,1429,88660,0,1
690,0,1622,88675,0,0
35799,1,775,88681,0,1
1087,0,291,88712,0,0
1133,1,1351,88713,0,0
2553,1,1281,88738,0,0
17040,1,1396,88760,0,1
5779,1,620,88766,0,1
22988,0,787,88772,0,1
12746,1,2683,88787,0,0
164777,1,1594,88809,0,0
31810,0,880,88818,0,1
30117,1,1314,88824,0,1
2688,1,847,88852,0,1
5687,1,1895,88909,0,0
10031,0,3362,88919,0,0
2194,1,643,88926,0,0
12174,0,1490,88937,0,1
18927,0,2505,88939,0,0
2882,1,2070,88950,0,0
13433,0,2583,88976,0,1
262,0,1662,88990,0,0
9345,1,1112,89007,0,1
12997,1,911,89056,0,0
3275,1,754,89103,0,0
49698,1,966,89178,0,1
4007,0,1229,89184,0,1
4653,1,1188,89187,1,0
914,0,1922,89208,0,0
83596,1,1599,89211,0,1
1690,1,2487,89228,0,1
3714,0,724,89263,0,0
20275,1,1377,89271,0,1
48385,1,932,89282,0,1
8438,1,229,89286,0,1
8450,1,2057,89290,0,1
226,0,1314,89328,0,0
7149,1,851,89360,0,0
2422,0,1222,89371,0,0
4677,0,789,89372,0,1
3039522,0,1855,89374,0,0
32825,0,752,89419,0,1
264159,0,610,89449,0,0
54787,1,644,89452,0,1
102868,1,1798,89458,0,0
4804,1,2345,89481,0,1
13649,1,659,89490,0,0
10001,0,2408,89495,0,0
3578881,0,1794,89514,0,0
8742,1,1355,89555,0,1
10338,1,1097,89571,0,1
40408,1,1372,89577,0,1
1690,0,1224,89595,0,1
11896,1,495,89654,0,1
5021,1,1299,89690,0,1
344,1,359,89717,0,0
87086,1,2048,89732,0,0
2660,0,945,89752,0,0
552,0,524,89783,0,0
997,1,848,89785,0,0
8781,1,622,89807,0,1
35352,1,1448,89824,0,1
2379,0,1555,89842,0,1
7289,1,1202,89874,0,1
1162,0,1030,89894,0,0
27804,1,1415,89904,0,1
183,1,1294,89905,1,0
5005,1,420,89934,0,1
1007,0,857,89958,0,0
468115,1,2246,89967,0,0
1517,1,1357,89968,0,1
42996,1,1632,89993,0,1
3353,0,479,90018,0,0
1144,0,2149,90035,0,0
3197,0,1765,90056,0,1
17082,1,1239,90064,0,1
8676,1,1245,90070,0,1
27810,0,1924,90075,0,1
20262,1,976,90084,0,1
12762,1,2057,90086,0,0
14375,1,983,90088,0,1
42900,1,1795,90098,0,1
1011,0,1022,90104,0,0
376,0,1626,90105,0,0
29473,0,2250,90110,0,0
7552,1,1277,90116,0,0
75473,1,2083,90127,0,1
182810,1,1362,90142,0,0
4023,0,1114,90155,0,0
3074,1,275,90177,0,1
7908,1,811,90233,0,1
7900,0,665,90269,0,1
4046,1,1515,90272,0,0
33704,1,2155,90388,0,1
724,1,1432,90392,0,0
35456,1,2324,90395,0,1
7946,1,2023,90436,0,1
57042,0,1943,90442,0,1
1647,1,1781,90448,0,0
65632,1,1508,90474,0,1
24580,1,2003,90478,0,1
17566,1,1114,90482,0,1
7609,1,1311,90512,0,0
3893,1,1385,90523,0,1
3632,1,2218,90530,0,1
10294,0,697,90616,0,1
138112,1,1328,90623,0,1
144916,1,2483,90630,0,0
18425,0,1973,90642,0,1
2653,1,1898,90674,0,1
2110,1,1341,90675,0,0
5585,1,1347,90716,0,1
470,0,1274,90724,0,0
46259,1,1177,90738,0,1
18223,1,1016,90768,0,1
2845,1,633,90772,0,1
17915,1,382,90837,0,1
110447,1,995,90877,0,0
5329,1,837,90878,0,1
1476,1,1527,90898,0,0
27686,0,563,90907,0,1
474,0,446,90909,0,0
18963,1,2042,90919,0,1
3605,1,1907,90926,0,1
28207,1,901,90960,0,1
218665,0,1542,90969,0,0
2983,0,1293,90971,0,1
186667,0,2700,91011,0,0
517,0,2295,91095,0,0
52662,1,1542,91113,0,1
2107498,1,1676,91125,0,0
394,0,1469,91128,0,0
18832,0,1772,91135,0,0
1778,1,1619,91163,0,1
5749,0,2054,91196,0,1
3926,0,2193,91201,0,1
862,1,780,91208,0,0
24323,1,1265,91284,0,1
10873,1,907,91290,0,1
59053,1,551,91294,0,1
2714,1,2289,91399,0,0
25633,1,2019,91451,0,1
7651,1,1279,91475,0,1
410837,1,1012,91477,0,0
1603,0,622,91500,0,0
7780,1,973,91523,0,1
6790,1,2113,91532,0,1
8920,0,1651,91549,0,1
3555,1,1280,91579,0,0
344,0,215,91589,0,0
1758568,0,1847,91594,0,0
39642,0,2384,91607,0,1
3443,1,3457,91626,0,0
5962,1,2161,91635,0,1
138,1,531,91659,0,0
1535,1,959,91672,0,0
7680,1,632,91698,0,1
12551,1,1285,91717,0,1
4463,1,272,91728,0,1
217,0,775,91799,0,0
8304,1,617,91847,0,1
1464,1,1820,91857,0,1
391394,1,1495,91868,0,0
4035,1,1017,91888,0,1
3677,0,2063,91890,0,0
13130,0,1688,91901,0,0
2492,1,422,91931,0,1
92559,1,1464,91962,0,1
5358,0,1394,92000,0,0
4141,1,1135,92006,0,1
2061,1,977,92032,0,0
17420,1,1738,92041,0,1
7333,1,1367,92042,0,0
3888,1,2370,92056,0,0
1321,0,1409,92057,0,0
4937,1,1607,92118,0,1
4657,1,1375,92149,0,0
1757,1,949,92204,0,1
510,1,609,92218,0,0
4657,0,1801,92219,0,0
991,1,773,92225,0,0
2671794,0,2090,92238,0,0
28863,1,1219,92256,0,0
16247,1,1154,92313,0,1
180534,1,375,92350,0,0
12408,1,1647,92358,0,1
20966,1,713,92383,0,1
513,0,357,92389,0,0
11306,1,1344,92392,0,1
1120,0,788,92408,0,0
11029,0,1175,92450,0,0
2615,0,2003,92466,0,1
5320,0,578,92480,0,1
813962,1,1958,92506,0,0
5678,1,2250,92525,0,1
55294,1,1820,92589,0,1
6848,1,1073,92617,0,1
290,0,2101,92629,0,0
8869,1,2246,92633,0,1
7842,1,1293,92642,0,0
9971,0,1436,92647,0,0
71986,1,1592,92673,0,1
765,0,1498,92674,0,0
38697,0,1419,92724,0,1
21661,0,1019,92734,0,1
5474,0,921,92755,0,1
6839,1,2012,92778,0,0
1491,1,321,92782,0,0
989644,1,3600,92794,0,0
24648,1,1676,92795,0,0
2295,1,1111,92810,0,0
56712,0,2145,92811,0,0
6866,1,913,92818,0,1
14700,0,333,92858,0,1
1986,0,348,92913,0,0
7911,1,1798,92929,0,1
235844,0,1254,92940,0,0
92867,1,1444,92971,0,1
4379124,0,3301,92976,0,0
16918,1,1305,92988,0,1
47608,1,1862,92993,0,1
2546,1,2129,93025,0,1
16956,1,2038,93049,0,1
113,1,730,93064,0,0
67,0,1467,93100,1,0
3868,1,938,93102,0,0
7732,1,1306,93105,0,1
506,0,1079,93106,0,0
7684,0,1161,93109,1,1
1397,0,1367,93145,0,0
75429,0,2105,93209,0,0
8567,0,1588,93217,0,1
502,1,1678,93231,0,0
2547,0,1733,93237,0,1
66866,1,1416,93254,0,0
13351,1,1075,93267,0,1
41816,1,1311,93275,0,1
360,1,967,93287,0,0
5120,1,1352,93304,0,1
4221,1,1254,93307,0,1
1235004,1,2432,93311,0,0
46462,1,1781,93324,0,1
11257,0,1694,93325,0,0
9290,0,735,93339,0,1
21032,0,1546,93348,0,1
584,1,809,93381,0,0
15442,1,1668,93426,0,1
3013,1,2012,93456,0,0
409,0,1263,93490,0,0
1224,1,2857,93505,0,0
1469,0,826,93547,0,0
77416,1,3097,93553,0,1
5357,1,1277,93569,0,1
3941,1,1212,93592,0,1
11421,1,792,93603,0,1
300,1,680,93697,0,0
4554,1,701,93701,0,1
17910,1,3034,93773,0,0
2714,1,1910,93805,0,0
74,0,1430,93811,0,0
6814,1,1015,93814,0,1
9006,1,1299,93817,0,1
84290,1,2193,93838,0,1
75596,1,917,93845,0,1
4027,0,611,93852,0,0
7993,1,2053,93899,0,0
10408,0,2393,93935,0,1
67436,1,1249,93970,0,1
5194,0,1024,93972,0,0
12929,1,1505,93974,0,1
2723,1,205,93991,0,0
69268,1,1182,94044,0,1
11894,0,660,94065,0,0
5468,1,1436,94096,0,1
1522,0,215,94109,0,0
1651,1,833,94135,0,0
15738,0,2320,94138,1,0
216778,1,669,94145,0,1
9093,1,1665,94150,0,1
24997,1,1257,94162,0,1
3364,1,2311,94165,0,1
1910,0,2087,94166,0,0
265,0,1602,94198,0,0
2663,1,277,94202,0,1
5979,0,1399,94222,0,0
2575,1,1727,94247,0,1
8439,0,1007,94248,0,1
128407,1,1359,94251,0,1
39298,1,1485,94289,0,0
459,1,910,94294,0,0
12122,1,1322,94297,0,1
12061,1,1263,94300,0,0
1508,1,1270,94365,0,0
4391,1,1703,94374,0,1
160,0,951,94422,1,0
3248,0,2441,94424,0,0
3057,1,1126,94455,0,0
1301,0,1987,94466,0,0
2924,0,1364,94511,0,0
56659,1,1981,94521,0,1
28659,1,1330,94529,0,1
6987,1,822,94530,0,1
1929,1,1684,94533,1,0
9956,1,1700,94534,0,0
824,0,1560,94539,1,0
2270,1,1216,94563,0,0
507,1,1449,94580,0,0
2768,1,1418,94613,0,0
1712,0,1765,94629,0,0
3595,1,1003,94669,0,1
39432,1,863,94701,0,1
7105,1,1541,94709,0,0
5082,0,2992,94730,0,0
4832,1,2504,94762,0,1
8363,1,1143,94766,0,0
5488,0,2057,94781,0,1
5825,0,1273,94795,0,0
5000,0,2555,94810,0,1
8083,1,1198,94820,0,0
61952,1,2045,94823,0,1
23449,1,2083,94824,0,1
14866,1,739,94856,0,1
4933,0,1770,94858,0,1
20145,1,713,94865,0,1
363269,1,1731,94882,0,1
26423,1,1242,94892,0,0
16453,1,2552,94896,0,1
3337,0,2378,94901,0,0
892,0,992,94915,0,0
1081,0,1380,94916,0,0
35894,1,1757,94951,0,1
1821,1,612,94958,0,0
7501,1,787,94964,0,0
7750,0,1720,94992,0,0
6985,0,1017,95014,0,0
10184,1,1286,95029,0,1
2300,1,2073,95043,0,0
281578,0,2118,95094,0,1
873488,1,1651,95096,0,0
630,0,1287,95108,0,0
1381,0,972,95115,0,0
3829,0,1639,95126,0,0
3311,1,259,95152,0,1
7397,1,1573,95187,0,1
329,1,1308,95209,0,0
1677,0,1282,95218,0,0
492,1,1737,95235,0,0
207,0,1636,95278,0,0
52234,1,2577,95280,0,1
2177,1,2245,95293,0,0
756,1,1074,95294,0,0
556772,0,2440,95304,0,0
2601,1,2263,95307,0,1
27133,1,381,95328,0,1
4013,1,1515,95335,0,0
28641,0,2105,95354,0,0
4471564,0,2095,95357,0,0
21998,0,1060,95394,0,1
3490,1,372,95415,0,0
25900,1,1043,95424,0,1
19500,1,751,95446,0,1
4893,1,1148,95473,0,1
9019,1,1982,95478,0,1
5941,1,1379,95481,0,1
207831,1,2385,95534,0,1
3219,0,1655,95565,0,1
2121,0,1167,95603,0,0
67848,0,2044,95604,0,0
2279,1,2106,95621,0,0
1946,0,1499,95631,0,0
3692,0,1746,95641,0,0
15781,1,1732,95642,0,0
25365,1,1971,95684,0,0
2299,1,1407,95685,0,1
3039,1,903,95702,0,1
13479,0,2064,95761,0,1
7650,1,2066,95772,0,1
25001,1,1525,95776,0,1
663,1,1238,95839,0,0
4378,0,2214,95875,0,1
2288,0,477,95892,0,1
3011,1,751,95896,0,0
10790,0,2073,95950,0,1
3165,0,2552,95959,0,0
8847,1,1028,95970,0,1
469,0,737,96013,0,0
2316,0,1491,96040,0,1
56196,1,1898,96046,0,1
23777,1,1014,96052,0,1
996,1,2599,96056,0,0
894,0,1144,96065,0,0
31796,1,800,96072,0,1
15321,1,1967,96106,0,0
1062841,1,1365,96141,0,0
46498,1,1113,96143,0,1
709,0,1367,96150,0,0
18931,1,1009,96167,0,1
52929,1,2113,96176,0,1
2541,0,1342,96180,0,1
2357,0,2092,96186,0,0
5624,1,1507,96191,0,1
3819,0,499,96224,0,1
8986,1,1202,96225,0,1
809,1,2263,96269,0,0
27902,1,1470,96271,0,0
163592,1,1609,96341,0,1
1594,0,1336,96345,0,0
23388,1,1921,96354,0,1
380,0,1532,96380,0,0
20915,1,705,96387,0,1
31799,1,1408,96396,0,1
4671,0,1750,96450,1,0
249902,0,2046,96453,0,0
3171,1,915,96493,0,1
17310,1,588,96507,0,1
4178,0,1461,96526,0,0
46720,1,1943,96538,0,1
4282,0,1487,96556,0,0
1054207,1,757,96558,0,0
3739,0,1040,96583,0,1
17241,0,1343,96627,0,0
1166,1,690,96633,0,0
558305,0,1529,96652,0,1
19835,1,1870,96656,0,1
960,0,1407,96702,0,0
6645,0,1241,96761,0,1
121056,0,1341,96817,0,1
26759,1,2178,96826,0,1
1038,0,1990,96850,0,0
6827,1,1369,96890,0,1
2008,1,993,96916,0,1
21998,1,2512,96923,0,1
3507,0,1665,96952,0,1
2773,1,1415,96960,0,0
88628,1,1656,96985,0,1
20845,1,2379,97012,0,1
2719,0,1207,97016,0,0
14550,0,677,97020,0,1
12062,0,1055,97032,0,1
941,1,490,97107,0,0
17551,0,1410,97139,0,0
9403,0,1045,97143,0,1
652544,0,1691,97191,0,0
4692,0,424,97193,0,1
12050,1,1924,97217,0,1
1532477,0,2096,97257,0,0
156674,0,1700,97286,0,0
53521,0,1473,97295,0,1
22057,1,289,97312,0,1
8547,1,1292,97335,0,1
1427,1,2325,97342,0,0
6145,1,1504,97349,0,1
8323,0,2432,97355,0,0
2930,0,1417,97376,0,0
8460,1,2291,97394,0,0
9007,1,1934,97405,0,1
1872,1,1351,97423,0,0
33472,1,1157,97428,0,1
15836,0,1377,97443,0,1
1574,0,1417,97463,0,1
2533,1,988,97478,0,1
1776,1,1270,97506,0,0
98662,1,1764,97514,0,1
1444,0,489,97540,0,1
2859,1,578,97544,0,0
257,0,956,97562,0,0
2959,0,890,97567,0,0
108001,0,1879,97596,0,0
81040,1,1298,97610,0,1
615,1,2728,97618,0,0
82941,1,1809,97619,0,1
343,0,1538,97638,0,0
3212,1,2602,97668,0,1
8820,1,1186,97678,0,1
45119,0,660,97695,0,0
4861,1,680,97706,0,1
4916,1,1451,97745,0,1
3132,1,555,97749,0,1
7806,1,1835,97758,0,1
1566,0,1955,97769,0,0
1571,1,1038,97787,0,0
242749,1,2030,97808,0,1
1439,0,1031,97819,0,0
659,1,649,97843,0,0
858419,0,1384,97850,0,0
725959,0,1599,97856,0,0
775,1,769,97869,0,0
686,1,1094,97907,0,0
13433,0,1188,97920,0,1
133,0,966,97921,0,0
15194,0,2051,97930,0,1
5644,1,2075,97950,0,1
3440,1,1849,97989,0,1
25763,0,3480,98014,0,1
899,0,1248,98039,0,0
7464,1,1477,98041,0,0
1524068,1,1737,98045,0,0
5243,0,856,98056,0,1
9235,1,957,98066,0,1
3221,0,1681,98076,0,0
5758,0,1360,98098,0,0
1279,0,2169,98125,0,0
159,0,1445,98133,0,0
44321,1,2065,98137,0,1
11676,1,1351,98156,0,0
83739,1,740,98170,0,0
916605,1,1522,98191,0,0
10402,1,1608,98209,0,0
14982,0,1980,98216,0,1
239,0,605,98333,0,0
24314,1,1382,98338,0,0
15462,0,969,98344,0,1
16374430,1,2752,98383,0,0
1715,1,565,98454,0,0
4071,1,1275,98464,0,0
608,0,1806,98466,0,0
4040,1,766,98478,0,1
48644,1,2092,98500,0,1
4399,1,1341,98525,0,1
4450,1,859,98549,0,1
1693,0,1922,98554,0,0
4019,0,1355,98598,0,0
3259,0,691,98611,0,0
15122,1,652,98613,0,1
3096,1,751,98630,0,0
2017,1,2119,98633,0,0
3280,1,2573,98644,0,0
5896,0,1467,98708,0,0
397,1,1168,98716,0,0
2550,0,2082,98735,0,0
2985,1,1322,98742,0,0
2303,1,2018,98765,0,1
25733,0,2206,98790,0,0
8013,1,2105,98831,0,0
13672,1,2140,98885,0,1
1471,0,698,98909,0,0
5024,1,849,98917,0,1
545,0,502,98937,0,0
4220,1,1379,98941,0,0
3102,1,1692,98979,0,0
8130,0,1514,98982,0,0
11507,1,1783,98991,0,1
1732,1,376,99014,0,0
2716,1,1457,99023,0,1
689,0,1233,99032,0,0
5770,0,1847,99103,0,0
98364,1,1116,99106,0,0
3606,1,1017,99130,0,1
2945,1,1028,99133,0,1
13482,0,1001,99134,0,1
137832,0,2187,99152,0,0
2928,0,391,99177,0,0
2906,1,1260,99184,0,1
574,0,704,99199,0,0
2512,1,2317,99216,0,0
8238,1,2227,99241,0,1
3869,1,785,99258,0,1
22128,1,2323,99271,0,1
18385,1,335,99287,0,1
2888,1,1298,99295,0,0
2074856,1,2072,99301,0,0
39795,0,1042,99317,0,1
398,0,988,99328,0,0
2242,0,1163,99344,0,0
6133,1,857,99353,0,1
2930,0,272,99391,0,0
5829,0,985,99398,0,1
3636,1,962,99410,0,1
2072,1,2176,99414,0,1
1331,0,1866,99458,0,0
1757,0,883,99478,1,0
193586,0,2243,99486,0,0
290,1,639,99492,0,0
67439,1,2105,99504,0,0
3145,1,268,99505,0,1
9107,1,2307,99518,0,1
8444,1,697,99521,0,1
260819,0,1350,99547,0,1
4450,1,1320,99608,0,0
5208,0,2474,99612,0,0
74052,1,1346,99624,0,1
21029,1,2463,99625,0,1
3494,0,2270,99645,0,0
182054,1,2229,99658,0,1
629,1,1915,99680,0,0
9361,0,2337,99692,0,1
473,0,1877,99693,0,0
2003,1,1379,99701,0,1
160383,1,1456,99706,0,0
4088,0,2628,99756,0,1
8115,1,490,99768,0,1
8904,0,1022,99802,0,1
3013,1,1668,99803,0,1
20230,0,2177,99811,0,1
7104,1,1942,99850,0,1
3778,1,1223,99883,0,1
9083,1,1627,99889,0,1
32479,1,1237,99892,0,1
2183,1,2077,99895,0,0
1148,1,1458,99915,0,0
19619,1,2054,99922,0,1
2960,1,1119,99926,0,0
14520,0,1635,99953,0,0
83018,1,2234,99962,0,1
55233,1,758,99965,0,1
12841,1,397,99996,0,1
4850,0,1051,100000,0,1
4578,1,2371,100050,0,1
3944,1,1358,100067,0,0
4202,0,1007,100083,0,1
19401,0,959,100104,0,1
139,0,940,100108,0,0
4705,0,653,100139,0,0
6004,1,2447,100146,0,0
9266,1,1478,100179,0,1
5806,1,675,100185,0,1
2733,1,1430,100198,0,0
5612,0,1917,100249,0,1
27736,1,519,100250,0,1
8472,0,1611,100255,0,1
2524,0,1183,100261,0,0
6895,1,1814,100266,0,1
10893,1,1731,100311,0,0
6183,1,801,100318,0,0
15374,0,2074,100341,0,0
63781,1,2736,100358,0,1
26210,1,891,100391,0,1
2767,1,2058,100431,0,0
21373,1,1492,100437,0,1
99941,1,1714,100451,0,0
19871,1,1647,100452,0,1
700,0,596,100460,0,0
15666,0,415,100463,0,1
12344,1,1670,100489,0,1
14390,0,1533,100517,0,1
9580,1,1617,100534,0,1
24105,1,422,100536,0,1
265943,1,2040,100541,0,1
2188,1,280,100544,0,0
6263,1,1439,100553,0,1
4838,0,1491,100586,0,1
91251,0,1487,100588,0,1
43754,1,1099,100608,0,1
3099,1,400,100684,0,1
4586,0,686,100728,0,0
54368,1,1766,100742,0,1
6664,0,1094,100756,0,1
1003,0,479,100773,0,0
3834,0,1698,100776,0,0
13110,1,1663,100795,0,1
6740,1,729,100805,0,0
6630,0,1349,100806,0,0
42602,1,1302,100808,0,1
1743,0,1318,100841,0,0
5666,1,759,100844,0,1
15945,0,1371,100851,0,1
5940739,0,2209,100863,0,0
25331,1,2218,100867,0,1
970,0,770,100870,0,0
6723,1,373,100875,0,1
3050,0,702,100877,0,0
3412,1,2189,100879,0,0
13450,1,1999,100911,0,1
483,0,957,100942,0,0
17090,1,1124,100945,0,1
4657,0,1353,100954,0,1
13208,1,1209,100969,0,1
36699,0,1215,100985,0,1
726,0,931,101000,0,0
1263,1,1528,101005,0,0
2627,0,248,101023,0,0
1618,1,1689,101025,0,1
18647,0,1330,101027,0,1
11948,0,1346,101030,0,1
6057,1,1151,101036,0,1
56797,0,2559,101046,0,0
49410,1,1077,101059,0,1
6732,1,1430,101073,0,1
27238,1,1345,101077,0,1
1037,1,539,101106,0,0
5903,0,853,101113,0,1
2211,1,1616,101146,0,0
29768,1,722,101151,0,1
5348,1,1643,101183,0,1
21842,1,1218,101185,0,1
705402,0,2084,101193,0,0
21377,0,2299,101210,0,1
36672,1,1988,101230,0,0
938,1,1610,101232,0,0
1441,1,1842,101278,0,0
2054,0,1984,101307,0,1
5731,1,2027,101312,0,0
1583,0,1509,101341,0,0
24116,1,1678,101360,0,1
13776,0,984,101397,0,1
262592,1,2008,101430,0,0
39273,1,1355,101432,0,1
2624,1,1756,101448,0,0
7668,1,864,101470,0,1
1745,0,2211,101484,0,0
354025,1,1156,101494,0,0
3218,0,1216,101541,0,1
3237,1,1379,101553,0,0
12788,1,1755,101568,0,0
2643,1,1288,101593,0,0
1334,0,1748,101598,0,0
30653,1,1146,101606,0,1
1145,0,2056,101608,0,0
489613,0,816,101616,0,1
6890,0,524,101640,0,0
32321,1,1087,101703,0,1
186973,1,1533,101704,0,0
1980,0,853,101715,0,1
85283,0,1082,101726,0,0
2045,0,2164,101732,0,1
5181,0,1719,101737,0,1
788,1,1557,101753,0,0
1440,1,1935,101844,0,0
1464,0,708,101851,0,0
6728,1,1891,101860,1,0
4151,0,2228,101866,0,1
4848,1,2178,101879,0,1
12321,0,866,101960,0,1
2331,0,784,101964,0,0
2361,0,1943,101993,0,0
2004,1,1264,102001,0,0
1097,1,603,102025,0,1
838,1,1906,102053,0,0
70150,0,1241,102066,0,0
7222,1,1249,102101,0,0
2122,0,519,102109,0,0
3825,1,536,102133,0,1
30164,0,1379,102138,0,0
41172,1,1982,102139,0,1
4548620,0,3016,102150,0,0
1095,1,579,102153,0,0
3653,0,1247,102154,0,0
1726,1,2149,102172,0,0
10132,1,524,102173,0,1
1157,1,479,102177,0,0
33706,1,2091,102202,0,1
7948843,1,1762,102226,0,0
3866,0,1316,102236,0,1
53206,1,1280,102252,0,1
12863,1,2150,102257,0,0
3514,0,1392,102281,0,0
22832,1,1961,102282,0,1
203,0,475,102293,0,0
4913,1,1069,102311,0,0
4726,0,1165,102323,0,1
64414,1,2082,102331,0,1
661,0,1501,102349,0,0
957,0,273,102352,0,0
2978,0,1940,102364,0,0
3482,1,423,102406,0,1
9099,1,585,102414,0,1
2115,0,1732,102420,0,0
7488,1,701,102431,0,1
17436,1,1259,102454,0,0
1045,0,2460,102470,0,0
3493,1,803,102480,0,0
2289,1,2077,102509,0,0
2506,0,2363,102529,0,0
350,0,875,102539,0,0
11344,1,1870,102567,0,1
14068,1,1668,102571,0,1
1298,1,637,102629,0,0
1917,0,656,102633,0,0
68166,1,1985,102656,0,1
23041,1,2445,102658,0,0
68656,1,2362,102660,0,0
6616,0,287,102665,0,1
7062,0,1114,102694,0,1
11755,1,1507,102722,0,1
513,0,1324,102730,0,0
826,0,1612,102738,0,0
4803,1,1760,102751,0,0
634,0,192,102768,0,0
410,1,1121,102798,0,0
425877,1,2400,102804,0,0
827,1,1733,102827,1,0
1574,0,2652,102830,0,0
3903,1,2189,102859,0,1
7005,1,2315,102884,0,1
60635,1,1389,102942,0,1
199563,0,1322,102964,0,0
26611,0,1057,103059,0,1
111752,1,1202,103092,0,1
78,0,1157,103101,0,0
1970,1,1857,103132,0,1
166029,1,1573,103149,0,1
28599,0,1797,103156,0,1
118227,1,2358,103159,0,1
2384,1,1679,103163,0,0
12631,0,893,103197,0,0
2975,0,1777,103211,0,1
1228,0,1295,103213,0,0
22602,0,705,103215,0,1
28386,0,2445,103218,0,0
8485,1,2056,103225,0,1
27172,0,3026,103237,0,1
39643,1,937,103301,0,1
31082,1,1065,103305,0,1
1647,1,1132,103306,0,1
4737,0,407,103336,0,0
17365,1,1444,103352,0,1
607992,1,2303,103354,0,1
2126,0,620,103363,0,0
992,1,697,103387,0,0
46624,1,1656,103391,0,0
248661,1,1963,103409,0,1
267155,1,1491,103428,0,1
16513,0,752,103441,0,1
6649,1,816,103508,0,1
60396,1,2569,103512,0,1
3134,1,2131,103522,0,0
66053,1,1344,103524,0,1
55438,1,1627,103535,0,1
2638320,0,1683,103543,0,0
548,0,2718,103555,0,0
630,1,204,103587,0,0
5797,1,1293,103592,0,1
13980,1,1701,103604,0,1
7046,0,1912,103611,0,0
15532,1,469,103642,0,1
710,1,1646,103648,0,0
5964,1,1833,103653,0,1
19494,1,1128,103663,0,0
535,1,972,103669,0,0
978,0,1947,103672,0,0
645,0,615,103682,0,0
10450,1,882,103690,0,1
17488,1,672,103722,0,1
1123,1,1542,103734,0,0
6705,0,1730,103735,0,0
1395,1,2059,103742,0,0
6074,1,2037,103744,0,0
1161,0,246,103763,0,0
1915,0,1176,103775,0,0
3362,1,874,103778,0,0
1031,1,886,103795,0,0
19375,1,684,103826,0,1
6160,1,1414,103827,0,0
9675,1,1395,103836,0,1
1111,0,924,103850,0,0
3358,1,836,103851,0,1
10425,1,1100,103877,0,1
883,0,996,103888,0,0
8464,1,1272,103913,0,1
10482,1,797,103915,0,1
1014,0,1038,103927,0,0
42090,1,3077,103939,0,0
2464,1,1131,104016,0,1
1363,1,307,104036,0,0
21597,0,1179,104056,0,0
21684,1,862,104077,0,1
45124,1,2248,104084,0,1
35557,1,946,104096,0,1
14835,1,1215,104121,0,1
3743,1,1759,104159,0,1
6143,1,1008,104164,0,1
9932,1,1004,104170,0,1
1952,1,1436,104179,0,1
6251,0,1401,104230,0,1
2036,0,1562,104233,0,0
7173,1,2408,104241,0,0
25809,1,987,104278,0,1
8100,1,1839,104298,0,0
21358,1,1280,104308,0,1
13729,0,614,104315,0,1
4109,1,1508,104352,0,0
52417,1,2169,104357,0,1
692,1,1160,104412,0,0
3657,0,1969,104416,0,0
12108,1,1305,104419,0,1
18121,1,581,104423,0,1
56259,1,1311,104438,0,1
4043,1,868,104441,0,1
246133,0,1809,104468,0,1
7605,1,446,104513,0,0
11975,0,1714,104524,0,0
10746,0,1606,104535,0,0
2317,1,424,104552,0,1
370674,1,1628,104554,0,0
5214,1,1534,104565,0,1
42896,1,1680,104593,0,1
16935,0,949,104597,0,0
1196,0,1271,104643,0,1
4237,1,1833,104646,0,0
314,1,1133,104654,0,0
53340,1,1638,104675,0,1
21468,1,2149,104682,0,1
50649,0,2071,104713,0,0
9872,0,2011,104716,0,0
45547,1,1067,104722,0,0
1316,0,1164,104758,0,0
2064,1,2226,104769,0,1
8310,0,1368,104774,0,0
793,1,1867,104781,0,0
386474,1,1258,104794,0,0
8841331,1,1728,104797,0,0
4358,1,325,104827,0,1
29647,1,1711,104833,0,0
5986,1,406,104836,0,1
11561,1,2169,104849,0,1
1056,0,970,104878,0,0
11944,0,2108,104915,0,0
10916,1,2761,104919,0,0
14508,1,2455,104924,0,1
4369,0,2053,104964,1,0
1350968,0,1753,104972,0,0
1673,0,1637,104984,0,0
829,0,452,104993,0,1
4170,1,634,105015,0,1
2948,0,1559,105018,0,0
632,0,999,105030,0,0
392,0,1575,105080,0,0
35206,1,2095,105095,0,1
6538,1,1849,105127,0,1
17778,1,818,105135,0,1
11873,1,1011,105188,0,0
403,1,1259,105223,0,0
15660,0,2462,105251,0,1
2041,0,3311,105280,0,0
6262,1,1818,105301,0,1
15818,1,329,105304,0,1
12186,1,1888,105321,0,1
3089,0,1777,105331,0,0
1748,0,1070,105339,0,0
34678,1,2317,105370,0,1
101105,1,1228,105378,0,0
36615,0,2530,105401,0,1
11667,1,1783,105422,0,1
23629,1,911,105426,0,1
10228,0,968,105444,0,1
2443,1,1000,105447,0,1
178705,1,1559,105448,0,0
18578,1,1299,105451,0,1
1516,0,437,105455,0,0
5569,1,1489,105461,0,0
4576,0,1419,105466,0,1
317,0,1135,105468,0,0
27268,1,1344,105502,0,1
1604,1,735,105530,0,1
221275,1,2119,105549,0,1
78339,1,2377,105554,0,1
4171,1,1058,105622,0,0
3721,1,309,105641,0,1
1585,0,1084,105656,0,0
2463,0,1212,105677,0,0
12431,1,1350,105684,0,1
3179,0,725,105685,0,0
3578,1,1284,105702,0,1
14819,0,1369,105705,0,1
3945,1,1289,105706,0,0
67455,1,1789,105713,0,0
7641,1,1719,105738,0,0
1640,0,300,105747,0,0
2213,1,434,105749,0,0
2660,0,2074,105771,0,0
21514,1,1438,105790,0,0
18954,0,968,105879,0,1
2090,1,718,105915,0,0
1150556,1,2083,105919,0,0
3393,0,1640,105925,0,0
27679,1,1557,105933,0,0
6109,0,892,105983,0,1
3869,1,751,106033,0,1
2835727,1,2281,106065,0,0
2546,1,1572,106100,0,1
202450,1,613,106114,0,0
4015,1,541,106116,0,1
4022,1,2698,106122,0,0
10601,0,2793,106146,0,1
28688,1,2495,106162,0,1
6246,0,1785,106237,0,0
3441,1,2345,106238,0,1
12920,0,2168,106339,0,0
3521,1,1393,106342,0,1
3919,0,917,106346,0,1
35184,1,1996,106363,0,1
1928,0,610,106393,0,0
1159,0,1364,106401,0,0
2336,1,1366,106414,0,1
789518,1,910,106417,0,0
1728,0,1347,106446,0,0
2869,1,1268,106473,0,1
67667,1,1143,106519,0,0
1026,0,1595,106528,0,0
3058,1,1267,106539,0,0
652544,0,1479,106544,0,0
716,0,1597,106567,0,0
3721,0,879,106577,0,1
1306,0,590,106622,0,1
13643,0,2717,106648,0,0
7175,1,2194,106670,0,0
14566,0,941,106671,0,1
2596,1,1357,106675,0,0
2424,0,639,106680,0,0
107375,0,1447,106689,0,1
1404,0,910,106714,0,0
41183,1,1570,106726,0,1
5420,1,537,106782,0,0
2944,1,1208,106795,0,1
331,1,1672,106823,0,0
1605,1,1974,106841,0,0
11401,1,1566,106850,0,1
6241,1,1567,106853,0,1
12003,1,1054,106862,0,0
31983,1,837,106863,0,1
1125,1,930,106904,0,0
131827,1,2095,106918,0,1
4827,1,1362,106955,0,1
54845,1,1551,106963,0,1
5139,1,1868,107030,0,1
37070,0,1326,107045,0,1
18684,0,1881,107052,0,1
26387,1,1749,107060,0,1
664,0,1930,107067,0,0
15024,1,690,107080,0,1
5143,1,231,107128,0,1
5969,0,1817,107143,0,1
32,1,444,107162,0,0
329030,0,2031,107169,0,0
1436,0,1948,107179,0,0
2082,1,1209,107208,0,1
12822,0,944,107221,0,0
45151,1,1373,107222,0,1
1085,0,628,107234,0,0
12967,1,1310,107250,1,0
1428,1,1402,107260,0,0
1328,0,1053,107283,0,0
1325,1,2138,107284,0,0
3337,0,773,107323,0,1
1452,1,1644,107355,0,0
27149993,0,1453,107365,0,0
12710,1,1304,107378,0,1
13547,1,550,107383,0,1
3378,1,727,107391,0,0
244415,0,1987,107399,0,0
15127,1,979,107417,0,1
30259,0,549,107453,0,1
72555,1,2266,107466,0,1
59993,1,1451,107470,0,1
3595,0,1553,107471,0,0
4302,1,1891,107472,0,0
11532,0,559,107485,0,1
9894,0,637,107506,0,0
8468,1,475,107509,0,1
21176,0,1058,107520,0,1
15840,1,975,107526,0,1
271129,0,1589,107539,0,0
3314,1,1362,107565,0,1
4964,1,1207,107566,0,1
11693,1,880,107607,0,1
1876,1,2016,107610,0,1
6136,0,741,107624,0,1
6105,1,635,107648,0,1
6002,1,682,107659,0,1
1614,1,997,107675,0,0
916,1,1335,107677,0,0
15787,1,995,107692,0,1
3770,0,1006,107694,0,0
627,0,837,107700,0,0
2165,1,1378,107720,0,0
4987951,0,1943,107745,0,0
439,0,1569,107780,0,0
43686,1,2495,107799,0,0
9685,0,1904,107807,0,0
39011,1,1504,107820,0,1
27054,1,1325,107838,0,1
20185,0,1532,107856,0,1
3725,1,794,107886,0,1
20634,1,1069,107894,0,1
32985,1,1281,107915,0,1
21943,1,973,107916,0,1
90998,1,1845,107955,0,0
58786,1,1920,107957,0,1
113342,1,2056,107959,0,1
13385,1,988,107965,0,0
7846,0,1355,107966,0,1
1205,0,1411,107978,0,1
5094,0,1470,107984,0,0
51349,0,1684,107992,0,0
23939,1,2337,108027,0,1
38918,1,1830,108029,0,1
2838,1,2191,108047,0,1
3313,0,1906,108053,0,0
2711,0,412,108059,0,0
3979,1,2403,108072,0,1
6687,1,1233,108106,0,0
1387,0,614,108143,0,0
1707,1,945,108146,0,0
10271,1,1169,108156,0,1
75211,1,1403,108160,0,1
6123,0,2012,108165,0,0
5330667,1,907,108168,0,0
90877,1,1367,108171,0,1
1065,1,1156,108173,1,0
2095,1,1513,108174,0,1
1302,1,1928,108191,0,0
22895,0,2122,108211,0,0
98198,0,1766,108227,0,0
1666,1,1442,108238,0,1
11419,1,979,108250,0,0
1013,0,1838,108251,0,0
57,0,113,108258,1,0
18345,0,1272,108271,0,1
1525,1,1945,108314,0,0
383,0,702,108323,1,0
2103,0,527,108339,0,0
3899,0,1370,108350,0,1
1494,1,611,108367,0,0
13464,1,2404,108381,0,1
57706,0,1256,108388,0,0
1561,0,2088,108426,0,0
5646,1,2251,108430,0,1
7414,0,594,108440,0,1
1598,0,461,108504,0,0
1236,0,1310,108512,0,0
5494,0,1177,108560,0,0
1533,0,706,108571,0,0
220413,0,1457,108588,0,0
22344,1,1527,108592,0,1
3467,1,667,108598,0,1
3429,1,1386,108629,0,1
8179,1,396,108692,0,0
1184,0,1359,108709,0,0
283,0,1150,108733,0,0
774,1,1394,108747,0,0
2958,0,365,108796,0,1
14538,0,2659,108802,0,0
16997,0,2135,108817,0,0
15697,0,1298,108830,0,1
7396,0,1043,108831,0,1
3065,1,1591,108876,0,0
1445,0,753,108943,0,0
1446,0,2032,108949,0,0
2732,1,846,108957,0,0
3799,0,507,108980,0,1
3990,1,1082,109032,0,1
51552,1,1607,109045,0,1
10662,1,1013,109076,0,1
7916,1,408,109078,0,1
219050,0,1716,109097,0,0
1778,0,1256,109113,0,0
3461,1,488,109139,0,0
43984,1,1202,109155,0,0
3203,0,1092,109169,0,1
5254,1,1519,109176,0,1
21944,1,1015,109210,0,0
758,1,857,109230,0,0
13866,1,1845,109234,0,1
22966,1,230,109235,0,1
55300,0,622,109237,0,0
18333,0,1063,109253,0,1
1495209,1,1133,109260,0,0
2448,0,735,109279,0,0
5931,1,2217,109280,0,1
2494,0,643,109285,0,0
6016,1,772,109316,0,1
19010,1,1733,109352,0,1
30674,1,843,109367,0,1
62619,1,1365,109395,0,1
11542,0,1815,109408,0,1
620678,1,2283,109416,0,1
9978,1,1349,109427,0,1
5001,0,2116,109445,0,1
16678,0,2095,109451,0,0
909,0,2075,109457,0,0
7320,0,1699,109463,0,0
1087,1,537,109513,0,0
7010,0,362,109570,0,0
1245,1,1756,109572,0,0
5005,1,818,109574,0,1
10082,1,773,109605,0,1
199,0,218,109611,0,0
11544,1,1363,109666,0,1
47616,1,1991,109674,0,1
512,1,187,109683,0,0
32124,0,1969,109691,0,1
4248,0,1626,109696,0,1
40023,0,2798,109732,0,0
7753,0,1763,109739,0,0
15488218,1,1857,109744,0,0
34720,1,1028,109781,0,1
1420203,0,2768,109785,0,0
7752,1,1647,109819,0,1
49573,1,639,109850,0,1
2374,1,1517,109856,0,0
4997,1,553,109857,0,1
7567,0,1822,109868,0,1
13992,1,1376,109884,0,1
856,0,429,109932,0,0
3197,1,2095,109940,0,0
2774,0,1483,109967,0,0
16426,1,1783,109972,0,1
3325,0,2672,109988,0,0
4613,0,1865,109993,0,1
38252,1,1623,110029,0,1
8530,1,733,110041,0,0
1309,0,597,110042,0,0
11179,1,575,110058,0,1
22829,1,1358,110095,0,0
1046,0,1777,110099,0,0
5369,1,784,110124,0,1
20569,1,803,110136,0,1
16529,1,469,110139,0,1
1102,1,634,110141,0,0
18615,1,2070,110234,0,0
66367,1,326,110236,0,1
172,0,996,110246,0,0
684,0,766,110285,0,0
6436,0,1065,110293,0,0
19533,1,818,110303,0,0
2757,0,1231,110331,0,0
19032,1,1181,110376,0,1
586,1,278,110379,0,0
9287,1,1281,110382,0,1
1098,0,2257,110391,0,0
16549,1,1540,110404,0,1
7942,0,1310,110406,0,1
2016,1,1916,110418,0,0
2813,0,1075,110436,0,1
18549,1,654,110459,0,1
45493,1,2930,110476,0,1
2486448,1,1916,110485,0,0
13692,1,583,110561,0,1
71292,1,863,110564,0,1
4413,1,1025,110581,0,1
5253,1,741,110635,0,1
15416,1,1660,110679,0,0
26855,1,1385,110710,0,1
574,0,1086,110717,0,0
4400,1,1653,110718,0,0
4532,1,1194,110733,0,1
3030,0,1435,110777,0,0
333109,1,1400,110779,0,1
849,1,1848,110780,0,0
23959,0,504,110786,0,1
12440,1,807,110824,0,1
41697,1,1534,110934,0,0
6641,1,491,110951,0,1
17860,0,2064,110966,0,1
626549,0,1683,110967,0,0
4795,0,500,110974,0,1
1502,0,571,111011,0,0
7451,1,2107,111017,0,0
111226,1,913,111049,0,1
402145,1,1851,111110,0,0
11549,1,799,111174,0,1
5306,1,2241,111177,0,0
37816,1,1563,111179,0,1
4845,1,685,111214,0,0
8232341,1,1778,111246,0,0
4639,1,856,111268,0,1
3592,1,347,111272,0,1
15913,1,1842,111294,0,0
2758,0,648,111350,0,1
3204,1,1735,111357,0,0
154119,1,1818,111368,0,1
6929,1,903,111370,0,1
7044,1,875,111379,0,1
326,0,1143,111382,0,0
16771,1,2053,111396,0,1
2852,0,1094,111418,0,0
4482,1,1043,111441,0,1
507963,0,1808,111469,0,0
2822,0,689,111487,0,1
605,0,2170,111508,0,0
12988,1,1217,111539,0,1
1345967,1,1926,111541,0,0
1029,0,962,111558,0,0
183,0,1941,111579,0,0
866,0,1199,111608,0,0
14422,0,2028,111615,0,0
8973,1,1515,111680,0,1
91913,1,958,111687,0,1
14774,0,1138,111721,0,1
4074,1,706,111725,0,1
9456,1,1349,111730,0,1
1999,0,2038,111741,0,0
2502,1,593,111762,0,0
4618,1,423,111773,0,1
26830,0,1566,111783,0,1
2377,1,1633,111792,0,1
4938,0,521,111813,0,1
5448573,0,2451,111826,0,0
9133,1,1738,111833,0,1
1160,1,1460,111838,0,0
555,0,193,111850,0,0
26146,0,2092,111870,0,1
22177,1,1804,111883,0,0
1108,1,1346,111889,0,0
414,1,974,111890,1,0
6486,1,1860,111908,0,0
1844,1,1270,111931,0,0
631,1,425,111951,0,0
188,1,1116,112023,0,0
829,0,663,112044,0,0
10732,0,1884,112092,0,1
367355,1,1413,112107,0,0
10782,1,647,112109,0,1
6506,1,562,112112,0,0
20461,1,727,112168,0,1
11011284,1,2036,112176,0,0
7575,1,1256,112186,0,1
70265,1,666,112239,0,0
2062,0,1139,112241,0,0
3513,0,2236,112272,0,0
8887,1,2080,112280,0,1
189492,1,966,112287,0,0
27284,1,1490,112297,0,1
3516,0,2046,112303,0,1
1180,1,1221,112324,1,0
11475,0,1576,112332,0,1
4382,0,1215,112356,0,1
4122,1,2212,112363,0,1
12032,1,1570,112466,0,1
11270,1,1364,112471,0,1
432635,0,1703,112492,0,0
1915,0,613,112514,0,0
1206,0,1793,112626,0,0
7836,1,830,112629,0,1
5914,1,694,112694,0,1
12520,1,1185,112709,0,1
8221,1,1020,112717,0,1
5035,1,2055,112743,0,1
1876,0,1337,112770,0,0
20405,1,223,112790,0,1
2752,1,1029,112800,0,0
19198,1,683,112805,0,1
1547,1,1049,112806,0,0
2838,1,814,112831,0,0
721,0,290,112836,1,0
45767,1,1634,112846,0,1
14410,0,2211,112861,0,1
5530,1,969,112893,0,1
14756,0,846,112923,0,1
2988557,1,1811,112925,0,0
16349,1,1089,112946,0,1
7524,0,2007,112948,0,0
3054,0,2314,112978,0,0
974,1,2646,112984,0,0
76810,0,1327,112985,0,1
11348,0,1486,113017,0,1
452,0,958,113045,0,0
2560,1,1623,113054,0,1
61157,1,2147,113112,0,1
15084,1,805,113129,0,1
8552,1,1169,113165,0,1
3830,1,949,113209,0,1
7618,1,1372,113216,0,1
2203,1,1132,113252,0,0
60847,0,1427,113258,0,1
16380,1,1422,113272,0,0
18689,0,2124,113293,0,0
23735,0,593,113301,0,1
409,1,1933,113313,0,0
337,0,2352,113324,0,0
382,0,1318,113336,0,0
54809,1,895,113345,0,1
2326,1,1835,113347,0,1
10509,1,1526,113348,0,0
474038,1,1938,113364,0,0
35867,1,1696,113366,0,1
7139,1,1191,113379,0,1
1849,0,886,113384,0,0
26037,1,1034,113397,0,1
2813,1,2103,113398,0,1
5684,1,1623,113399,0,0
1725,0,2073,113409,0,0
71631,0,1450,113419,0,1
46285,1,942,113427,0,1
16561,0,784,113431,0,1
8761,1,3261,113469,0,1
3147,1,2768,113476,0,1
34145,1,1141,113532,0,1
26260,1,1716,113540,0,1
407750,0,1309,113546,0,1
7713,1,1643,113567,0,1
14762,1,972,113573,0,1
32744,0,824,113584,0,0
68888,1,724,113602,0,1
50801,1,1100,113626,0,0
1412374,0,1937,113631,0,0
30205,0,1005,113633,0,1
12232,0,1783,113634,0,0
12844,1,1080,113651,0,1
3608,1,1870,113675,0,1
49384,1,1467,113677,0,1
3338,0,2054,113687,1,0
1051,1,1381,113690,0,1
735,0,1158,113691,0,0
1661,1,2097,113699,0,0
31690,1,1986,113711,0,1
17374,1,2005,113713,0,1
872,0,1124,113715,0,0
90464,0,1025,113785,0,1
5824,1,1533,113794,0,0
22474,1,963,113818,0,1
938,1,1442,113824,1,0
15475,1,293,113828,0,1
4261,1,1490,113850,0,0
660,0,1809,113851,0,0
303902,1,1170,113886,0,0
12882,1,942,113897,0,1
2045,0,2044,113927,0,1
9628,1,1755,113934,0,1
1216,0,1072,113960,0,0
167134,1,870,113961,0,0
14094,1,1188,113964,0,1
138960,1,1857,113968,0,0
9844,1,1042,114009,0,1
8868,0,1492,114010,0,1
2320,0,1830,114031,0,0
70127,0,2045,114045,0,0
4079,1,1687,114075,0,1
6750,0,1092,114097,0,0
1799,1,2425,114120,0,0
10154,1,2198,114128,0,1
26942,1,1087,114142,0,1
355,0,817,114165,0,0
796,0,965,114176,0,0
3196,0,2136,114203,0,0
1304,0,229,114206,0,0
1130,1,1809,114214,0,0
1607,1,325,114226,0,1
3794,1,2899,114247,0,0
3420,1,942,114250,0,1
585,1,339,114252,0,0
8098,0,2176,114262,0,1
6823,1,682,114276,0,1
461672,1,3329,114278,0,0
226,0,402,114284,0,0
80708,0,2014,114348,0,1
33083,0,1860,114349,0,1
80847,1,1649,114400,0,1
1924,0,495,114407,0,1
21557,1,2141,114414,0,1
1947,0,2051,114432,0,0
4625,1,1995,114443,0,1
53573,1,1405,114481,0,1
862,0,412,114493,0,0
79962,0,1707,114499,0,1
4803,1,631,114509,0,1
2423,1,826,114536,0,1
10735,1,753,114547,0,1
1769,0,1031,114573,0,0
4314,1,974,114597,0,1
861,1,1379,114614,0,0
7679,1,1367,114617,0,1
25410,1,1327,114621,0,0
6323,0,1258,114650,0,1
3040,1,451,114674,0,1
1125,0,1304,114726,0,0
4094,1,1097,114731,0,0
1178236,0,3171,114750,0,0
1415,0,1449,114751,0,0
5817,1,2013,114758,0,1
718528,1,1999,114763,0,0
4603,1,1341,114767,0,1
7134,0,408,114779,0,1
755,1,2026,114793,0,0
2046,1,1049,114796,0,0
312011,1,2293,114811,0,1
25758,1,2057,114844,0,1
38913,1,1420,114848,0,1
36455,1,1536,114864,0,0
10846,0,1144,114928,0,1
5415,1,2345,114929,0,1
283092,1,1630,114954,0,0
3735,1,1993,114975,0,0
3623,0,1804,114978,1,0
644,0,370,114986,0,0
3979,0,1542,114995,0,0
4223,1,676,115000,0,1
3177,0,514,115012,0,1
44405,1,1582,115013,0,0
923,0,2037,115034,0,0
2754,0,2007,115036,0,0
3196,1,1333,115067,0,0
1583,0,1441,115068,0,0
4041,1,1869,115073,0,1
8007,0,651,115105,0,1
34139,1,1383,115141,0,1
392,0,1307,115156,0,0
9471,0,306,115173,0,1
14322,1,1497,115185,0,1
5425,1,903,115197,0,0
880,0,494,115209,0,0
4040,0,254,115227,0,1
16838,0,1278,115232,0,1
34620,1,2282,115286,0,1
369,1,474,115303,0,0
12694,0,2086,115335,0,0
1971,0,914,115344,0,1
192919,1,874,115350,0,1
1484,0,1680,115356,0,0
8437,0,1505,115359,0,1
16380941,1,1529,115433,0,0
5101,0,1522,115465,0,1
540,0,2407,115503,0,0
12936,1,777,115513,0,1
5336,1,1345,115523,0,1
11487,1,1215,115570,0,1
71485,1,2733,115572,0,0
8177,1,1279,115643,0,1
822,1,1674,115647,0,0
4790,1,1849,115652,0,0
2994,1,2262,115663,0,1
51879,1,885,115676,0,1
1352,0,1292,115687,0,0
65163,1,1103,115705,0,1
9325,0,1267,115734,0,1
3856,1,1176,115752,0,1
2155,0,1356,115787,0,0
254162,1,2364,115812,0,0
760,0,1173,115830,0,0
11940,1,819,115836,0,1
3071,0,1338,115842,0,0
153,0,549,115862,1,0
10455,1,774,115883,0,1
8083,1,941,115910,0,1
1366,0,1411,115963,0,0
3539,1,2438,115970,0,0
14002,1,433,115973,0,1
1619,0,332,115987,0,0
18748,1,2018,116017,0,0
2100,0,1367,116018,0,0
72730,1,1471,116053,0,1
20804,0,1788,116064,0,0
2815,0,2090,116086,0,0
10466,0,813,116099,0,1
952,0,1499,116107,0,0
1262,1,1397,116112,0,0
601,0,1991,116116,0,0
1354,0,1279,116142,0,0
3459,1,635,116143,0,1
3918,0,2041,116144,0,1
18732,1,626,116157,0,1
39765,0,2076,116168,0,1
110558,0,1539,116174,0,0
1147,0,1383,116193,0,0
180,1,1829,116196,0,0
4189,0,1361,116216,0,1
18783,1,1020,116223,0,1
3335,1,1941,116224,0,0
2377,0,1572,116227,0,0
7632,0,2038,116259,0,0
4709,0,1376,116269,0,0
96784,1,1558,116298,0,1
35731,1,2707,116332,0,1
5243,0,1100,116341,0,1
74553,1,2156,116371,0,1
177768,1,2203,116376,0,0
11534,0,1897,116379,0,1
72285,0,2928,116386,0,0
26753,1,2692,116399,0,1
2419,0,970,116405,0,0
4004,0,820,116407,0,1
1612,1,768,116409,0,0
36720,0,995,116436,0,0
18615,1,1726,116476,0,1
3250,0,1810,116481,0,0
1042,1,952,116487,0,0
2981,0,345,116494,0,1
1576,1,1684,116497,0,0
2059,1,1520,116526,0,0
3034,1,1344,116544,0,1
10265,1,1347,116562,0,1
120908,1,1020,116604,0,1
42651,1,1410,116622,0,1
4159,0,969,116643,0,1
3981,0,2279,116660,0,0
14274,1,2368,116730,0,1
1839,1,980,116759,0,0
8647,1,1679,116764,0,1
14726,1,1631,116788,0,1
1202,0,723,116806,0,0
900,1,2203,116857,0,0
266,0,1485,116886,0,0
20231,1,847,116902,0,1
157110,0,1968,116903,0,0
10481,0,1918,116923,0,0
10707,0,841,116933,0,1
45766,1,932,116950,0,1
10082,0,756,116971,0,1
4334,0,1611,116973,0,1
2796,1,1304,116999,0,1
8586,1,1898,117012,0,1
1672,1,622,117026,0,0
2135227,1,1572,117034,0,0
609,0,1723,117052,0,0
13505,1,2076,117062,0,1
4292,1,2490,117088,0,1
2225,0,1674,117129,0,0
36572,1,1228,117148,0,1
23748,1,858,117155,0,1
1831,0,1753,117157,0,0
2299,0,950,117160,0,0
11687,1,1321,117165,0,1
1372,0,869,117167,0,1
46006,1,753,117185,0,1
24205,1,2155,117204,0,1
10215,0,2240,117244,0,0
4460,1,1452,117252,0,1
1211,0,991,117269,0,1
17897,1,1102,117278,0,1
3447,1,593,117310,0,1
2191,1,1006,117314,0,0
5649,1,672,117358,0,0
111996,1,1717,117363,0,1
5319,1,1025,117389,0,1
3468,1,478,117396,0,1
1385,0,1031,117417,0,0
10568,1,1907,117419,0,0
8276,1,1322,117422,0,1
2127,0,2337,117425,0,0
1591,1,576,117429,0,0
6538,0,2139,117448,0,1
3043,0,1277,117462,0,0
5403,1,1107,117465,0,0
2979,1,990,117531,0,1
10064,1,835,117577,0,1
35498,1,921,117587,0,1
2169,0,689,117636,0,1
4835,0,484,117655,0,1
11137,0,2169,117669,0,1
14037,1,2393,117677,0,1
15912,0,554,117687,0,1
5276,1,1595,117690,0,1
3072,0,2140,117706,0,0
6221,1,1664,117716,0,1
2839,1,1950,117720,0,1
2600,0,1183,117750,0,1
2846,0,1650,117806,1,0
3389,0,949,117869,0,0
4765,0,1896,117916,0,0
6333,1,975,117919,0,1
4055,0,1115,117921,0,1
12786,0,2167,117929,0,0
7298,1,1025,117930,0,1
18414,1,1286,117948,0,1
1135,0,1532,117965,0,0
1517,0,923,117975,0,0
18731,0,994,118016,0,1
11797,0,906,118019,0,1
2441,1,1466,118054,0,0
2046,1,1838,118055,0,1
4353,1,616,118094,0,1
433257,1,2627,118104,0,0
344,0,1078,118105,0,0
4153,1,751,118113,0,1
6136,1,981,118132,0,1
3278,0,278,118179,0,1
2290,0,644,118188,0,1
2132,0,1154,118199,0,0
979,0,1420,118229,0,0
12779,1,1219,118243,0,1
1146,1,1371,118246,0,0
12311,1,880,118248,0,1
2317,1,929,118250,0,1
6474,1,363,118251,0,1
1714,0,1489,118265,0,1
28468,1,2239,118283,0,1
1777,0,1539,118307,0,0
11588,1,1616,118322,0,1
23339,1,1164,118326,0,1
649,0,502,118381,0,0
2149,1,1567,118419,0,0
2781,0,997,118428,0,0
4589,1,788,118429,0,1
58260,1,2591,118430,0,1
7752,1,1586,118473,0,1
2395,1,1747,118476,0,0
9811,1,1883,118530,0,1
1343,0,1007,118554,0,0
84309,1,1206,118555,0,0
139281,1,1756,118560,0,1
22095,1,869,118570,0,1
18495,1,1639,118588,0,1
277325,1,576,118599,0,0
952,0,1119,118692,0,0
194483,1,1638,118709,0,0
6166,1,1625,118721,0,1
220,0,2158,118730,0,0
796,0,414,118761,0,0
22237,1,1308,118777,0,1
1234,0,526,118778,0,0
27251,1,2288,118781,0,1
4736,1,409,118791,0,1
10348,1,1371,118805,0,0
645,0,1256,118808,0,0
2018610,1,1456,118826,0,0
3968,0,1096,118830,0,1
34730,0,1438,118849,0,1
3871,1,1187,118854,0,1
8494,1,892,118861,0,0
25777,0,880,118874,0,1
3655,0,994,118889,0,1
8765,0,1107,118926,0,1
8871,0,2106,118928,0,0
200331,1,1701,118933,0,0
14750,1,835,118935,0,1
28210,1,733,118938,0,0
4395,1,1531,118940,0,0
32019,1,708,118987,0,1
27878,0,2282,119013,0,1
359,1,795,119020,0,0
31977,1,1148,119025,0,0
4192,1,1125,119041,0,0
2538,0,1663,119052,0,0
3399,0,685,119065,0,0
213038,1,1356,119099,0,0
1597239,0,1936,119122,0,0
780,0,604,119177,0,0
1672,1,1051,119184,0,0
87758,0,2516,119191,0,0
1160,1,2057,119203,0,0
6163,0,740,119222,0,0
5856,1,1355,119225,0,1
956936,1,1483,119251,0,0
176,0,1299,119253,0,0
29720,0,2732,119283,0,1
1291,1,990,119299,0,0
2339,0,241,119323,0,1
81351,1,2387,119345,0,1
8019,0,1276,119365,0,1
1039,0,1025,119387,0,0
2352,0,1118,119398,0,0
4830,1,1183,119402,0,0
216,0,602,119405,0,0
91900,0,1288,119431,0,1
8962,1,818,119436,0,1
3819,1,1349,119478,0,0
3783,0,1545,119481,0,0
1476,0,1680,119531,0,0
19817,1,1237,119549,0,1
8276,1,2333,119561,0,1
1635,1,636,119565,0,0
12027,0,522,119571,0,1
1935548,0,2554,119595,0,0
1065139,0,1602,119599,0,0
33708,1,2281,119605,0,1
8870,0,1695,119637,0,0
169262,1,581,119679,0,0
228,0,231,119686,0,0
9918,1,1923,119693,0,1
799,1,953,119711,0,0
25873,0,684,119748,0,1
5202,1,641,119754,0,0
6651,1,1697,119787,0,1
175879,1,405,119802,0,1
11582,1,1222,119811,0,0
1607,0,1836,119817,0,0
398,1,566,119826,0,0
966,0,1547,119827,0,0
12062,1,801,119835,0,1
597,1,1135,119856,0,0
7582,0,254,119886,0,1
11869,1,1504,119889,0,1
180519,0,2145,119890,0,1
8376,1,1835,119908,0,0
30483,1,1892,119916,0,1
1070,0,266,119938,0,0
535,1,1404,119952,0,0
57695,1,1568,119965,0,1
1695,1,1640,120020,0,1
25101,1,1191,120045,0,1
610,0,1070,120050,0,0
1563,1,1351,120149,0,0
1226,1,1823,120160,0,0
55051,0,2015,120165,0,1
23837,1,1014,120186,0,1
3547,0,2162,120196,0,1
3430,0,1297,120239,0,0
270,1,1008,120275,0,0
79153,0,1952,120289,0,1
9004,1,712,120304,0,1
351988,0,1901,120308,0,1
1267,0,850,120359,0,0
1497218,1,2148,120363,0,0
3327,1,771,120365,0,1
837,0,1881,120384,0,0
6462,0,958,120426,0,0
862,0,1328,120436,0,0
5640,1,2281,120459,0,1
1969,1,990,120470,0,0
184507,1,2464,120499,0,1
626,1,1168,120501,0,0
2413,0,1405,120528,0,0
115,1,481,120534,0,0
678,0,1401,120543,0,0
702,1,491,120552,0,0
3238,0,1768,120594,0,0
2307,1,1022,120631,0,0
5248,0,640,120641,0,0
58424,1,2041,120649,0,1
4869,0,1339,120652,0,0
2173,0,701,120659,0,1
10941,1,1598,120666,0,1
11764956,0,3209,120668,0,0
902602,1,1360,120697,0,0
3626,1,981,120701,0,1
3190,1,2349,120707,0,1
5331,0,2276,120708,0,1
1659,0,1082,120712,0,0
20726,0,1905,120725,0,1
5529,0,1234,120727,0,0
1583,1,907,120751,0,0
32384,0,1972,120755,0,1
28103,0,999,120764,0,1
4536,1,271,120794,0,1
25087,1,2182,120812,0,1
11915868,0,1851,120818,0,0
8322,1,1921,120820,0,1
13769,1,789,120872,0,1
5107505,0,1737,120878,0,0
29940,1,1326,120910,0,1
2346,1,700,120919,0,1
490896,1,1354,120927,0,0
11114,1,2005,120946,0,1
2031144,0,2116,120947,0,0
1001,0,991,120948,1,0
19420,1,2086,120950,0,1
86845,0,2774,120969,0,0
56786,1,2021,120998,0,1
694,0,2449,121027,0,0
250073,0,1225,121044,0,0
3657,0,2225,121068,0,1
26820,0,947,121079,0,1
430517,1,2296,121090,0,0
196545,1,1637,121099,0,0
3633,0,363,121105,0,1
2781,1,1392,121143,0,0
4985,1,636,121152,0,1
3183,1,1332,121183,0,1
5367,0,390,121190,0,1
4664,0,665,121216,0,1
12813,1,1364,121223,0,1
1120,0,1006,121250,0,0
1862,1,1216,121300,0,0
7256,1,1798,121310,0,0
6664,0,1026,121311,0,1
9449,1,967,121317,0,1
2896,1,1944,121320,0,0
8412,1,669,121340,0,1
1613,0,1169,121343,0,1
8893,1,1428,121348,0,1
15113,1,1295,121365,0,1
655,0,1409,121370,0,0
2284,1,345,121374,0,1
2551,1,1877,121378,0,0
2165,1,920,121406,0,0
1300,0,1012,121447,0,1
8924,0,1924,121455,0,0
3980,0,1860,121479,0,1
1288,1,1383,121481,0,0
15603,1,1031,121483,0,1
14175,1,1089,121500,0,1
9558,1,917,121507,0,0
1202,0,1673,121510,0,0
128817,1,779,121512,0,1
59630,0,1659,121516,0,1
5634,1,1316,121561,0,1
1235,1,1290,121586,1,0
2138,1,737,121608,0,1
1167,1,593,121659,0,0
1890,1,853,121706,0,1
6888,0,961,121713,0,1
1820,0,266,121762,0,0
1049,1,625,121791,0,0
17841,1,2036,121794,0,1
9027,0,1675,121801,0,1
16911,1,2111,121845,0,1
1082,1,411,121856,0,0
3968,1,1487,121865,0,1
188780,1,1870,121896,0,0
3767,1,1116,121897,0,0
18327,1,1054,121902,0,1
1179,1,2262,121903,0,0
50725,1,2209,121913,0,1
81047,1,2149,121921,0,1
20124,1,2348,121925,0,1
129231,0,895,121940,0,1
3420,1,1066,121950,0,0
5668,0,1598,121952,0,1
43649,1,1081,122007,0,1
13654,1,933,122008,0,1
1538,1,789,122046,0,0
1708,0,1653,122066,0,0
3068,1,1996,122076,0,1
9641,0,2260,122085,0,1
1851,0,1658,122089,0,1
9322,0,794,122114,0,0
9257,1,865,122121,0,1
68802,0,514,122141,0,1
27369,1,1265,122151,0,1
22885,1,1663,122157,0,1
1226,1,1551,122199,0,0
5378,1,2033,122206,0,0
45408,0,2190,122207,0,0
464,0,818,122216,0,0
2076,1,1164,122218,0,0
1137,1,1207,122261,0,0
9451,1,574,122280,0,0
12200,1,650,122284,0,1
1947,1,1114,122302,0,1
10119,1,2041,122312,0,0
49333,1,1119,122319,0,1
2797,0,2153,122343,0,0
9416,0,1065,122367,0,1
15845,1,542,122398,0,1
6977,0,816,122410,0,1
3898,1,1678,122469,0,0
896,0,1263,122476,0,0
14107,1,454,122505,0,1
808,1,740,122520,0,0
77953,1,2103,122522,0,1
2882,0,1950,122541,0,0
7115,1,2080,122544,0,1
14570,1,1018,122578,0,1
3913,1,1819,122590,0,0
2764,0,2748,122591,0,0
23119,0,1809,122600,0,1
1740,0,2160,122610,0,1
910,1,659,122662,0,1
12985,1,665,122672,0,1
4329,0,934,122698,0,1
11741,0,1955,122787,0,1
261,1,1124,122826,0,0
2400,0,1151,122859,0,1
13160,1,1873,122886,0,1
7730,0,834,122889,0,1
2453,1,926,122941,0,1
87918,1,1957,122957,0,0
45953,0,1789,122962,0,1
8781,1,2013,122984,0,1
779,0,723,122996,0,0
38245,1,535,123010,0,1
1639,0,858,123014,0,0
27649,0,2724,123020,0,0
15655,0,2895,123026,0,1
35409,1,1550,123071,0,1
1707,1,2363,123085,0,0
8042,0,1806,123098,0,0
540,0,1805,123113,0,0
93100,0,2223,123151,0,0
21184,1,2198,123185,0,1
1169,0,729,123306,0,1
51121,1,2772,123313,0,1
2684,1,992,123314,0,1
74781,0,2798,123350,0,1
322384,1,2339,123418,0,0
1093,1,1284,123434,0,1
13034,1,1448,123441,0,1
11801,0,1515,123478,0,0
1630,0,912,123479,0,1
2680,1,871,123496,0,1
5703,0,503,123514,0,1
31223,0,1722,123517,0,0
626871,0,912,123536,0,0
446,0,314,123542,0,0
5818,1,1541,123553,0,1
3302,1,830,123563,0,1
328,0,1351,123564,0,0
16071,1,1228,123575,0,1
4592,1,2028,123582,0,0
7023,1,2386,123622,0,0
30834,1,783,123634,0,1
9409,1,790,123657,0,1
53292,1,1398,123669,0,1
121845,0,2760,123676,0,1
2728,1,1257,123680,0,1
350202,0,2444,123696,0,0
552,0,1674,123708,0,0
5938,0,2431,123733,0,0
25202,1,1413,123739,0,0
26946,1,1902,123743,0,0
126100,1,1567,123753,0,0
16300,1,765,123760,0,1
17872,0,1412,123771,0,1
2413,1,1305,123804,0,1
14375,0,1357,123814,0,1
52006,0,1472,123818,0,0
14428,1,335,123826,0,1
4127,1,2190,123857,0,1
15023,0,723,123859,0,1
5266,1,1450,123860,0,0
269,0,971,123872,0,0
223264,1,1402,123894,0,0
4673,0,2030,123898,0,0
284816,1,1640,123914,0,0
4249,1,653,123937,0,1
1528,0,399,123945,0,0
6565,1,1670,123961,0,1
1395,1,1474,123990,0,0
4282,1,2487,124002,0,0
1133,1,1338,124019,0,1
730,1,763,124048,0,0
14849,0,759,124050,0,1
61407,1,790,124118,0,1
6443,1,1660,124124,0,0
6350,1,1672,124129,0,1
10267,0,1900,124130,0,1
118453,0,1934,124133,0,0
2425,1,2411,124165,0,1
14169,1,866,124177,0,0
176,0,923,124204,0,0
25,1,440,124206,1,0
293,0,2411,124208,0,0
25026,0,2103,124222,0,0
11805,1,728,124253,0,1
6757,0,1757,124275,0,0
2141,1,1658,124282,0,0
574546,1,1037,124289,0,0
16855,1,2156,124348,0,1
339,1,2558,124353,0,0
12700,0,848,124373,0,1
2405,0,1682,124380,0,0
349492,1,1333,124388,0,1
3077,1,1003,124399,0,0
5837,1,2031,124410,0,1
4514,1,2014,124419,0,1
1101042,0,1860,124422,0,0
20654,1,996,124434,0,1
1016,0,1719,124443,0,0
2757,1,1757,124455,0,1
7222,1,2101,124469,0,1
1404,0,1004,124478,0,0
4755,1,740,124535,0,1
15473,1,610,124649,0,1
4182,1,881,124709,0,1
222836,1,2001,124767,0,0
412,1,1197,124771,0,0
693272,1,1594,124795,0,0
29508,1,1116,124822,0,1
10171,1,1282,124840,0,1
1179,0,2318,124862,0,0
9396,0,971,124873,0,0
37653,1,2463,124875,0,1
11877,0,2047,124881,0,1
43720,1,391,124909,0,1
25791,1,1716,124910,0,1
928,1,761,124970,0,0
9107,1,1080,124982,0,1
2641,1,338,124993,0,1
3104,0,1442,124994,0,0
3574370,1,2244,125021,0,0
718,0,1682,125029,0,0
8249,0,2079,125035,0,1
12956,0,703,125037,0,1
13889,1,1758,125039,0,1
2405,1,963,125083,0,0
1145,0,1226,125084,0,0
17251,1,1959,125093,0,1
603,0,1238,125129,1,0
3758,1,242,125160,0,1
1923,0,1448,125166,0,0
40406,1,2628,125185,0,1
13299,1,2442,125209,0,1
10750,1,1804,125215,0,0
6188,0,2394,125254,0,1
3601,1,481,125284,0,1
7152,1,955,125288,0,1
1374,0,1479,125301,0,0
22471,1,2076,125342,0,1
6592,0,1924,125366,0,1
322,0,334,125386,0,0
112269,1,1243,125431,0,0
3595,1,1897,125456,0,1
10348,0,1581,125481,0,0
15706,1,928,125491,0,1
1580,1,760,125496,0,0
18867,0,1372,125509,0,0
12078,1,618,125518,0,1
930,0,1908,125520,0,0
5022,1,1004,125527,0,1
10701,1,1389,125546,0,1
4801,0,2061,125566,0,1
2747,0,1770,125576,0,0
8725,0,2048,125581,1,0
24757,0,2706,125602,0,0
496,0,1728,125621,0,0
4466,0,700,125645,0,1
1730,1,651,125676,0,0
8578,0,1555,125693,0,1
8957,1,1070,125755,0,1
6101,0,789,125761,0,1
95306,1,1329,125829,0,1
4079,1,2356,125842,0,1
6829,1,2124,125862,0,1
78325,1,1513,125895,0,1
1291,1,639,125915,0,0
29566,1,1444,125934,0,1
1669,1,588,125939,0,1
19119,1,2280,125947,0,1
827,0,556,125955,0,0
528,0,1075,125964,0,0
4305,1,1806,125988,0,1
37606,0,1060,126002,0,1
5115,1,1465,126006,0,0
127678,1,566,126036,0,0
1232,1,1181,126037,0,0
36968,0,1777,126066,0,1
3281,1,1274,126085,0,0
529457,0,2382,126092,0,0
7586,0,1244,126128,0,0
7980,1,1339,126129,0,1
2982,0,2043,126183,0,0
5341,1,1014,126217,0,0
5130,0,2636,126224,0,0
93993,1,796,126236,0,1
13023,1,1344,126257,0,1
10076,1,2277,126278,0,0
17340,1,1389,126296,0,0
24222,1,975,126324,0,1
1004,0,1166,126342,0,0
215,1,499,126368,0,0
1515,0,1186,126392,0,1
552,0,583,126393,0,0
10271,0,1887,126398,0,1
31176,1,798,126400,0,1
368882,1,2134,126403,0,0
15199,0,744,126404,0,1
5166,0,1454,126411,0,0
9759,1,455,126463,0,0
186,0,1284,126472,0,0
2470,1,1014,126509,0,0
140,0,1378,126520,0,0
1939,1,756,126530,0,0
11879,1,1411,126543,0,1
22807,1,1714,126551,0,1
895,0,1840,126582,0,0
2871,1,1164,126587,0,0
83744,1,1485,126589,0,1
3610,1,1717,126605,0,0
1712,1,484,126620,0,0
2154,0,2206,126658,0,1
10413,0,1256,126666,0,1
2252,1,2212,126690,0,0
10698,1,957,126718,0,1
6773,0,1702,126731,0,1
4668,1,1241,126762,0,0
1866,1,1085,126781,0,0
286197,1,2015,126792,0,1
909,0,1860,126807,0,0
10697,0,1893,126821,0,1
2122,0,606,126827,0,0
154114,1,2017,126832,0,1
712,1,1319,126864,0,0
2100,1,1491,126871,0,1
486,1,1488,126900,0,0
8624,0,2400,126907,0,1
6379,1,2306,126910,0,1
18147,1,1282,126919,0,1
855,0,2017,126949,0,0
6161,0,1947,126962,0,1
12364,1,2426,126964,0,0
32145,0,1248,126995,0,1
5972,0,1970,127020,0,0
7462,0,2251,127023,0,1
15728,1,1082,127035,0,1
6079,1,2149,127048,0,1
1680,0,1446,127058,0,0
20542,1,895,127068,0,1
2382,0,1309,127096,0,1
191267,1,1424,127100,0,0
2257421,1,1168,127101,0,0
6494,0,945,127119,0,1
214804,0,2041,127160,0,0
3465,0,1740,127203,0,0
7693,0,2150,127204,0,1
6050,0,2469,127228,0,1
18612,1,2091,127230,0,0
810,1,1822,127232,0,0
5940,1,1483,127243,0,0
27918,1,1361,127265,0,1
555,0,1479,127367,0,0
352,0,652,127405,0,0
1438,1,760,127459,0,1
130133,0,1550,127529,0,1
22862,1,707,127544,0,1
3983,1,1146,127551,0,1
6423,1,1615,127556,0,0
614,1,1641,127587,0,0
17340,1,1301,127604,0,0
6315,1,1350,127672,0,1
837,0,1707,127676,1,0
26888,0,1961,127696,0,0
7107,1,1310,127697,0,1
938,0,312,127739,0,0
4939,1,2244,127762,0,1
72724,1,1171,127785,0,1
726,0,1699,127832,0,0
10248,0,1791,127848,0,1
16311,1,1128,127852,0,0
4168,1,968,127856,0,1
2005,0,1321,127889,0,0
4973,0,1917,127896,0,0
17038,0,3417,127900,0,0
232273,1,2407,127907,0,0
11644,0,1371,127949,0,1
9235,1,1977,127951,0,0
34592,0,1009,127956,0,1
877,1,1157,127957,0,0
4420,1,1333,127991,0,0
4487,0,1290,128063,0,1
2100963,1,2086,128090,0,0
30711,1,1345,128092,0,1
1003,1,2369,128110,0,0
2909,0,1795,128121,0,0
20677,0,1871,128133,0,1
6291,0,1127,128142,0,1
2448,1,1301,128152,0,1
820,1,1127,128154,0,0
2603,0,718,128175,0,1
3940,1,2226,128179,0,1
5972,1,1838,128218,0,0
39163,1,1745,128250,0,1
20842,0,1779,128277,0,1
5949,1,1983,128286,0,1
875,1,705,128292,0,0
16225,1,2389,128304,0,1
2516,1,594,128335,0,1
3629,1,1336,128340,0,1
622052,1,1424,128358,0,0
4206,0,2514,128365,0,1
8076,1,1286,128376,0,1
753080,1,1980,128386,0,0
7239,0,1560,128388,0,1
2646,1,571,128409,0,1
1568,0,1386,128421,0,0
22490,1,927,128425,0,1
16580,1,1462,128447,0,1
4746,1,876,128465,0,1
1362,0,1675,128485,0,1
178783,1,2071,128509,0,1
3681,0,1253,128527,0,1
2969,1,854,128528,0,1
35761,1,1371,128542,0,1
37952,1,1506,128600,0,1
3774,0,1607,128606,0,1
3906,0,530,128612,0,0
1330,1,1003,128634,0,0
2836,1,2206,128647,0,1
45696,1,1523,128661,0,0
2264,0,2709,128711,0,1
57890,1,501,128714,0,1
31094,1,1430,128749,0,1
523,1,756,128765,0,0
19025146,0,1581,128777,0,0
7619,1,1477,128787,0,1
34725,1,592,128805,0,1
3669,0,267,128807,0,1
9550,0,1569,128818,0,1
1860,0,1546,128837,1,0
8798,0,888,128859,0,0
4510,1,1770,128863,0,0
17649,1,1147,128866,0,1
1437,1,2589,128887,0,0
2104,1,1144,128893,0,1
1379,0,1075,128922,0,0
14326,0,1594,128937,0,0
40769,0,1382,128951,0,0
6911,1,1571,128992,0,1
14848,1,1329,129002,0,1
71901,1,2399,129016,0,1
12257,1,1020,129024,0,1
174,0,1240,129062,0,0
8465,1,892,129099,0,1
433,1,901,129107,0,0
3141,0,875,129108,0,0
1644,1,2067,129122,0,1
4588,1,629,129127,0,1
7458,0,613,129162,0,1
3369,1,1673,129183,0,1
6390,0,2333,129230,0,1
3916,1,825,129237,0,1
18933,1,1210,129243,0,1
6548,1,1171,129252,0,1
4675,0,617,129259,0,0
77902,1,1477,129266,0,0
2468,1,813,129280,0,0
28073,1,1213,129287,0,1
643,0,489,129335,0,0
2058,0,1464,129360,0,0
173204,1,1670,129388,0,0
2608,1,1405,129420,0,0
7826793,1,1958,129428,0,0
22294,0,1508,129441,0,1
2168,0,2017,129457,0,0
70126,1,1090,129480,0,1
3316,1,741,129502,0,1
2313,1,1399,129567,0,0
18544,0,1060,129601,0,1
807,1,1432,129602,0,0
1274,0,1498,129657,0,0
728,0,651,129663,0,0
8305,0,988,129721,0,0
992,1,1066,129793,0,1
1775,0,993,129802,0,0
391551,1,1413,129810,0,0
3811,0,1787,129816,0,0
2037,0,992,129823,0,1
2660,1,434,129851,0,1
2144,0,311,129907,0,0
11603,1,1272,129936,0,1
2177,0,1915,129940,0,0
40196,1,1042,129950,0,1
2970,1,3152,129965,0,1
719,0,838,129976,0,0
21495,0,2061,129990,0,1
1699,1,1228,129991,0,0
1791,1,599,130021,0,0
2353,0,1548,130024,0,1
4055,1,1813,130039,0,0
68462,0,647,130063,0,1
5595,1,1412,130079,0,0
46365,1,622,130083,0,1
502,0,1579,130095,0,0
232934,1,1976,130108,0,1
4851,1,1106,130118,0,0
5172,0,1503,130178,0,0
143437,0,791,130193,0,0
1078,1,1325,130201,0,0
797,0,1174,130208,0,0
10438,0,1513,130209,0,1
32552,1,1007,130221,0,1
7114,1,1703,130264,0,1
5877,0,2174,130277,0,1
26165,1,2101,130308,0,1
4661,0,1123,130317,0,1
3344,1,1268,130335,0,0
11239,1,2732,130336,0,1
3642,0,1004,130370,0,0
166,0,1199,130380,0,0
5439,1,1384,130411,0,1
3341,1,1269,130450,0,0
39390,1,625,130458,0,0
4573,1,656,130465,0,1
10725,1,1872,130466,0,1
861,0,512,130487,0,0
511,1,1419,130488,0,0
1125,0,1245,130495,0,1
12508,1,1745,130510,0,1
9105,1,1539,130536,0,1
2189,0,1531,130575,0,0
2605,1,1950,130583,0,0
13504,1,2239,130631,0,1
5188,0,1225,130662,0,1
9037,0,1294,130670,0,1
8800,0,2003,130691,0,1
17377,1,1722,130712,0,1
25618,0,1686,130756,0,1
3228,1,737,130773,0,0
274,0,1917,130815,0,0
87645,0,1736,130841,0,0
2548,1,1234,130856,0,0
6176,1,2416,130869,0,1
1443,1,1245,130882,0,1
156878,0,2045,130898,0,1
4442,0,2064,130902,0,0
4975,1,545,130916,0,1
19396,1,1335,130938,0,1
16993,1,1600,130957,0,1
1804,0,155,130962,0,1
367896,1,1347,130964,0,0
2576,1,650,130977,0,0
429,0,692,130979,0,0
21632,1,894,131006,0,1
1674838,0,2157,131014,0,0
1750,1,2193,131124,0,0
6935,0,996,131152,0,1
11373,1,841,131165,0,1
8109,1,1203,131202,0,1
9279,1,1833,131209,0,0
18424,0,635,131230,0,1
385,1,1858,131231,0,0
6753,1,975,131252,0,1
10877,0,2009,131277,0,1
2732,1,466,131313,0,1
3458,0,802,131315,0,0
8229,1,1232,131323,0,1
65614,1,465,131334,0,1
20308,0,1015,131341,0,0
315,0,1733,131355,0,0
5768,1,1672,131359,0,1
23595,1,1290,131372,0,1
2016,1,1203,131401,0,0
11272,0,2771,131419,0,0
652,0,2022,131427,0,0
8592,0,2471,131432,0,1
1785,0,1122,131454,0,1
4684,0,1656,131473,0,1
50451,1,1318,131512,0,1
56935,1,663,131541,0,1
818,0,924,131542,0,0
71431,1,1491,131562,0,0
9233,1,3247,131563,0,0
2888,1,1775,131573,0,1
85589,1,1721,131577,0,1
5025,0,2211,131579,0,0
1619,0,1364,131612,0,0
435973,1,1949,131621,0,0
656,0,1252,131625,0,0
638406,0,2119,131635,0,0
2905,1,1337,131656,0,0
2655,1,1371,131668,0,1
26893,1,921,131684,0,1
140672,1,1639,131692,0,0
19648,1,1610,131698,0,1
525,0,2530,131736,0,0
833,1,2142,131745,0,0
526,1,1290,131766,0,0
13079,1,1257,131794,0,1
17453,1,735,131811,0,1
22429,1,601,131829,0,1
12989,1,1098,131841,0,0
761,0,708,131844,0,0
7796,0,1069,131855,0,1
121142,1,1268,131857,0,0
6173,0,2332,131864,0,1
8585,0,637,131868,0,1
31719,0,1673,131875,0,1
612304,1,1852,131905,0,1
1988,1,2263,131914,0,0
27846,0,1617,131916,0,0
2171,0,1474,131952,0,1
1032,1,840,131959,0,0
7032,1,1114,131976,0,1
809,0,1501,131988,0,0
4689,1,1042,131999,0,1
4016,0,300,132069,0,1
6116,1,1413,132084,0,1
758,1,979,132087,0,0
6889,1,968,132110,0,0
2048,1,1279,132111,0,0
23838,1,1266,132114,0,1
21955,1,1587,132122,0,1
2945,1,1428,132126,0,1
15218,0,577,132130,0,1
811,0,772,132155,0,0
1842,1,1759,132163,0,0
29029,1,2025,132177,0,0
5075,0,1098,132196,0,0
24616,0,835,132207,0,1
13950,0,1109,132208,0,1
512,1,1920,132231,0,0
3026,0,2452,132288,0,1
2592,1,2030,132291,0,0
14034,1,611,132297,0,1
698,0,983,132303,0,0
14408,1,1247,132305,0,1
130423,0,2491,132330,0,1
62873,1,1150,132345,0,1
21291,1,1431,132365,0,1
2391,1,1564,132389,0,1
3153,1,431,132396,0,0
429,0,1283,132398,0,0
7372,1,1911,132426,0,1
7813,1,1077,132436,0,1
15848,1,2640,132441,0,1
32729,0,1749,132447,0,1
16893,1,1393,132460,0,1
15838,1,1169,132465,0,1
41667,1,2154,132468,0,1
900461,1,1616,132471,0,0
19102,1,924,132488,0,1
138482,1,902,132491,0,1
14325,1,2838,132520,0,1
515,0,1106,132537,0,0
171986,1,641,132538,0,0
5377,1,1750,132549,0,1
61171,1,1636,132565,0,1
25272,1,1414,132574,0,0
2682,1,2192,132581,0,0
92265,1,1536,132590,0,0
44714,0,652,132599,0,1
2067,1,2474,132611,0,0
6386,0,2063,132620,0,1
7847,1,1890,132674,0,0
17851,0,1747,132687,0,0
1190,0,589,132714,0,0
13867,1,1045,132719,0,1
900,0,349,132724,0,0
7055,1,880,132735,0,0
2009,1,993,132767,0,0
3313,1,1799,132785,0,1
5624,1,2267,132793,0,1
7674,0,885,132799,0,1
4773,0,1057,132813,0,0
6263,0,1088,132836,0,0
14334,1,810,132843,0,1
13333,1,1027,132872,0,1
493,0,326,132873,1,0
3371,1,692,132903,0,1
1702,0,265,132921,0,0
1373,1,2014,132924,0,0
5954,0,2292,132932,0,0
5777,0,2077,132934,0,0
17383,1,2337,132938,0,0
2216,1,802,132949,0,1
7371,0,2271,132977,0,1
5582,1,928,133027,0,0
7371,1,1465,133068,0,1
2063,1,563,133070,0,0
2062,1,1336,133103,0,0
140,0,2128,133126,0,0
4370,1,1252,133134,0,1
57636,1,1234,133137,0,0
11403,1,1684,133142,0,1
4123,1,1367,133160,0,1
1887,1,310,133178,0,1
4393,0,1437,133184,0,1
9046,1,1346,133198,0,1
306982,1,1734,133232,0,0
5863,1,1863,133241,0,0
1893,1,210,133253,0,1
7958,1,2299,133257,0,1
27288,0,1948,133269,0,1
36496,0,1210,133275,0,1
20830,1,2579,133295,0,0
91665,1,1869,133302,0,1
4147,0,1753,133306,0,0
97462,0,847,133318,0,0
15508,1,1436,133321,0,1
8182,1,1468,133324,0,1
1154092,1,1613,133342,0,0
28609290,0,2186,133348,0,0
12216,1,1496,133369,0,1
10033,1,1642,133376,0,1
3426,0,1728,133390,0,1
10402,1,1628,133432,0,1
3935,1,884,133439,0,0
17186,1,482,133445,0,1
1367,0,1799,133483,0,0
7531,1,973,133511,0,1
650030,1,1342,133558,0,0
8075,0,878,133587,0,1
2181,0,880,133599,0,0
907446,1,1898,133609,0,1
2321,1,1354,133622,0,0
6518,1,1348,133630,0,0
85074,1,1760,133632,0,1
7131,1,1002,133635,0,1
8491,1,1031,133649,0,1
125633,0,2871,133666,0,1
16437,1,1975,133694,1,0
7921,0,1385,133702,0,0
7382,1,763,133712,0,1
3150,0,733,133713,0,1
25182,1,2069,133740,0,0
604,0,1631,133746,0,0
2020,0,1290,133747,0,0
2907,1,2438,133750,0,1
2727,1,1737,133753,0,1
2530,0,752,133776,0,1
4270,1,1933,133779,0,0
6574,0,569,133793,0,0
1677,1,2133,133797,0,0
624054,0,627,133804,0,0
379,0,533,133821,0,0
12481,1,618,133830,0,1
724384,1,1392,133855,0,0
11668,1,1354,133858,0,1
31260,1,2384,133862,0,1
1133,1,2058,133875,0,0
7128,0,1846,133892,0,0
19295,1,1836,133896,0,1
657,1,1386,133912,0,0
1442,0,488,133920,0,0
21091,1,851,133928,0,1
38271,1,1120,133929,0,1
10014,0,1033,133975,0,1
69666,1,509,134017,0,1
8643,1,794,134018,0,1
6616,1,1201,134040,0,1
2476,0,497,134080,0,1
3514,0,1788,134118,0,0
20344,1,2011,134123,0,1
3085,1,2451,134133,0,1
9739,1,943,134146,0,1
976,0,1873,134160,0,0
4466,1,1688,134177,0,1
2605520,1,2514,134187,0,0
3674,1,1457,134189,0,1
181282,1,1794,134204,0,1
812,0,1241,134212,0,0
38763,1,1263,134223,0,1
1476,0,2026,134228,0,0
497956,1,949,134235,0,0
9504,1,2080,134245,0,1
4349,0,1931,134262,0,1
1615,1,849,134282,0,1
106206,0,974,134283,0,1
3314,1,2450,134285,0,1
459761,1,1362,134290,0,0
83247,0,1954,134292,0,1
3739,0,667,134300,0,1
1476,1,2310,134306,0,1
22663,0,1939,134341,0,1
2972,0,2259,134391,0,1
6579,1,676,134421,0,1
3087,0,553,134432,0,0
738,0,215,134443,0,0
1638,0,1443,134447,0,0
10298,1,1488,134448,0,1
20560,1,1167,134463,0,1
1336,0,2144,134470,0,0
422,0,942,134473,0,0
8859,1,1210,134507,0,1
13506,1,912,134558,0,1
6602,1,1186,134573,0,1
39218,0,2205,134592,0,1
313702,1,1994,134622,0,1
2698,0,1064,134634,0,0
4198,1,877,134663,0,1
4259,0,2257,134698,0,0
22279,0,1547,134713,0,1
4315,1,1280,134718,0,1
14273,1,2022,134739,0,0
9388,1,1409,134771,0,1
1384,0,535,134781,0,1
31,0,1634,134817,1,0
1491,1,624,134848,0,0
4232,1,419,134877,0,1
25977,1,2458,134883,0,1
10233,1,2115,134885,0,1
34641,0,974,134893,0,1
344,1,771,134895,0,0
972,1,1094,134902,0,0
244183,1,1374,134919,0,0
489,0,647,134967,0,0
17066,0,2074,135024,0,0
4065,1,3265,135027,0,1
58586,0,1129,135045,0,1
3729,1,1537,135054,0,0
532,0,943,135071,0,0
430,1,681,135076,0,0
9471,0,1017,135080,0,1
7886,0,2012,135097,0,0
4108,1,1011,135104,0,0
4831,1,983,135116,0,1
80571,1,1221,135123,0,0
34880,1,2072,135133,0,1
2214,1,2010,135145,0,0
40050,1,1616,135164,0,1
3850,0,2318,135180,0,0
33341,1,1436,135181,0,0
2244,1,2040,135201,0,0
5109,1,1437,135221,0,1
5442,1,1778,135241,0,1
101254,1,1372,135251,0,0
5706,1,1978,135257,0,1
2564,1,2077,135265,0,0
11504,1,2579,135283,0,1
10981,1,1037,135285,0,1
85,0,896,135298,0,0
1569,0,1366,135301,0,0
16908,1,771,135316,0,1
951,0,2036,135319,0,0
3237,1,1392,135331,0,1
37182,0,1782,135341,0,1
4637,1,564,135346,0,1
3092,1,1970,135355,0,0
54718,1,1724,135356,0,0
4057,1,655,135357,0,1
541,0,1119,135382,0,0
4653,1,1483,135384,0,1
71,0,1744,135435,0,0
2553,1,1333,135472,0,1
3966,0,1409,135484,0,0
45853,1,967,135499,0,1
38585,1,1213,135500,0,1
10567,0,2542,135517,0,0
40374,1,1861,135531,0,1
6959,0,2181,135534,0,1
2617,1,2068,135547,0,0
6679,1,806,135553,0,1
3850,0,2107,135570,0,1
4676,0,850,135621,0,1
26884,1,1048,135626,0,1
3696,0,1614,135639,0,0
1823,1,1184,135642,0,1
958,0,1355,135661,0,0
11643,0,2212,135666,0,0
17544,0,1357,135706,0,1
283,0,1284,135710,0,0
2420,1,703,135716,0,0
32472,1,1391,135771,0,1
437837,0,1247,135783,0,0
7010,0,1038,135784,0,1
4096,0,1157,135788,0,0
960,0,904,135802,0,0
39353,1,1513,135829,0,1
552,0,1958,135858,0,0
623,1,266,135878,0,0
7343,0,451,135892,0,1
23227,1,1357,135905,0,0
2237,0,1145,135922,0,0
10110,1,1907,135950,0,0
244620,0,2741,135977,0,1
21192,0,220,135980,0,1
20489,1,878,135984,0,1
29374,0,2105,136004,0,1
4094,1,580,136059,0,0
1573,0,1380,136084,0,1
1221,0,1286,136210,0,0
775,1,884,136223,0,0
17319,1,1318,136226,0,1
4300,0,2749,136277,0,0
41305,1,1793,136286,0,0
389,1,1460,136298,0,0
80,0,205,136306,0,0
793,0,1101,136308,0,0
181244,1,968,136315,0,0
23155,1,1300,136343,0,0
2054,0,1078,136386,0,0
15630,0,1196,136410,0,1
1727,0,1847,136411,0,0
1203,1,622,136429,0,1
1167,0,642,136450,0,0
7321,0,1549,136494,0,0
1683712,0,978,136504,0,0
1841,0,1379,136515,0,1
1077,1,703,136544,0,0
48508,1,596,136560,0,0
6691,1,1751,136564,0,1
5893,1,1383,136567,0,1
260106,1,1570,136586,0,1
69195,1,1739,136591,0,1
7407,1,1860,136598,0,0
6073,0,550,136603,0,0
1698,0,1556,136605,1,0
1049,1,389,136607,0,0
15260,0,1271,136616,0,1
8901,0,525,136617,0,1
376,1,1505,136632,0,0
2278,1,1524,136685,0,1
3806,1,1013,136694,0,1
2177,1,1083,136711,0,1
3546,0,2626,136729,0,1
7666,1,722,136789,0,1
12694,0,1975,136805,0,0
13740,1,3576,136836,0,0
2984,1,2024,136837,0,0
2985,0,637,136849,0,1
1944,1,704,136856,0,0
1266,1,493,136882,0,0
1576,1,1261,136884,0,1
371,1,1929,136898,0,0
683,0,1357,136927,0,0
7312,1,816,136949,0,1
6650,1,1647,136951,0,1
17456,1,2074,136953,0,0
8589,1,1674,136956,0,1
19035,1,784,136962,0,1
5966,0,1594,136985,0,1
21769,1,1606,137003,0,0
2542,0,1075,137025,0,0
653,1,1878,137028,0,0
9073,0,816,137042,0,1
328,0,1390,137052,0,0
161843,1,1297,137059,0,1
4981,0,1386,137060,0,0
1049,0,1097,137076,0,0
1191,0,1974,137078,1,0
2944,0,1173,137099,0,1
11310,1,401,137108,0,1
647603,0,1811,137112,0,0
24062,1,957,137140,0,1
21022,1,520,137171,0,1
1412,1,275,137189,0,0
14125,1,862,137217,0,1
192,0,683,137268,0,0
8271,1,975,137271,0,1
7744,0,1277,137275,0,0
2967,1,1030,137279,0,0
1958,0,1044,137282,0,0
33314,1,2248,137291,0,1
38997,1,1504,137292,0,1
13495,0,1650,137298,0,0
412,1,1650,137300,0,0
3945,0,1038,137301,0,0
3145,0,1707,137312,0,1
11701,0,2084,137333,0,1
8113,1,1586,137353,0,1
7495,0,1515,137356,0,1
2940,0,1285,137359,0,0
20457,1,1949,137368,0,0
876,1,459,137387,0,0
53407,1,1670,137391,0,1
1196,1,1025,137393,0,0
101165,1,1677,137412,0,0
721,0,1294,137418,0,0
1563,0,1325,137467,0,0
713,1,1502,137468,0,0
925,0,2331,137479,0,0
64029,0,859,137505,0,1
8984,1,1363,137527,0,1
8556,1,1545,137607,0,1
3132,0,1006,137630,0,1
254,1,1669,137636,0,0
2180,1,1362,137659,0,0
3094,1,1740,137671,0,0
10751,1,1244,137698,0,1
2774,0,740,137704,0,1
877,1,688,137706,0,0
1792,1,1406,137732,0,1
25936,1,802,137735,0,1
47257,1,2112,137747,0,0
4698,1,640,137758,0,1
7115,1,1873,137770,0,0
1770,1,1103,137788,0,0
52710,1,979,137805,0,1
206547,0,1761,137831,0,0
1555,0,1039,137838,0,1
23348,1,997,137844,0,1
1544,0,1685,137867,0,0
135111,1,921,137875,0,1
6837,0,1018,137883,0,1
3819,0,1904,137906,0,1
670,1,1110,137932,0,0
7208,1,1042,137962,0,1
943,0,1766,137975,0,0
958,1,2193,137986,0,0
2680,0,1969,138033,0,0
24707,1,2060,138041,0,0
8431,1,949,138058,0,1
1131,1,1402,138060,0,0
4151,0,887,138063,0,1
105601,1,1677,138067,0,1
15078,1,1403,138085,0,1
1448,0,2042,138160,0,0
30326,1,977,138161,0,1
6895,1,443,138165,0,1
23888,1,1308,138176,0,1
7356,0,512,138186,0,1
11691,0,670,138246,0,1
83688,1,2317,138278,0,1
3564,1,1668,138291,0,0
357,1,463,138300,0,0
13232,1,1028,138322,0,1
11318,1,283,138359,0,1
17199,0,1011,138366,0,1
3418,0,902,138373,0,1
35283,0,1861,138378,0,1
1073,0,1658,138387,0,0
2063,0,229,138406,0,0
8044,0,1223,138453,0,1
2332,0,1977,138461,0,0
1858780,1,2342,138465,0,0
70079,1,1327,138491,0,0
3441,1,1427,138503,0,0
5909,1,1798,138524,0,0
3079,0,1280,138553,0,0
39273,0,2449,138562,0,1
1502,1,690,138572,0,0
12166,0,2197,138580,0,1
3545,1,1485,138585,0,1
3937,1,1541,138589,0,0
2434,0,1686,138594,0,1
45340,1,1882,138613,0,0
1290,0,1016,138627,0,0
1465,1,2587,138633,0,0
4349,0,797,138637,0,1
2540,1,1006,138669,0,1
3959,1,1515,138673,0,1
9338,1,1115,138679,0,1
25976,0,1144,138694,0,0
520,1,1656,138701,0,0
6679,1,644,138706,0,1
810,1,1178,138736,0,0
27451,1,1344,138740,0,1
13306,0,1680,138747,0,0
3088,1,2042,138762,0,0
3950,1,489,138766,0,1
503,1,768,138784,0,0
9458,1,2460,138786,0,0
40770,1,1427,138803,0,1
21827,1,1011,138849,0,1
1565,1,1334,138850,0,0
61393,1,1353,138853,0,1
1216,1,1167,138884,0,0
1427,1,1121,138900,0,0
3785,1,2118,138903,0,0
1703075,0,2319,138904,0,0
1958,0,1896,138908,0,0
913270,1,1114,138922,0,0
21349,1,1067,138958,0,0
4398,0,1607,138985,0,1
31830,1,2301,139020,0,0
12959,0,1470,139052,0,1
14178,1,980,139077,0,1
7818,0,1443,139094,0,1
35702,0,2338,139098,0,1
75,0,917,139108,0,0
17028,1,1072,139115,0,1
12176,1,1640,139162,0,0
1982,0,1128,139178,0,1
2355,1,585,139185,0,0
3265,1,825,139255,0,0
1102,0,534,139271,1,0
640,0,1933,139334,0,0
3848,1,1941,139526,0,1
7437,0,924,139540,0,1
3145,1,549,139561,0,0
27545,0,3006,139571,0,0
3467,1,843,139622,0,1
8900,1,1932,139640,0,1
18753,1,1962,139662,0,1
4244,1,1313,139676,0,0
2327,1,1533,139728,0,0
3985,0,1170,139740,0,0
2886,0,2497,139752,0,1
55820,1,1522,139756,0,1
1311,0,626,139758,0,1
2646,0,2343,139767,0,0
8935,0,552,139780,0,1
12866,1,1483,139803,0,1
3431,1,1626,139828,0,0
357,1,2017,139850,0,0
49666,1,2897,139910,0,1
3182,1,1012,139911,0,1
2120,1,2253,139927,0,0
11030,0,1417,139941,0,1
1137,0,460,139999,0,0
715,1,1532,140011,0,0
37771,0,1680,140016,0,1
5508,1,2181,140020,0,1
2689,1,1706,140028,0,1
706023,1,2125,140036,0,0
649,0,225,140037,0,0
41685,1,1482,140040,0,1
1173,1,1740,140064,0,0
3952580,1,1650,140111,0,0
17877,0,1466,140134,0,1
47813,0,2202,140138,0,0
341,0,2047,140145,0,0
226,1,1648,140169,0,0
17605,1,1121,140199,0,1
4205,0,2081,140219,0,0
101409,1,2689,140243,0,1
6177,0,1783,140250,0,1
1779,1,1344,140252,0,0
7204,1,1420,140263,0,0
65555,1,1189,140273,0,1
3449,1,1697,140309,0,0
14652,0,1389,140311,0,1
405,0,176,140314,1,0
23348,0,1665,140339,0,1
4236,1,2883,140342,0,1
2964,0,2354,140348,1,0
11226,1,1280,140368,0,1
1399,1,2076,140381,0,0
30187,1,1508,140386,0,0
35749,1,772,140396,0,1
1304,0,1689,140403,0,0
17494,1,928,140406,0,1
2906,1,303,140465,0,1
15733,1,1112,140497,0,1
2092,0,1371,140549,0,0
2170,1,2198,140553,0,0
88,1,366,140579,0,0
67109,1,605,140585,0,1
42991,1,1377,140587,0,1
14953,1,606,140594,0,1
24075,1,1783,140604,0,1
21967,1,751,140662,0,1
1099,0,543,140688,0,0
12869,1,363,140697,0,0
11695,0,1353,140760,0,0
2256,0,532,140764,0,0
5993,1,2441,140834,0,1
204,1,526,140856,0,0
70443,1,1302,140870,0,1
25939,1,985,140913,0,1
28025,1,2173,140924,0,0
5358,1,1048,140959,0,1
7480,1,1920,140997,0,0
30817,1,278,141042,0,0
614,0,542,141045,0,0
2372,1,753,141117,0,1
2364,0,1968,141146,0,0
9559,0,790,141161,0,1
3047,1,645,141182,0,1
16093,1,1923,141190,0,0
1421,1,1320,141208,0,0
757,1,1979,141210,0,0
24921,1,1395,141227,0,1
1765,0,1375,141245,0,1
488,1,915,141257,0,0
36526,1,1345,141267,0,1
34408,1,937,141321,0,0
6970,1,1111,141322,0,1
5195,0,1345,141342,0,1
3936,1,2126,141346,0,0
9195,1,637,141385,0,1
1505,1,1728,141403,0,0
14643,1,2044,141409,0,1
15969,1,618,141414,0,1
462,0,1842,141417,0,0
79678,1,1924,141439,0,0
78040,0,1407,141444,0,0
117624,1,1132,141460,0,1
762673,0,1869,141490,0,0
5675,0,2867,141522,0,1
7789,1,1439,141537,0,1
1057,1,2080,141547,0,0
14475068,0,2727,141563,0,0
3944,0,2016,141565,0,0
12802,0,1020,141570,0,1
3949,0,905,141572,0,1
1619,0,568,141580,0,0
2080,0,1177,141613,0,0
1403,1,1267,141620,0,0
9145,1,1006,141629,0,1
1659,0,881,141653,0,1
90554,1,1047,141663,0,1
6803,1,1003,141670,0,1
22036,0,1457,141689,0,1
26276,1,1605,141746,0,1
12742,1,414,141782,0,1
690,1,627,141815,0,0
3213,1,694,141817,0,1
13832,1,1264,141830,0,1
2911,1,629,141834,0,1
17211,1,1284,141837,0,1
763,0,1460,141846,0,0
1461,0,966,141890,0,0
300,1,415,141896,1,0
12030,1,2197,141914,0,1
78676,1,2086,141929,0,1
8521,1,1277,141948,0,1
371,0,2112,141977,0,0
497,0,478,141997,0,1
64768,1,964,142034,0,1
11929,1,1542,142040,0,1
429,0,258,142054,0,0
4997,0,1788,142090,0,0
1710,0,1650,142118,0,1
7028,0,1974,142121,0,0
2648,0,862,142132,0,1
4316,1,321,142145,0,1
1760,1,1305,142153,1,0
3623,1,813,142186,0,1
13915,1,1639,142205,0,0
5969,1,470,142207,0,0
49531,1,1367,142228,0,1
4200,1,1090,142236,0,1
9742,1,1321,142257,0,0
4186881,1,1132,142309,0,0
6223,1,518,142321,0,1
11464,1,1759,142338,0,1
88165,0,2270,142348,0,1
57723,1,2079,142351,0,1
3074129,1,2388,142360,0,0
992,0,2310,142375,1,0
491,0,955,142411,0,0
305,1,1490,142429,0,0
1013,1,2459,142440,0,0
11146,1,1790,142458,0,1
1104,1,685,142471,0,0
3206,1,983,142474,0,0
2031,1,802,142490,0,0
88638,1,845,142500,0,1
1103,1,1966,142517,0,0
62984,1,1494,142552,0,1
1139,1,1732,142578,0,0
2048654,0,1387,142580,0,0
5802,1,770,142588,0,1
904,0,1150,142620,0,0
556,1,1264,142630,0,0
41739,0,1260,142686,0,1
1249,1,542,142692,0,0
120557,1,1879,142697,0,0
1900,0,389,142724,0,0
2363,1,1911,142737,0,0
1549,1,899,142749,0,0
12684,0,2632,142756,0,1
3905,1,1262,142777,0,1
11450,1,910,142778,0,1
2716,0,691,142779,0,1
178508,0,1333,142795,0,1
2177,0,1758,142838,0,0
2279,0,1597,142852,0,0
6814,1,1515,142871,0,1
188330,1,2373,142930,0,0
16402,1,1700,142937,0,1
771,0,1010,142946,0,0
9088,0,2110,142973,0,1
9664,1,1293,142987,0,1
28417,1,1815,142995,0,1
15470,1,1063,143009,0,0
34156,1,1464,143089,0,1
4340,0,2532,143102,0,1
3299,1,1994,143129,0,0
4926,0,2414,143137,0,0
13456,1,596,143139,0,1
32598,0,1606,143159,0,1
12989,1,794,143174,0,1
4474,1,324,143179,0,1
3107,0,1949,143210,0,0
4604,0,661,143232,0,1
4041,0,2316,143235,0,0
9248,1,1811,143238,0,1
7238,1,1217,143254,0,1
9731,1,2075,143264,0,1
613,0,2991,143267,0,0
1400,1,934,143268,0,0
1817,0,1574,143278,0,0
21137,1,1127,143295,0,1
8953,0,1879,143309,0,0
2265,0,1587,143322,0,0
2795,1,1752,143333,0,1
386,1,671,143346,0,0
367,0,948,143351,0,0
4291,0,226,143377,0,1
3636,0,2068,143395,0,0
14090,1,653,143416,0,1
1454,0,2461,143426,0,0
5147,0,2273,143427,0,0
9027,1,755,143428,0,1
153859,1,1248,143465,0,1
179052,0,1152,143517,0,1
4186,1,2339,143521,0,0
5590,0,1711,143544,0,0
25370,1,723,143545,0,1
6422,1,517,143637,0,1
43397,1,1694,143722,0,0
7044,1,1162,143724,0,1
38463,0,1769,143763,0,1
15308,0,608,143804,0,0
564,0,2068,143815,0,0
42367,1,1863,143823,0,1
10703,0,1243,143858,0,1
20990,1,1934,143860,0,1
65,1,649,143883,1,0
2971,0,2021,143901,1,0
10913,0,1137,143912,0,0
2561,1,1845,143914,0,0
6351,1,1256,143951,0,1
1918,1,1199,143977,1,1
15364,1,2048,143996,0,1
817,0,323,143998,0,0
447,0,1332,144007,0,0
9953,1,2232,144020,0,0
1088,1,1286,144050,0,0
33313,1,1520,144066,0,1
565498,1,1677,144074,0,0
5902,0,1427,144088,0,1
46461,1,1165,144103,0,1
178,1,1899,144118,0,0
6093,0,546,144133,0,1
118002,1,1912,144168,0,0
22969,0,2589,144182,0,1
3781,1,944,144204,0,0
581,1,1000,144212,1,0
7470,1,2132,144253,0,1
1023,1,754,144263,0,0
49310,1,914,144279,0,1
3950,0,1575,144307,0,0
4706,0,1124,144309,0,0
1434,1,1291,144382,0,0
3290,0,1072,144387,0,1
7014,1,974,144419,0,1
412743,0,1350,144480,0,0
5482,1,2127,144493,0,1
16100,1,1940,144527,0,1
8057,0,1895,144529,0,1
9773,0,1678,144548,0,0
503,0,2350,144554,0,0
13915,1,1896,144577,0,1
19345,1,718,144583,0,0
43000,1,2239,144600,0,0
9527,1,464,144642,0,1
3008,1,1523,144669,1,0
1555,0,359,144700,0,1
70451,1,1689,144709,0,0
462292,0,2698,144733,0,0
322272,1,2045,144776,0,1
25863,1,796,144780,0,1
385,1,884,144793,0,0
65609,1,1408,144815,0,1
3657,1,2016,144817,0,0
1283,1,877,144818,0,0
5762,1,2500,144827,0,0
2110,1,1451,144871,0,0
6514,1,1395,144874,0,1
98350,1,1153,144883,0,0
27950,1,1282,144889,0,1
4459,1,1990,144912,0,0
3272,1,674,144916,0,1
7081,1,1078,144967,0,1
14433,1,1767,144998,0,1
9972,1,964,145030,0,1
35262,1,1291,145051,0,0
30662,1,1732,145060,0,1
147861,1,1372,145089,0,1
9173,0,1387,145093,0,1
2152,0,699,145109,0,1
6245,1,563,145112,0,1
21905,1,1770,145118,0,1
14786,1,2271,145127,0,1
13461,0,2214,145159,0,0
3212,1,1117,145176,0,1
885,1,1175,145185,0,0
1698,0,1462,145190,0,0
111432,1,468,145197,0,0
499,0,1506,145243,1,0
70602,0,1686,145244,0,1
7901,1,1309,145268,0,0
3935,1,1422,145354,0,1
3885,1,2716,145361,0,1
370,1,1654,145373,0,0
2770,0,950,145417,0,0
117204,1,2053,145418,0,0
1699,1,1344,145440,0,1
16045,1,459,145445,0,1
10694,1,1430,145448,0,1
695,0,1533,145458,0,0
37504,1,1420,145475,0,1
4518,0,1601,145502,0,0
3651,0,621,145503,0,1
880,1,293,145524,0,0
4040,1,1087,145540,0,1
2797,1,967,145554,0,0
1631,0,1937,145595,0,1
18983,1,739,145604,0,1
62916,1,2024,145612,0,0
2457,0,594,145622,0,0
6541485,1,1477,145631,0,0
6368,0,1905,145654,0,0
33320,1,1790,145656,0,0
4372535,1,2739,145666,0,0
815,1,626,145675,0,0
17957,1,1336,145707,0,1
6718,1,381,145722,0,1
30530,1,2433,145730,0,1
5176,0,1377,145735,0,0
2507,1,993,145755,0,0
76001,1,2044,145757,0,1
180075,1,2245,145760,0,1
902,0,819,145807,0,0
17476,0,686,145809,0,1
9426,0,1525,145817,0,1
21642,1,1785,145822,0,0
615,1,1564,145829,0,0
28115,1,1528,145865,0,1
2236,1,899,145870,0,1
5023,1,1294,145879,0,0
5808,1,329,145918,0,1
982819,0,1474,145932,0,0
67828,1,829,145935,0,1
384503,0,1454,145955,0,0
2300,1,202,145965,0,1
314522,1,1677,145989,0,0
21304,0,2646,145991,0,0
4677,0,1665,146032,0,1
19880,1,641,146042,0,1
115,1,663,146049,0,0
9221,1,1832,146063,0,1
1751,0,1458,146078,0,0
589,1,1847,146087,0,0
11767,0,1751,146109,0,1
858,0,1914,146111,0,0
2744,1,724,146122,0,1
1350,0,1597,146123,0,0
96731,1,1160,146134,0,0
10010,1,695,146136,0,1
1200337,0,1756,146175,0,0
1581,1,1790,146190,0,0
6012,1,622,146201,0,1
379,0,1372,146224,0,0
57921,1,1233,146228,0,1
36425,1,2876,146247,0,0
3415,1,1517,146248,0,0
1105,0,976,146252,0,0
18725,1,1496,146284,0,1
4469,1,386,146292,0,1
164317,1,775,146342,0,0
176,1,929,146351,0,0
8599,0,1002,146358,0,1
21691,1,601,146388,0,1
8871,1,2086,146395,0,1
1743,1,1510,146398,0,0
32537,1,1697,146405,0,1
6936,1,1680,146420,0,0
46575,1,891,146443,0,1
130690,1,1488,146455,0,0
22664,0,1306,146476,0,1
6235,1,1097,146494,0,0
13866,1,946,146512,0,1
5571,0,2189,146513,0,0
2302,1,496,146527,0,0
8843,1,2073,146593,0,0
1909,0,1691,146598,0,0
1453,1,1155,146601,0,0
68628,0,1273,146611,0,1
2213,1,1246,146615,0,0
1598,0,1910,146620,0,1
2551,1,1925,146625,0,0
779354,0,1952,146634,0,0
38201,1,1596,146683,0,1
7229,1,753,146688,0,1
1407,1,1222,146707,0,0
3525,0,1741,146710,0,0
1323356,0,1834,146738,0,0
9222,1,1374,146749,0,1
1538,1,2415,146757,0,0
6528,1,358,146806,0,1
12445,1,653,146815,0,1
1000404,1,2036,146821,0,0
12142,1,557,146868,0,1
27246,1,2451,146879,0,1
6991,1,620,146892,0,1
1910,0,597,146911,0,1
752338,1,987,146917,0,0
2887,0,510,146929,0,1
6336,1,1403,146990,0,0
2074,0,1008,146993,0,1
12244,1,423,147008,0,1
3649,0,2065,147051,0,0
1155,1,929,147069,0,0
4619,1,876,147075,0,1
440,0,2188,147084,0,0
29193,1,2421,147089,0,1
11826,1,866,147120,0,1
1925,0,1191,147122,0,1
143944,0,2210,147134,0,0
1139,1,1033,147148,0,0
50864,1,1175,147164,0,1
3485,0,612,147183,0,1
617,1,1552,147234,0,0
572091,1,1355,147258,0,0
10873,1,948,147356,0,0
8440,0,1618,147363,0,1
10879,1,1685,147402,0,1
741,0,1131,147414,0,0
3856,0,1522,147468,0,1
10825,1,1106,147478,0,1
22564,0,1366,147482,0,1
1451,1,1778,147483,0,0
8364,1,1009,147522,0,1
6803067,0,2444,147523,0,0
59874,1,1864,147553,0,1
63924,0,2201,147563,0,0
2225,0,1925,147584,0,0
12905,1,1624,147594,0,1
200,0,1884,147634,0,0
20715,0,1429,147637,0,0
2537,0,2400,147659,0,1
2876,1,1715,147689,0,1
1119,0,1750,147706,0,0
329,0,1200,147742,1,0
8106,0,239,147747,0,1
20143,1,1252,147756,0,1
587,0,1134,147764,0,0
1758,0,2015,147765,0,0
1420,0,1802,147777,0,0
690,0,1011,147778,0,0
157950,1,1428,147794,0,0
3639,1,1167,147800,0,1
1616,1,897,147806,0,0
10639,0,2024,147812,0,1
302,1,1948,147824,1,0
12339,1,2264,147834,0,1
2845,1,2339,147850,0,0
4255,1,2013,147879,0,1
1902,1,1587,147886,0,1
2203,1,1198,147888,0,0
5228,1,2183,147899,0,1
15894,1,2128,147954,0,1
7264,1,1308,147970,0,1
21671,0,2479,147988,0,0
1305,1,1007,147997,0,0
25546,1,833,148017,0,1
424,0,2905,148019,0,0
1333,1,996,148062,0,0
1098,1,1541,148101,0,0
7736,0,776,148124,0,1
3121,0,943,148131,0,1
2402,1,2004,148132,0,0
2748,1,2088,148166,0,1
7423,0,472,148219,0,1
5390,0,1033,148225,0,1
1897,0,156,148233,0,0
4314,0,646,148257,0,0
696,0,1071,148261,0,0
4354,0,1622,148289,0,1
742,1,2164,148299,0,0
28115,1,1037,148381,0,0
876,1,1723,148393,0,0
20524,1,1613,148397,0,1
43199,0,2490,148403,0,1
32471,0,2094,148412,0,0
388,0,1632,148450,0,0
79848,1,1917,148451,0,1
4766,0,1787,148463,0,0
24830,0,2669,148465,0,0
3952,0,2308,148478,0,0
21183,1,832,148489,0,1
3005,1,1691,148517,0,0
60295,0,1923,148523,0,1
4083,0,1448,148528,0,1
18435,1,359,148536,0,1
3886,1,563,148574,0,0
5987,1,1263,148611,0,1
277999,0,1665,148622,0,1
2717,1,591,148650,0,1
6155,1,1396,148663,0,0
582,1,391,148668,0,1
1694,0,1658,148691,0,0
11757,1,1418,148733,0,1
1182,1,1437,148734,0,0
55051,1,1130,148764,0,1
1660,1,1211,148769,0,0
50529,0,1159,148785,0,1
4284,0,1781,148861,0,1
12179,1,2078,148865,0,0
5406,1,2032,148872,0,1
10104,0,1421,148874,0,1
9778,1,2147,148882,0,1
543873,1,1742,148900,0,0
6882,1,1383,148915,0,0
23835,1,1103,148971,0,1
1599,0,817,148992,0,0
1098,1,638,149030,0,0
22746,1,1177,149054,0,1
6546,1,523,149105,0,1
19842,1,1890,149107,0,0
21504,0,1788,149119,0,1
15929,1,1386,149128,0,1
13999,1,1296,149130,0,1
18234,1,1427,149132,0,0
12333,1,971,149157,0,1
9538,1,1045,149173,0,0
25268,1,976,149195,0,0
16431,0,929,149242,0,1
1152,0,1293,149246,0,0
32773,1,1447,149374,0,1
5123,1,1343,149377,0,1
9924,1,1771,149393,0,1
11830,1,1445,149404,0,0
4718,0,645,149408,0,1
5452,0,244,149410,0,0
7339,1,839,149411,0,1
2201,1,2037,149425,0,0
379,0,1632,149460,0,0
587,0,806,149462,0,0
6807,0,1728,149469,0,0
888,1,1033,149476,0,0
595462,0,1874,149510,0,0
1720,0,1023,149524,0,1
24107,1,1212,149531,0,0
5517,1,231,149546,0,1
2756,0,1504,149564,0,1
2114,1,1012,149571,0,1
148507,0,2064,149597,0,0
84758,1,1501,149599,0,1
575,0,775,149604,0,0
5433,1,2067,149619,0,1
16435,0,943,149654,0,1
857,0,2200,149661,0,0
4172,0,1336,149664,0,1
3944,1,2094,149681,0,0
362370,0,1695,149707,0,1
432481,0,2397,149709,0,0
2041,0,1194,149730,0,0
4788,0,1307,149740,0,1
14807,0,1743,149747,0,1
17799,1,1337,149753,0,0
1334,1,2410,149767,0,0
296,1,679,149776,0,0
8524,1,1318,149778,0,1
4385,1,1106,149783,0,0
1080,1,1546,149845,0,0
42582,0,661,149862,0,1
6344,0,1004,149883,0,0
19037,1,1435,149894,0,1
3037,0,797,149897,0,1
10214,0,1964,149945,0,1
656,0,523,149946,0,0
1518,0,831,149959,0,0
1007,0,794,149962,0,0
2916,0,926,149966,0,0
1048,1,1348,149992,0,0
298,0,430,150001,0,0
8193,1,1054,150026,0,1
2236,1,1214,150037,0,0
1841,0,451,150041,0,1
5385,0,1505,150045,0,0
1039,1,2635,150067,0,0
93063,1,2302,150069,0,0
2679,0,1497,150101,0,1
8990,0,2286,150104,0,0
1936,1,991,150113,0,1
2710808,1,1833,150122,0,0
35436,1,561,150139,0,1
7294,1,779,150155,0,1
42704,0,2316,150162,0,1
1938,1,1374,150189,0,1
2682,0,1959,150193,0,0
75946,1,1542,150202,0,0
212,0,1661,150230,0,0
203,0,961,150268,0,0
1771,0,1231,150289,0,0
46442,1,1719,150294,0,1
1252170,0,2193,150316,0,0
545,0,1431,150349,0,0
32054,1,888,150413,0,1
4518,0,1321,150465,0,1
35682,1,1271,150481,0,0
585,0,1354,150494,0,0
133056,1,2592,150510,0,1
22652,1,1911,150546,0,1
926,0,304,150547,0,0
1265,0,407,150550,0,1
1500977,1,1124,150555,0,0
5440,1,763,150578,0,1
28770,1,1349,150582,0,1
1112,0,389,150622,0,0
894,0,1144,150646,0,0
523,1,965,150663,0,0
119081,1,663,150673,0,1
5035,1,949,150675,0,1
10755,0,1575,150701,0,1
302,0,3005,150733,0,0
593,0,1779,150741,0,0
1077,1,1373,150775,0,0
3049,0,277,150783,0,1
16973,1,1496,150785,0,1
10886778,0,1855,150791,0,0
8044,0,2058,150812,0,0
1381,1,281,150835,0,1
600,0,1152,150846,0,0
16647,1,618,150850,0,1
289254,1,782,150858,0,0
39452,1,1692,150885,0,1
18808,1,1241,150952,0,0
3015,1,995,151007,0,1
5555,1,2286,151029,0,1
21687,1,711,151070,0,1
269848,0,2049,151073,0,0
45022,1,1050,151074,0,1
53112,1,2075,151159,0,0
2552,1,1185,151176,0,1
26231,1,1502,151178,0,1
10658,0,1734,151182,0,1
278,0,1538,151188,0,0
1800,1,1488,151211,0,0
15321,1,991,151214,0,1
7340,1,1975,151215,0,1
10745,1,2479,151229,0,0
679,0,1011,151244,0,0
3798,1,1932,151255,0,0
673,0,263,151257,0,0
1119,1,851,151297,0,0
13452,1,2178,151306,0,1
224,0,717,151313,0,0
3820,0,2497,151348,0,1
3547,1,1037,151364,0,1
92641,0,1027,151368,0,1
13120,1,1100,151369,0,0
993,1,1099,151390,0,0
10141,1,879,151391,0,1
11798,1,1087,151414,0,1
542,0,1606,151429,0,0
1644,1,1942,151458,0,0
12174,1,1605,151485,0,0
15359,0,1349,151507,0,1
19334,0,1345,151537,0,0
34900,0,2235,151605,0,0
14416,1,1791,151645,0,0
14522,0,2934,151651,0,0
135981,0,1764,151654,0,0
6403,0,1764,151663,0,0
5538,0,2108,151682,0,0
4523,1,1385,151727,0,1
809,0,905,151728,0,0
416813,1,2316,151740,0,0
16256,1,1565,151759,0,1
7524,1,2105,151785,0,0
18300,1,1781,151791,0,1
18524,1,608,151805,0,1
155036,1,1402,151811,0,0
43357,0,1705,151813,0,1
806891,1,1984,151829,0,0
9697,0,2029,151830,0,1
102048,1,1685,151839,0,0
28077,1,1261,151840,0,1
1139,1,1714,151856,0,0
1225,0,653,151859,0,0
1581,0,2027,151875,0,0
44622,0,724,151877,0,0
65590,1,2135,151879,0,1
10948,0,1704,151880,0,1
6351,1,1966,151883,0,1
3543,1,318,151885,0,1
4484,1,3506,151905,0,0
2985,0,1237,151909,0,0
8049881,0,2057,151937,0,0
811,0,900,151990,0,0
6498,0,1525,152011,0,1
1045,1,1607,152017,0,0
551202,1,1657,152021,0,0
258,0,1163,152028,0,0
24959,1,2345,152042,0,0
1635,1,2054,152089,0,0
53285,1,900,152094,0,1
14012,1,1159,152111,0,1
3124,1,1419,152121,0,0
1945,1,1699,152143,0,1
28067,1,1292,152150,0,1
1138,1,1267,152173,0,0
5844,1,1673,152175,0,1
8188,1,1499,152194,0,1
126424,1,1532,152197,0,0
1438,0,445,152232,0,0
14967,1,1971,152236,1,0
9382,1,1714,152248,0,1
52679,1,900,152280,0,1
1450,0,2011,152311,0,0
13386,1,1205,152338,0,1
9245,1,537,152339,0,1
1442,0,1861,152358,0,1
53191,1,1648,152378,0,1
32508,1,1364,152380,0,1
39493,0,1296,152494,0,1
12873,1,1756,152501,0,1
28674,1,2433,152542,0,0
27797,1,936,152547,0,1
389432,1,1498,152591,0,1
580,0,2232,152616,0,0
10071,0,2671,152634,0,0
703,0,2536,152641,0,0
23068,1,801,152661,0,1
2047,1,1764,152742,0,0
10403,1,2826,152758,0,1
31810,1,1017,152798,0,1
6045,0,317,152809,0,1
3884288,0,1920,152811,0,0
50986,1,2000,152837,0,1
1660,0,1745,152852,0,0
15685,1,2602,152876,0,1
613,1,962,152882,0,0
19287,0,1284,152883,0,1
570,1,1244,152952,0,0
2181,1,2204,152967,0,0
411,1,1416,152985,0,0
4568022,0,2141,153028,0,0
12370,1,1021,153052,0,1
3655,0,2105,153061,0,0
120709,1,1514,153080,0,1
13425,1,2955,153088,0,1
70385,0,2968,153094,0,0
6556,1,819,153097,0,1
38396,1,1486,153111,0,1
915,1,1756,153150,0,0
14959,0,1308,153182,0,1
6138,1,1206,153193,0,1
1523,1,1475,153207,0,0
33588,1,1938,153231,0,1
56077,1,556,153232,0,1
1330,0,1227,153269,0,0
37838,1,1173,153295,0,1
3387,0,1650,153303,0,0
6616,1,2189,153317,0,0
2983,0,774,153325,0,0
6306,0,1881,153358,0,1
2551,0,1049,153409,0,1
4043,0,1960,153428,0,0
4722,1,1701,153444,0,1
12400,1,1671,153453,0,0
40065,1,2317,153466,0,1
4590,0,1903,153507,0,0
54785,1,955,153518,0,1
392,0,1688,153528,0,0
23838,0,2071,153535,0,0
7842,1,1231,153553,0,1
7898,0,1809,153593,0,1
16752,1,890,153597,0,1
86628,1,1782,153599,0,1
571321,1,914,153600,0,0
9029,0,1742,153605,0,1
783,0,1462,153614,0,0
613,1,2150,153638,0,0
3523,0,519,153664,0,0
685,0,1419,153674,0,0
13341,0,376,153684,0,1
8415,1,1571,153686,0,1
24692,1,1816,153689,0,1
2379,1,356,153695,0,1
8328,1,467,153700,0,1
5166,0,1682,153711,0,0
4465,1,1029,153719,0,1
25256,1,2293,153725,0,1
46631,1,1285,153726,0,1
5138,1,3058,153730,1,0
8174,1,642,153784,0,1
118750,0,2766,153786,0,1
10320,1,1430,153787,0,0
3229,1,1337,153800,0,1
1204,0,522,153806,0,0
3617,0,1148,153824,0,1
26881,1,2180,153838,0,0
2492,1,497,153840,0,1
96975,1,1425,153865,0,1
97788,0,969,153881,0,1
2682,1,858,153905,0,1
67739,0,2249,153906,0,1
22267,1,629,153912,0,1
10996,0,1308,153948,0,0
6131,0,1226,154000,0,1
211216,1,1694,154005,0,1
603,0,520,154013,0,0
4583,0,2152,154016,0,1
3433,1,1028,154042,0,0
6666,0,1028,154080,0,1
53763,1,2019,154105,0,1
22944,1,2689,154113,0,0
5464,0,1470,154127,0,1
193286,1,2640,154128,0,1
8151,1,2450,154147,0,0
319,0,338,154156,0,0
9178,1,2416,154160,0,1
2275,0,2386,154168,0,0
119578,1,1657,154181,0,0
17566,1,1102,154231,0,1
9227,1,1976,154249,0,1
622,0,1216,154254,0,0
7847,1,1406,154303,0,1
1799,0,694,154305,0,0
455496,0,1176,154326,0,1
796,0,1427,154415,0,0
1101,1,1667,154421,0,0
1419,1,1635,154434,0,1
57734,1,762,154435,0,1
45867,1,1817,154462,0,1
2002,1,819,154464,0,0
76971,1,1226,154479,0,1
1649,0,1035,154488,0,1
655,1,1517,154489,0,0
435910,1,2176,154490,0,0
39914,1,237,154499,0,0
527,0,2361,154501,0,0
2137,1,411,154529,0,0
8855,1,1722,154543,0,1
109,0,865,154550,0,0
10059,0,1298,154626,0,1
11788,1,1796,154633,0,0
7373,1,1941,154645,0,1
1695,1,1087,154646,0,0
30213,1,769,154667,0,1
8385,1,1522,154714,0,1
793,1,1151,154726,0,0
553,1,2098,154780,0,0
2176,1,1071,154796,0,1
7675,1,1741,154803,0,1
6296,0,2561,154807,0,1
1657,1,1287,154818,0,0
76028,1,1562,154822,0,1
220,0,930,154839,0,0
4722,1,2202,154854,0,1
11988,1,930,154878,0,1
3207,1,314,154902,0,1
4041,0,1758,154927,0,0
10232,1,514,154982,0,1
14955,1,1491,154995,0,1
13763,1,515,155001,0,1
3234,1,322,155027,0,1
1507,0,959,155036,0,0
1851,0,1832,155043,0,0
1004,0,2119,155050,0,0
26518,0,1632,155053,0,0
438,1,1508,155066,0,0
6804,1,1082,155075,0,1
2433,0,1387,155079,0,0
1809,1,859,155095,0,0
13592,1,537,155118,0,1
26772,0,1315,155160,0,1
2445,1,924,155173,0,1
18761,1,553,155187,0,1
2890,1,1022,155229,0,1
2585,0,1878,155235,0,0
874,1,679,155246,0,1
3855,0,2046,155266,0,0
849,0,1130,155276,0,0
591,0,974,155288,1,0
131312,1,1509,155294,0,1
695,0,1138,155303,0,0
1652,1,1908,155308,0,0
9533,1,690,155361,0,1
26790,1,782,155367,0,1
2958,0,2054,155379,0,1
2221,1,2269,155400,0,0
1793,0,1763,155406,0,1
7748,0,1298,155415,0,1
94343,1,1896,155451,0,1
3206,1,1825,155475,0,0
1331,1,1726,155484,0,0
1494,0,1088,155539,0,0
11803,0,1599,155543,0,0
7193,0,277,155601,0,1
12119,1,2424,155627,0,1
523,1,2193,155638,0,0
92728,1,826,155656,0,0
11944,1,1480,155664,0,0
6349,1,989,155691,0,1
4650,1,1691,155711,0,0
5848441,1,2380,155716,0,0
13114,1,2278,155733,0,0
1627,0,742,155764,0,0
5161,0,1311,155773,0,0
2599,0,737,155796,0,1
3137,1,741,155821,0,0
1823,0,1112,155851,0,0
1236,0,1845,155860,0,0
27810,1,1414,155890,0,1
696,0,2042,155898,0,0
1119,1,403,155905,0,0
7659,1,1366,155906,0,1
1339,1,298,155907,0,1
4177,1,1253,155917,0,1
6400,1,700,155950,0,1
7165,0,652,155966,0,1
10588,1,774,155967,0,1
6590,0,1350,155975,0,0
1969,1,1085,155976,0,0
2443,0,1791,155986,0,0
833,0,1214,155989,0,0
3625,1,520,156003,0,1
4108,1,1736,156029,0,1
207583,0,1707,156057,0,0
557,1,1492,156058,0,0
1269,0,1156,156062,1,0
9349,1,1060,156064,0,1
1268,0,776,156076,0,0
5178,1,2169,156098,0,0
8191,1,697,156114,0,1
26304,1,1158,156129,0,1
12773,1,858,156164,0,1
2179,0,1430,156192,0,0
7166,1,1545,156252,0,0
928,0,1683,156267,0,0
11586,0,1485,156273,0,1
3890,1,419,156290,0,1
11970,0,936,156309,0,1
24503,1,1093,156315,0,1
16117,1,1496,156339,0,1
1096,1,650,156350,0,1
9331,0,2406,156351,0,0
19885,0,1458,156391,0,1
2126,0,1540,156395,0,0
16160,1,566,156424,0,1
12179,0,1433,156444,0,1
662,0,950,156510,0,0
5650,0,2310,156517,0,0
18758,1,2149,156530,0,1
86004,1,1901,156555,0,1
2652,1,2061,156580,0,1
23346,1,1734,156587,0,1
6681,1,1586,156599,0,1
2190,1,962,156630,0,1
2894,1,972,156632,0,1
3661,1,821,156643,0,1
4740,1,826,156644,0,1
25839,1,1632,156646,0,1
9358,1,2017,156663,0,1
567,0,1249,156692,0,0
420,1,668,156697,0,0
9332,1,1103,156702,0,0
10252,1,1001,156710,0,1
6029,1,1875,156712,0,1
981,0,1723,156768,0,0
13748,0,1327,156774,0,1
6657,0,1423,156776,0,1
674,0,1674,156791,0,0
623681,0,2311,156796,0,0
39431,1,1033,156841,0,1
184743,1,1522,156858,0,1
6983,1,1391,156862,0,1
3971,1,712,156865,0,0
943,0,1163,156915,0,0
3812,0,910,156918,0,0
8345,1,605,156935,0,1
1776,0,1621,156937,0,0
15205,0,1895,156940,0,1
52072,1,1180,156960,0,1
3443,0,2177,156963,0,0
2242530,0,1454,156980,0,0
886,1,2429,156998,0,0
2035347,1,993,157007,0,0
26265,1,1344,157018,0,1
49811,0,1055,157030,0,0
2795,0,1514,157061,0,1
8050,1,485,157070,0,1
5804,1,1370,157095,0,1
7177,1,1149,157108,0,1
22543,1,1546,157119,0,1
1488297,1,1261,157120,0,0
29912,1,1342,157138,0,0
17617,0,1692,157142,0,1
9227,1,650,157162,0,1
71549,1,1476,157169,0,1
29653,1,924,157210,0,1
2703,0,296,157225,0,0
628227,1,1582,157228,0,1
991,1,1434,157229,0,0
2687,1,1233,157232,0,0
1858,1,976,157259,0,1
111924,1,1732,157292,0,1
2073,0,1089,157330,0,0
31375,0,1861,157349,0,1
5997,1,566,157401,0,0
9362,0,1692,157455,0,1
5743,1,1002,157471,0,0
2172,1,1720,157497,0,0
37828,0,607,157545,0,1
1434,0,1600,157548,0,0
3213,1,572,157569,0,1
816,0,1455,157596,0,0
43113,1,1116,157623,0,1
12209,0,1953,157647,0,1
1620,0,2068,157669,0,1
999,0,1193,157674,0,0
6041,1,1691,157680,0,1
1173,1,1180,157684,0,0
7619,0,2311,157685,0,1
7034,0,1806,157730,0,0
3711,1,1936,157731,1,0
57827,1,1233,157749,0,1
400489,1,1552,157784,0,1
1248,1,2106,157825,0,0
14413,0,2110,157835,1,0
2680,0,319,157838,0,0
2449,0,1631,157844,0,1
15847,1,759,157883,0,1
7856,1,768,157901,0,1
5352,1,1361,157920,0,0
1686,1,204,157938,0,0
5696,1,2203,157939,0,1
8679,1,2014,157972,0,0
2197,1,271,158027,0,1
604400,0,2416,158039,0,0
17466,0,1363,158043,0,1
1366,1,794,158049,0,1
798,1,1245,158052,0,0
18338,1,1209,158055,0,1
9876,1,1306,158076,0,1
4502,0,1339,158081,0,1
2266,1,1689,158093,0,0
409,0,568,158101,0,0
2259,1,1213,158119,0,0
3743,1,1970,158120,0,0
4175,0,2398,158170,0,0
5989,0,426,158207,0,0
19503,1,2003,158208,0,1
72,0,148,158238,1,0
286,1,442,158257,0,0
7398,1,1945,158278,0,1
845413,1,625,158288,0,0
5487,1,812,158296,0,1
2480,0,1549,158304,0,0
15086,0,772,158324,0,1
4484,1,617,158369,0,1
116128,0,2340,158389,0,1
2797,1,652,158433,0,0
1444,0,1154,158434,0,0
2232,0,1974,158439,0,0
19625,1,890,158463,0,0
7908,1,853,158479,0,1
15222,1,2181,158483,0,1
5458,0,2441,158501,0,0
12455,1,959,158518,0,1
721,1,1447,158520,0,0
2545,0,244,158525,0,1
2401,1,1535,158554,0,1
8488,0,1805,158560,0,1
14311,1,897,158564,0,1
424,1,971,158570,0,0
818,1,729,158576,0,0
4901,0,2255,158597,0,0
93,1,708,158600,0,0
593,1,1360,158624,0,0
2561,0,1498,158633,0,0
3963,1,1836,158636,0,1
104,0,1117,158649,1,0
438,1,1314,158669,0,0
8286,0,853,158682,0,0
149266,1,1527,158698,0,0
1310,0,1153,158701,0,1
1573,1,723,158715,0,0
969489,1,1007,158723,0,0
2156,1,359,158732,0,0
1912,1,1739,158767,0,0
3351,1,1282,158778,0,1
8234,1,1429,158803,0,1
7040,0,2659,158822,0,0
2117,1,587,158831,0,1
698429,1,1045,158841,0,0
4169,1,986,158845,0,1
3512,1,1706,158875,0,1
7329,1,220,158882,0,1
3817,0,685,158886,0,0
4357,0,702,158890,0,1
9083205,0,1597,158894,0,0
335,0,1859,158958,0,0
10901,0,810,158962,0,1
129729,0,1284,158981,0,0
20317,0,1586,158985,0,0
3689,0,977,159006,0,1
11771,0,1379,159010,0,1
188666,0,1297,159027,0,0
820,1,676,159029,0,0
1245,1,1494,159041,0,0
9146,1,1315,159123,0,0
22984,1,1527,159142,0,1
16841,1,278,159143,0,1
9467,1,901,159199,0,1
6739,0,1296,159270,0,1
79992,0,2156,159336,0,1
529,0,1680,159352,0,0
1466,1,1050,159356,0,0
3627,1,396,159379,0,1
25874,1,1587,159397,0,1
2297,0,1875,159400,0,1
3941,1,1414,159403,0,0
1354,0,2310,159405,0,0
63895,1,2704,159414,0,1
53537,1,1044,159430,0,0
241,0,700,159480,0,0
28135,1,1273,159496,0,1
125,0,1483,159501,0,0
2487,0,944,159509,0,1
2376,1,478,159541,0,1
14929,1,1357,159571,0,1
431,0,1101,159581,0,0
3592,1,1502,159618,0,0
16653,1,1673,159629,0,0
1655,1,1643,159632,0,1
3259,1,1505,159648,0,0
10433,1,3455,159652,0,0
6353,1,2263,159679,0,1
1542,0,991,159685,0,0
67016,1,280,159704,0,1
374,0,730,159712,0,0
43730,1,968,159726,0,1
912,1,1285,159757,0,0
86089,1,1945,159770,0,1
50367,1,2038,159785,0,1
1095,1,1703,159796,0,0
504,0,1636,159828,0,0
100464,0,1847,159840,0,0
694224,0,766,159875,0,0
5394,1,2590,159876,0,0
26025,1,1228,159894,0,1
2580,1,1273,159895,0,0
5534,0,2204,159903,0,1
1074,0,1545,159911,0,0
20316,0,1192,159925,0,1
389795,1,1059,159937,0,0
1711,1,929,159940,0,0
29702,1,627,159950,0,1
190,1,1586,159991,0,0
525596,0,2341,159996,0,0
2297,1,1778,160006,0,0
16430,1,1637,160115,0,1
4357,1,2282,160136,0,0
30667,1,1233,160139,0,0
3877,1,1819,160153,0,1
13820,1,1378,160202,0,1
2539,1,1575,160208,0,1
2824,0,1422,160218,0,0
80455,1,919,160219,0,0
20726,1,2033,160225,0,0
22710,1,1960,160239,0,0
6517,1,1310,160257,0,1
23483,1,1804,160311,0,0
65208,1,1716,160330,0,1
9706,0,1632,160331,0,1
19898,0,2274,160334,0,1
4021,1,750,160373,0,1
6396,1,461,160376,0,1
15150,1,1706,160391,0,0
687,0,587,160416,0,0
2924,0,1550,160418,0,0
5878152,0,1853,160421,0,0
17563,1,1375,160433,0,1
4768,0,545,160451,0,1
3970,1,2257,160471,0,1
8520,1,668,160517,0,1
6459,0,1036,160537,0,0
44239,0,1088,160549,0,0
14046,1,1277,160556,0,1
46251,1,1569,160580,0,1
1912,1,587,160627,0,0
22928,1,2425,160635,0,0
1541,1,744,160653,0,0
3363,0,1394,160654,0,0
1022,0,802,160661,0,0
45649,0,1353,160738,0,0
300,0,2087,160745,0,0
32740,0,1413,160771,0,0
28793,1,1505,160796,0,1
2643,0,1054,160799,0,0
9818,1,1156,160803,0,1
38498,1,1535,160809,0,1
126792,1,1194,160825,0,0
6417,1,555,160838,0,1
10113,0,1265,160846,0,1
3003,1,1525,160852,0,0
236105,0,1755,160855,0,1
61648,1,2308,160866,0,1
5390,0,1019,160916,0,0
1814,0,321,160924,0,0
1600,0,970,160941,0,0
1924,1,641,160960,0,0
7386,1,535,160979,0,1
3877,1,1517,161010,0,1
1912,1,1296,161017,0,0
50032,1,1632,161018,0,1
627,1,1157,161039,0,0
69972,1,479,161052,0,1
22942,0,1465,161066,0,1
2060,0,1741,161068,0,1
748,1,767,161092,0,0
11725,0,2007,161096,0,0
8226,1,2136,161097,0,1
647,0,1762,161100,0,0
1343,0,1818,161109,0,0
2142,0,2446,161132,0,0
9889,1,2545,161133,0,1
14049,1,1223,161135,0,1
35943,1,1673,161178,0,1
1728,1,682,161179,0,1
9729,1,582,161202,0,1
8663,0,2067,161241,0,0
228568,1,3494,161275,0,1
14058,1,1604,161311,0,1
522,1,2159,161317,0,0
7927,1,1356,161321,0,1
10399,1,1564,161337,0,1
1376,1,1364,161350,0,0
768547,1,971,161375,0,0
480,0,471,161404,0,0
38563,1,1140,161413,0,1
8065,1,434,161442,0,1
21359,1,754,161446,0,1
2304,0,1895,161513,0,0
8766,1,2083,161516,0,1
10906,1,2520,161566,0,1
3811,1,1269,161655,0,1
1765,0,1865,161667,1,0
10755911,0,2382,161672,0,0
2521,1,1074,161673,0,0
25611,1,2076,161713,0,1
5486,1,2102,161725,0,0
2150,1,523,161729,0,0
139,0,773,161752,0,0
1186,1,2066,161776,0,0
3768,1,900,161842,0,0
508,0,1422,161872,0,0
3202,1,1063,161909,0,1
165971,1,2504,162001,0,0
7845,1,1319,162002,0,1
10141,1,793,162006,0,1
5980,1,926,162016,0,0
13591,0,994,162022,0,1
1558,0,1466,162044,0,0
101550,1,2547,162046,0,0
1147,0,1418,162075,0,0
29615,1,788,162084,0,1
1098,1,905,162096,0,0
4058,1,2211,162102,0,0
39516,1,813,162108,0,1
4140,1,1749,162143,0,1
4353,0,2927,162150,0,1
6961,1,882,162165,0,1
1684,0,1428,162186,0,0
323646,1,1114,162190,0,0
431,1,841,162195,0,0
4184,0,1276,162196,0,1
2320,0,1086,162239,0,1
5914,1,590,162317,0,1
191,1,658,162338,0,0
3787,0,511,162339,0,1
10142,1,1628,162343,0,0
5422,0,339,162392,0,1
3542,1,1274,162406,0,1
2968,0,1685,162434,0,0
25205,1,1989,162446,0,1
47910,0,1162,162490,0,1
224,1,1421,162508,0,0
26291,0,988,162536,0,1
2434,0,1168,162564,0,0
25433,1,1937,162567,0,1
1932,0,362,162585,0,1
5580,0,901,162589,0,0
1039,1,599,162605,0,0
13884,1,1936,162627,0,1
17214,1,1248,162628,0,1
6660,1,909,162678,0,1
109086,1,1676,162727,0,1
1738128,1,2218,162780,0,0
3392,1,1761,162799,0,1
9155,0,1556,162819,0,1
3352,0,2398,162871,0,0
908,1,863,162894,0,0
6582,1,1504,162921,0,1
10129,0,2472,162934,0,1
1911,0,2104,162943,0,1
8682,1,574,162950,0,1
443,1,1068,162951,0,0
1136,0,1449,162979,0,0
2971,1,1992,163068,0,0
1219,1,1723,163071,0,0
190,1,885,163081,0,0
3917,1,688,163085,0,1
58990,0,2236,163086,0,1
11351,0,1278,163132,0,1
12444,1,1593,163145,0,0
408,0,1206,163159,0,0
3607,1,871,163208,0,1
15065,1,776,163227,0,1
499,0,1114,163284,0,0
5287,0,1064,163305,0,0
26037,0,3242,163306,0,0
186,0,1287,163323,0,0
22093,1,1624,163363,0,0
5778,0,924,163369,0,1
3197,1,1289,163394,0,1
378,1,1419,163403,0,0
3937,1,1537,163418,0,1
11899,1,860,163422,0,1
16496,0,2319,163427,0,1
1970,0,2091,163429,0,0
7806,0,971,163449,0,1
2882,1,1027,163465,0,1
1759690,0,1780,163476,0,0
139058,1,984,163496,0,1
20345,1,1887,163515,0,1
5560,1,1763,163518,0,1
1744,0,2079,163519,0,1
55347,0,1710,163539,0,1
926,0,1753,163607,0,0
10231,1,2104,163617,0,1
59916,1,1803,163664,0,0
4401,1,2104,163694,0,0
2906,1,1181,163758,0,1
13154,1,992,163789,0,0
4358,1,2007,163790,0,0
598486,0,2221,163808,0,0
4478,1,1659,163818,0,1
10505,1,2261,163819,0,1
287,0,1935,163840,0,0
3466,0,1852,163846,0,0
2115,1,1379,163885,0,1
11287,1,2040,163915,0,0
2503,1,1353,163942,0,0
12842,1,1839,163943,0,1
88769,1,532,163954,0,0
21550,1,2038,163956,0,1
995,0,1595,163965,1,0
1521,0,1805,163986,0,0
1393,0,355,163996,0,0
13458,0,1325,164002,0,1
10487,0,2026,164007,0,1
16975,1,1519,164027,0,1
995,0,1316,164038,0,0
4533,1,2163,164065,0,0
156408,1,2945,164091,0,1
6244,1,1403,164099,0,1
74825,1,1087,164108,0,1
91679,1,1404,164109,0,1
1451,1,733,164110,0,0
596986,1,1152,164130,0,0
23228,1,2148,164139,0,0
4907,1,2275,164150,0,0
5986,1,1558,164158,0,0
2475,0,794,164174,0,0
572,0,489,164187,0,0
1828,0,1116,164311,0,1
321,1,1673,164338,0,0
22280,1,972,164347,0,1
17354,0,809,164348,0,1
66413,1,2434,164362,0,1
4636,0,799,164366,0,1
3570,1,1670,164367,0,1
2765892,0,1993,164422,0,0
74670,1,1912,164440,0,1
4290,1,1205,164455,0,0
29413,1,1594,164465,0,1
2024,1,848,164538,0,1
1424650,1,1751,164541,0,0
1155,1,1450,164561,0,1
10675,1,960,164568,0,1
168968,1,1380,164620,0,0
2430,0,177,164636,0,1
143112,1,1123,164649,0,1
2673,1,1898,164667,0,0
7133,1,1169,164696,0,1
30898,1,1371,164716,0,0
2699,0,1578,164725,0,0
3001,1,1871,164771,0,0
2194,0,765,164775,0,0
690847,0,2822,164809,0,0
1242,0,2388,164813,0,0
2751388,1,2382,164845,0,0
26889,1,1506,164891,0,1
49531,0,2063,164901,0,1
143209,0,1607,164908,0,0
11616,1,955,164950,0,1
4420,1,1351,164963,0,0
1638,1,497,164988,0,0
1142,1,2197,165039,0,0
4126,0,718,165047,0,1
11220,1,2284,165089,0,1
6698,1,1384,165100,0,1
532,0,467,165102,0,0
1075,1,652,165106,0,0
5693477,0,1057,165108,0,0
35144,1,2611,165113,0,0
14356,1,1383,165123,0,0
2011,1,2024,165156,0,1
1644,1,937,165167,0,0
1595,0,344,165197,0,0
5255,1,938,165239,0,1
2630,1,1484,165244,0,1
3081,1,1139,165249,0,1
7813,1,1128,165301,0,1
3419,1,896,165310,0,0
8291,1,730,165345,0,1
1884448,0,1170,165396,0,0
7812,0,970,165409,0,1
423577,0,1192,165412,0,0
2728,1,1068,165430,0,0
7857,1,594,165459,0,0
126002,1,1304,165484,0,1
5513,0,1512,165488,0,0
1712,0,2041,165491,0,1
7802,0,418,165569,0,1
1541,0,1995,165600,0,0
8998,0,337,165611,0,1
47785,1,1358,165623,0,0
5428,1,1567,165627,0,1
2881,0,2266,165630,0,0
1557,1,1239,165659,0,0
68716,0,2044,165678,0,0
178,1,2304,165699,0,0
935,1,1804,165722,0,0
1358,1,1062,165768,0,0
5608,0,1457,165774,0,1
8217,0,1168,165812,0,1
297244,1,1500,165854,0,0
3203,1,1862,165873,0,0
4707,1,1582,165904,0,1
16820,1,1345,165917,0,1
32530,1,484,165949,0,1
558,1,1291,165966,0,0
5879,0,440,165974,0,1
10342,0,2429,165986,0,1
12384,1,1009,165999,0,1
3157,0,433,166005,0,1
2119,0,1728,166010,0,0
6991,1,1499,166042,0,0
1454,1,702,166057,0,1
140663,1,1392,166079,0,1
963,0,1364,166111,0,0
2938,1,254,166156,0,0
550,1,236,166169,0,0
1867,1,1043,166170,0,0
10811,1,1104,166176,0,1
2750,1,224,166187,0,1
16225,1,1517,166192,0,0
5477117,0,1335,166206,0,0
2739,0,283,166256,0,1
45836,1,1298,166290,0,1
72413,1,1065,166299,0,1
16209,0,2051,166303,0,0
21504,1,734,166307,0,1
1655,1,1174,166318,0,0
79620,0,1878,166421,0,1
113571,0,2266,166433,0,0
5724,0,1169,166451,0,0
998,1,432,166526,0,0
1379,0,832,166533,0,0
11039,1,1442,166574,0,1
9735,0,2309,166619,0,0
844,1,1921,166626,0,0
684,1,2039,166633,0,0
166333,1,682,166635,0,1
9968,0,1371,166637,0,1
4710,1,269,166651,0,1
11106,1,611,166661,0,1
26332,0,1711,166684,0,1
1259,0,897,166696,0,0
10426,1,1037,166705,0,1
4666,0,1637,166706,0,0
29552,1,1277,166717,0,1
229,1,827,166733,0,0
457,0,211,166747,0,0
10830,1,2196,166838,0,1
23470,1,2111,166847,0,1
4387,1,1089,166870,0,1
35318,1,1185,166879,0,1
7339,1,1880,166889,0,1
15350,1,991,166918,0,1
44421,1,1977,166921,0,1
611,1,960,166923,0,0
2344415,0,1460,166984,0,0
613261,1,974,166996,0,0
64901,1,2325,167029,0,1
4126,0,404,167042,0,1
6157,1,931,167062,0,1
2108,0,2310,167089,0,0
52731,1,1144,167092,0,0
310,0,1695,167114,0,0
11535,1,471,167118,0,1
6232,1,977,167190,0,0
13046,0,396,167202,0,1
9470,1,1691,167209,0,1
246434,1,1814,167228,0,1
5788,1,222,167231,0,0
3503,1,1420,167254,0,1
8391,1,1294,167264,0,1
7616,1,991,167278,0,1
49036,1,1492,167300,0,1
1646,1,805,167303,0,0
761,0,1370,167305,0,0
5315,0,638,167335,0,1
6730,0,1550,167401,0,0
3720,1,713,167412,0,1
30883,1,913,167424,0,1
1003,0,982,167432,0,0
23053,1,1673,167436,0,1
3642,1,1283,167449,0,1
16140,1,1820,167473,0,1
894,0,893,167479,0,0
1638,0,849,167487,0,0
37191,1,1894,167522,0,1
2382,1,1186,167538,0,0
12165,1,907,167542,0,1
6744,1,2044,167589,0,1
1212,0,902,167595,0,0
16225,1,3334,167602,0,1
2435,1,1926,167626,0,0
2286,0,646,167661,0,1
12498,0,470,167699,0,1
2526,1,930,167728,0,0
27307,1,1725,167733,0,1
399,0,719,167735,0,0
30860,1,1549,167749,0,1
4674,1,800,167841,0,1
887,0,1665,167876,0,0
1713,0,837,167881,0,1
2941,1,1150,167883,0,1
29877,1,766,167901,0,1
5074,0,935,167904,0,1
435,0,466,167910,0,0
4936,1,1620,167915,0,0
3723,0,1451,167930,0,0
1607,1,1375,167934,0,0
3349,1,840,167963,0,1
6096,1,2847,168002,0,1
128,1,895,168009,0,0
44,0,2001,168059,0,0
2038,1,1784,168072,0,0
449,0,2114,168081,0,0
