county,state,2020 Democrat vote raw,2020 Republican vote raw,Population with less than 9th grade education,"Population with 9th to 12th grade education, no diploma",High School graduate and equivalent,"Some College,No Degree",Associates Degree,Bachelors Degree,Graduate or professional degree,Gini Index,Mean income (dollars),Density per square km,Total Population,Hispanic or Latino percentage,NH-White percentage,NH-Black percentage,"Percentage engaged in Management, business, science, and arts occupations",Percentage engaged in Service Occupations,Percentage engaged in Sales and Office,Percentage engaged in Resources and Construction,Percentage engaged in Transportation,Label (County),Label (State)
Autauga County,alabama,7503,19838,1.7,7.9,31.1,21.0,8.7,16.7,12.8,0.4541,90.372,38.17,58805,3.6,70.71,19.3,36.39,14.24,22.02,9.99,17.36,Republican,Republican
Baldwin County,alabama,24578,83544,2.0,6.4,27.8,21.7,9.6,20.0,12.5,0.4648,96.027,56.69,231767,5.47,80.47,7.77,35.62,17.14,24.2,9.91,13.13,Republican,Republican
Barbour County,alabama,4816,5622,7.3,16.2,36.8,19.9,7.9,6.6,5.3,0.5098,60.128,10.85,25223,5.99,43.95,46.98,27.73,20.16,19.49,12.53,20.09,Republican,Republican
Bibb County,alabama,1986,7525,6.4,14.7,40.9,19.1,8.0,6.6,4.3,0.4553,65.131,13.8,22293,3.32,73.75,19.69,22.22,15.32,20.57,16.43,25.47,Republican,Republican
Blount County,alabama,2640,24711,7.1,11.1,35.3,20.7,11.0,9.4,5.3,0.4475,75.954,35.37,59134,9.76,84.15,1.4,26.75,12.98,22.73,15.81,21.73,Republican,Republican
Bullock County,alabama,3446,1146,9.9,16.7,41.3,19.5,3.2,6.9,2.5,0.5058,52.269,6.4,10357,4.86,22.02,71.33,20.73,18.19,9.83,16.88,34.38,Democrat,Republican
Butler County,alabama,3965,5458,3.9,8.5,48.0,19.1,7.4,7.8,5.3,0.4837,65.988,9.43,19051,1.36,50.81,44.03,25.04,15.28,22.62,10.47,26.59,Republican,Republican
Calhoun County,alabama,15216,35101,4.4,10.5,34.6,23.2,8.1,11.5,7.6,0.4519,69.213,74.02,116441,4.3,68.29,21.78,29.79,18.19,21.0,9.92,21.1,Republican,Republican
Chambers County,alabama,6365,8753,5.8,10.8,39.5,20.3,10.9,9.2,3.5,0.4371,64.377,22.4,34772,3.56,53.54,38.65,26.71,17.74,17.31,9.73,28.51,Republican,Republican
Cherokee County,alabama,1624,10583,6.6,11.5,36.1,19.3,12.0,8.3,6.3,0.4484,65.664,17.49,24971,1.6,90.36,3.95,34.57,16.41,16.83,11.98,20.21,Republican,Republican
Chilton County,alabama,3073,16085,5.9,11.9,41.6,19.1,7.5,8.2,5.8,0.4211,73.65,25.16,45014,9.81,77.48,8.97,22.82,14.88,19.57,20.95,21.79,Republican,Republican
Choctaw County,alabama,3127,4296,6.4,11.2,38.2,21.5,9.7,9.6,3.4,0.4675,61.685,5.35,12665,0.89,55.58,41.19,21.51,16.13,26.15,15.78,20.43,Republican,Republican
Clarke County,alabama,5755,7324,4.9,13.7,41.0,19.6,7.0,8.4,5.4,0.529,71.413,7.19,23087,0.89,51.85,44.28,27.31,15.15,24.33,11.38,21.83,Republican,Republican
Clay County,alabama,1267,5601,5.0,11.6,37.4,21.3,11.8,9.2,3.6,0.48,69.549,9.08,14236,3.15,79.1,13.64,33.48,10.76,15.37,11.62,28.77,Republican,Republican
Cleburne County,alabama,675,6484,5.2,12.3,39.0,19.5,7.6,11.0,5.5,0.4724,71.645,10.44,15056,1.89,91.26,3.04,28.65,14.95,17.71,16.62,22.07,Republican,Republican
Coffee County,alabama,5076,16899,4.5,8.9,28.9,23.0,13.1,13.1,8.5,0.4354,78.477,30.46,53465,9.14,66.88,16.17,31.19,18.76,18.69,14.03,17.33,Republican,Republican
Colbert County,alabama,8343,19203,3.6,10.1,36.6,23.3,8.4,11.2,6.8,0.4488,71.46,37.29,57227,3.03,75.56,16.11,33.73,17.14,18.68,9.82,20.63,Republican,Republican
Conecuh County,alabama,2966,3442,2.9,7.7,48.3,19.8,8.1,7.7,5.7,0.4639,56.23,5.26,11597,2.21,50.31,43.94,24.22,13.26,22.84,7.16,32.53,Republican,Republican
Coosa County,alabama,1796,3631,3.7,12.8,41.4,22.1,9.3,7.2,3.5,0.4216,69.81,6.13,10387,1.94,65.53,28.88,23.97,15.51,22.62,14.06,23.84,Republican,Republican
Covington County,alabama,2721,14586,4.4,9.8,36.3,21.4,11.8,9.8,6.5,0.4908,69.704,14.07,37570,1.74,81.6,12.15,31.23,15.69,19.19,12.41,21.48,Republican,Republican
Crenshaw County,alabama,1700,4864,6.8,11.1,42.5,14.4,8.0,11.9,5.3,0.5581,78.621,8.37,13194,1.42,70.74,23.38,24.61,15.04,20.69,12.02,27.63,Republican,Republican
Cullman County,alabama,4478,36880,4.6,10.8,31.4,23.6,11.4,12.1,6.2,0.4425,75.873,46.39,87866,4.72,89.11,1.04,28.55,16.72,22.62,13.6,18.51,Republican,Republican
Dale County,alabama,5170,14303,4.5,9.8,31.3,25.1,10.1,12.9,6.2,0.4432,67.432,34.03,49326,6.6,66.09,20.48,28.07,18.61,20.68,14.03,18.61,Republican,Republican
Dallas County,alabama,12230,5524,3.4,11.2,39.7,19.4,10.6,10.1,5.6,0.4894,53.213,15.12,38462,0.77,26.94,69.71,26.64,15.72,22.62,9.13,25.89,Democrat,Republican
DeKalb County,alabama,4281,24767,11.1,11.1,31.8,20.6,11.2,8.3,5.9,0.4555,64.545,35.62,71608,16.4,76.15,1.42,26.77,16.24,16.74,14.55,25.7,Republican,Republican
Elmore County,alabama,10367,30164,3.4,8.1,33.8,20.7,9.9,15.8,8.4,0.4189,90.524,54.74,87977,3.17,71.09,20.6,38.57,14.54,23.79,8.72,14.38,Republican,Republican
Escambia County,alabama,4918,10869,4.6,13.2,44.4,16.9,8.5,8.5,4.0,0.4673,55.542,15.01,36757,2.04,59.86,29.71,24.99,20.35,21.4,12.23,21.04,Republican,Republican
Etowah County,alabama,11567,35528,4.0,9.9,33.4,24.2,10.8,10.8,6.9,0.4556,69.693,74.57,103436,4.73,75.15,14.5,29.8,16.75,21.12,9.98,22.35,Republican,Republican
Fayette County,alabama,1395,7300,6.4,9.8,39.8,23.1,7.8,8.3,4.8,0.4876,66.681,10.02,16321,2.43,83.03,10.54,23.71,14.17,17.76,11.05,33.31,Republican,Republican
Franklin County,alabama,2086,10376,6.1,13.8,40.1,18.1,7.1,10.3,4.5,0.4441,63.747,19.5,32113,19.49,73.43,3.55,24.97,14.77,16.68,13.63,29.94,Republican,Republican
Geneva County,alabama,1595,10848,6.3,10.3,36.7,21.8,11.0,9.7,4.2,0.4363,63.491,17.91,26659,4.86,81.23,8.37,31.9,16.76,19.64,15.01,16.69,Republican,Republican
Greene County,alabama,3884,875,2.8,15.3,37.1,20.4,7.6,10.6,6.1,0.4702,48.095,4.6,7730,0.79,16.62,80.56,28.41,14.69,13.76,16.86,26.28,Democrat,Republican
Hale County,alabama,4687,3190,5.2,14.3,37.8,17.5,8.9,10.8,5.6,0.5119,59.052,8.84,14785,1.01,40.39,56.23,37.88,18.2,17.17,7.4,19.34,Democrat,Republican
Henry County,alabama,2606,6607,5.8,12.7,32.8,18.7,9.1,14.0,7.0,0.4655,73.705,11.88,17146,1.95,69.07,24.68,31.69,15.98,22.21,11.73,18.39,Republican,Republican
Houston County,alabama,12917,32618,3.6,8.8,32.0,23.5,9.7,14.3,8.1,0.4833,78.415,71.28,107202,4.18,63.67,26.34,33.54,18.09,23.19,9.28,15.91,Republican,Republican
Jackson County,alabama,3717,19670,5.2,12.8,37.4,19.2,9.3,10.2,5.9,0.4574,65.829,18.85,52579,3.2,85.82,3.09,31.92,13.58,17.08,13.24,24.18,Republican,Republican
Jefferson County,alabama,181688,138843,2.5,6.5,26.1,21.2,8.2,21.2,14.4,0.5049,93.745,233.52,674721,5.17,48.06,41.52,42.14,15.99,21.03,6.98,13.85,Democrat,Republican
Lamar County,alabama,978,6174,7.0,11.0,40.9,20.5,10.4,6.1,4.1,0.4259,62.422,8.86,13972,1.49,85.34,10.17,27.5,13.03,20.03,9.83,29.6,Republican,Republican
Lauderdale County,alabama,11915,31721,3.0,8.3,34.9,20.0,8.1,16.1,9.8,0.4618,76.624,54.52,93564,3.29,81.75,9.79,30.11,17.08,24.71,10.2,17.9,Republican,Republican
Lawrence County,alabama,3562,12322,5.7,11.6,41.1,18.5,7.3,10.1,5.7,0.4483,72.948,18.51,33073,2.71,74.73,9.98,30.97,14.63,17.11,12.27,25.03,Republican,Republican
Lee County,alabama,27860,42221,2.4,5.9,21.7,20.6,9.2,22.1,18.0,0.513,84.719,111.29,174241,5.24,63.01,22.53,44.78,16.74,18.25,7.41,12.82,Republican,Republican
Limestone County,alabama,13672,34640,4.3,8.4,27.8,20.9,9.1,18.9,10.7,0.4272,99.315,71.41,103570,7.0,73.08,12.72,40.26,12.95,19.13,10.35,17.31,Republican,Republican
Lowndes County,alabama,4972,1836,4.8,11.9,41.6,15.3,10.1,10.5,5.8,0.5197,55.548,5.47,10311,1.36,27.22,69.33,24.52,12.99,20.23,10.33,31.93,Democrat,Republican
Macon County,alabama,7108,1541,3.8,13.5,31.7,23.0,7.5,10.7,9.8,0.4853,57.338,12.18,19532,1.85,16.32,78.82,30.22,24.99,18.55,5.61,20.63,Democrat,Republican
Madison County,alabama,87286,102780,2.2,5.5,19.0,20.5,7.6,26.8,18.3,0.4695,76.763,187.74,388153,6.42,61.19,23.46,50.42,13.56,18.44,6.24,11.34,Republican,Republican
Marengo County,alabama,5488,5343,3.1,7.8,35.6,21.9,9.6,12.7,9.2,0.5163,65.484,7.58,19323,1.9,43.34,52.44,29.48,18.66,20.09,11.41,20.35,Democrat,Republican
Marion County,alabama,1463,12205,6.1,13.2,35.5,21.7,11.6,7.1,4.7,0.4443,62.389,15.19,29341,2.94,88.93,3.73,29.37,14.69,17.06,13.47,25.4,Republican,Republican
Marshall County,alabama,5943,33191,6.5,9.1,31.9,20.2,10.9,14.5,6.9,0.4567,77.5,66.82,97612,16.04,76.49,2.35,33.17,16.06,18.92,10.9,20.95,Republican,Republican
Mobile County,alabama,79474,101243,2.8,9.1,34.1,21.0,8.8,15.7,8.6,0.4694,75.532,129.98,414809,3.24,54.65,35.06,34.47,17.36,20.82,10.73,16.62,Republican,Republican
Monroe County,alabama,4455,6147,3.5,12.8,44.0,17.5,8.7,7.8,5.7,0.4773,57.487,7.46,19772,1.05,52.27,41.74,23.94,17.96,20.71,12.75,24.65,Republican,Republican
Montgomery County,alabama,64529,33311,3.6,8.4,25.6,21.1,7.6,19.5,14.2,0.495,79.962,112.16,228954,4.67,32.04,56.69,37.13,16.84,22.57,5.76,17.69,Democrat,Republican
Morgan County,alabama,13234,39664,6.0,8.8,30.8,21.6,9.0,15.9,7.9,0.4491,82.6,81.99,123421,10.03,71.49,12.4,33.11,14.52,19.98,11.51,20.87,Republican,Republican
Perry County,alabama,3860,1339,6.6,13.8,42.9,16.1,5.3,10.1,5.1,0.3953,41.226,4.55,8511,1.05,27.55,69.49,26.68,17.12,21.38,7.95,26.86,Democrat,Republican
Pickens County,alabama,4022,5594,6.4,8.6,41.1,20.1,9.2,9.0,5.5,0.4814,66.279,8.29,19123,5.51,52.64,38.95,31.66,15.88,15.05,12.37,25.04,Republican,Republican
Pike County,alabama,5636,8042,3.1,9.0,36.2,18.5,5.4,15.7,12.0,0.5191,67.849,18.96,33009,2.74,54.64,36.56,34.31,18.24,21.61,7.76,18.09,Republican,Republican
Randolph County,alabama,2203,8559,6.1,11.9,34.9,18.4,10.0,12.1,6.7,0.4697,67.742,14.75,21967,2.75,75.7,17.36,31.37,14.69,17.62,9.06,27.26,Republican,Republican
Russell County,alabama,11228,9864,5.5,9.3,29.6,26.0,13.3,10.3,6.1,0.4664,62.441,35.44,59183,5.4,45.08,43.81,29.06,15.75,22.98,10.74,21.48,Democrat,Republican
Shelby County,alabama,33268,79700,2.0,4.2,20.2,20.1,7.9,29.8,15.8,0.4441,76.763,110.07,223024,7.38,72.96,12.87,47.53,13.25,21.44,7.79,9.99,Republican,Republican
St. Clair County,alabama,7744,36166,4.1,8.7,35.5,23.2,9.2,13.3,6.0,0.4081,88.263,56.07,91103,2.83,82.28,9.46,35.05,15.3,22.27,11.92,15.45,Republican,Republican
Sumter County,alabama,4648,1598,2.5,8.6,32.2,27.7,7.1,12.3,9.5,0.4823,49.122,5.21,12345,1.06,23.79,72.54,25.33,20.05,23.66,11.58,19.38,Democrat,Republican
Talladega County,alabama,13138,22235,4.5,12.3,34.9,23.9,7.8,9.8,6.8,0.4797,70.872,42.5,82149,2.17,61.76,32.06,27.82,15.19,20.44,11.45,25.1,Republican,Republican
Tallapoosa County,alabama,5859,14963,5.1,13.0,32.1,22.6,9.0,11.4,6.7,0.4892,71.359,22.23,41311,2.77,68.39,25.09,25.64,16.45,23.37,12.62,21.92,Republican,Republican
Tuscaloosa County,alabama,37765,51117,2.5,6.8,29.4,21.4,9.0,18.2,12.7,0.4713,82.543,67.69,227036,5.42,59.41,30.29,37.35,15.53,20.14,8.89,18.09,Republican,Republican
Walker County,alabama,4834,26002,5.3,12.1,34.8,21.6,11.0,9.4,5.9,0.4543,68.336,31.72,65342,3.29,86.31,5.95,27.89,17.5,21.53,12.83,20.24,Republican,Republican
Washington County,alabama,2258,6564,2.8,8.9,43.8,22.7,7.5,6.7,7.5,0.4965,76.832,5.52,15388,0.9,66.72,21.56,31.9,16.86,14.59,13.54,23.1,Republican,Republican
Wilcox County,alabama,4048,1833,5.7,16.6,40.4,20.5,5.2,7.8,3.8,0.4578,50.522,4.54,10600,1.06,27.04,70.05,24.19,15.31,21.76,16.62,22.12,Democrat,Republican
Winston County,alabama,974,10195,5.9,14.0,40.4,18.4,7.5,8.1,5.7,0.4547,66.201,14.9,23540,3.46,91.75,0.56,27.5,11.07,19.1,13.67,28.65,Republican,Republican
Aleutians East Borough,alaska,180,336,9.8,9.2,39.4,18.7,6.1,12.7,4.3,0.3727,88.309,0.19,3420,19.71,19.24,8.68,21.91,8.68,11.19,14.23,43.99,Republican,Republican
Aleutians West Census Area,alaska,692,551,6.2,4.2,41.3,25.2,7.5,13.2,2.3,0.3254,76.763,0.46,5232,12.77,30.29,4.91,16.1,14.55,14.67,12.48,42.2,Democrat,Republican
Anchorage Municipality,alaska,70933,68189,2.1,3.7,24.5,24.1,8.6,23.0,14.0,0.4291,76.763,65.75,291247,9.08,54.33,4.73,41.74,18.14,20.81,8.1,11.21,Democrat,Republican
Bethel Census Area,alaska,3085,1670,6.3,11.0,47.9,17.9,7.3,5.3,4.4,0.4603,85.288,0.18,18666,1.11,8.72,0.45,31.36,18.39,23.32,12.54,14.39,Democrat,Republican
Bristol Bay Borough,alaska,193,304,2.0,3.0,28.3,31.9,8.5,21.9,4.4,0.4087,76.763,0.68,844,5.33,42.3,0.71,35.53,13.65,19.76,16.94,14.12,Republican,Republican
Chugach Census Area,alaska,1395,1938,1.8,3.7,23.8,27.8,11.5,20.3,11.2,0.3721,76.763,0.28,7102,5.59,67.14,0.65,40.55,15.01,14.05,18.0,12.39,Republican,Republican
Copper River Census Area,alaska,480,1130,2.1,5.5,29.1,28.9,6.4,19.0,9.0,0.4125,88.145,0.04,2617,3.21,60.79,0.23,39.5,18.51,19.4,16.73,5.87,Republican,Republican
Denali Borough,alaska,478,637,1.1,2.2,46.8,16.3,8.4,13.7,11.5,0.3805,98.536,0.06,1619,1.98,85.11,0.56,24.85,16.44,6.77,41.22,10.71,Republican,Republican
Dillingham Census Area,alaska,984,822,4.1,7.8,41.6,19.5,6.5,11.3,9.1,0.4092,86.298,0.1,4857,3.01,15.85,0.39,41.76,18.91,13.8,14.01,11.52,Democrat,Republican
Fairbanks North Star Borough,alaska,18138,24917,1.9,3.5,25.3,26.7,9.7,19.6,13.3,0.4242,76.763,5.07,95655,7.65,66.05,3.98,38.43,19.2,21.23,10.22,10.92,Republican,Republican
Haines Borough,alaska,1579,986,0.8,1.5,34.4,25.1,4.4,16.8,16.9,0.4181,76.099,0.34,2080,3.22,75.82,0.1,36.6,19.85,16.87,17.49,9.18,Democrat,Republican
Hoonah-Angoon Census Area,alaska,1645,577,0.7,5.3,33.6,23.2,9.6,20.4,7.1,0.4693,84.2,0.14,2365,5.07,47.48,0.25,43.06,15.23,16.77,10.64,14.3,Democrat,Republican
Juneau City and Borough,alaska,10834,6210,1.0,3.5,22.1,23.4,9.2,25.8,14.9,0.4037,76.763,4.58,32255,6.44,60.99,1.02,44.35,16.2,18.71,11.13,9.61,Democrat,Republican
Kenai Peninsula Borough,alaska,10965,21761,1.6,4.2,30.8,26.5,8.9,17.6,10.4,0.454,99.127,1.43,58799,3.96,77.46,0.61,38.84,18.75,15.62,14.41,12.38,Republican,Republican
Ketchikan Gateway Borough,alaska,2467,3985,1.1,4.1,28.5,31.2,6.6,19.3,9.2,0.4376,76.763,1.11,13948,4.66,58.94,0.72,35.69,20.87,19.87,11.17,12.4,Republican,Republican
Kodiak Island Borough,alaska,2523,3756,4.3,4.5,29.0,24.2,9.5,19.2,9.3,0.4005,76.763,0.75,13101,7.82,48.02,0.65,29.76,17.49,18.88,11.96,21.91,Republican,Republican
Kusilvak Census Area,alaska,1209,569,3.9,14.7,55.7,18.2,2.9,4.0,0.6,0.4451,57.035,0.19,8368,0.17,2.07,0.19,26.43,23.86,20.51,10.91,18.3,Democrat,Republican
Lake and Peninsula Borough,alaska,358,234,3.8,5.4,45.0,23.0,7.2,8.6,6.9,0.3936,72.594,0.02,1476,2.3,20.12,0.07,36.76,20.12,10.06,22.18,10.88,Democrat,Republican
Matanuska-Susitna Borough,alaska,12849,38492,1.7,4.0,33.2,26.3,11.1,15.3,8.4,0.4189,76.763,1.7,107081,4.9,75.69,0.99,36.08,17.47,18.72,16.95,10.78,Republican,Republican
Nome Census Area,alaska,2131,1287,3.3,8.5,43.4,23.1,3.4,7.8,10.5,0.4439,89.721,0.17,10046,1.85,13.87,0.52,41.24,18.5,19.96,9.12,11.18,Democrat,Republican
North Slope Borough,alaska,1134,1197,2.8,6.5,43.0,24.7,8.7,9.5,4.7,0.443,76.763,0.05,11031,4.97,26.87,1.44,31.36,13.08,15.79,23.19,16.58,Republican,Republican
Northwest Arctic Borough,alaska,1031,735,4.1,9.9,46.2,20.5,4.2,10.0,5.1,0.4208,96.03,0.08,7793,1.31,8.78,0.91,36.85,12.01,17.52,18.81,14.82,Democrat,Republican
Petersburg Borough,alaska,534,1002,8.7,4.3,31.8,22.3,8.0,17.7,7.1,0.4251,96.77,0.45,3398,4.83,71.92,1.35,24.37,20.78,20.84,13.53,20.48,Republican,Republican
Prince of Wales-Hyder Census Area,alaska,2321,1930,1.3,6.2,36.4,28.1,8.6,13.6,5.8,0.425,80.427,0.43,5753,2.78,41.16,0.37,33.55,17.45,20.95,13.08,14.97,Democrat,Republican
Sitka City and Borough,alaska,2124,1745,2.0,2.8,25.8,25.4,9.9,22.9,11.3,0.3721,76.763,1.14,8458,5.92,59.71,0.44,40.71,15.93,22.64,10.99,9.73,Democrat,Republican
Skagway Municipality,alaska,679,217,5.3,2.1,34.0,24.4,6.4,22.1,5.8,0.3547,91.563,1.16,1240,3.31,85.16,0.48,28.19,25.87,25.48,8.11,12.36,Democrat,Republican
Southeast Fairbanks Census Area,alaska,748,2823,2.1,4.2,36.6,27.8,9.5,13.7,6.1,0.4239,85.484,0.11,6808,5.52,73.34,1.0,28.37,23.95,13.79,18.9,14.99,Republican,Republican
Wrangell City and Borough,alaska,396,827,1.7,11.2,33.4,26.0,9.6,13.9,4.1,0.4125,80.656,0.32,2127,3.57,63.05,0.0,36.44,15.83,15.09,15.46,17.18,Republican,Republican
Yakutat City and Borough,alaska,160,133,1.0,5.0,43.6,29.2,10.3,9.6,1.3,0.2936,89.58,0.03,662,4.38,37.46,0.3,28.57,19.88,14.6,8.39,28.57,Democrat,Republican
Yukon-Koyukuk Census Area,alaska,1740,965,4.4,8.6,38.9,29.0,5.0,9.6,4.5,0.4639,62.362,0.01,5343,1.35,20.98,0.11,34.18,15.44,20.61,13.23,16.54,Democrat,Republican
Apache County,arizona,23293,11442,7.0,9.0,32.5,28.6,9.2,8.2,5.6,0.5144,53.624,2.28,66021,5.85,20.89,0.28,31.63,21.31,21.21,13.58,12.26,Democrat,Democrat
Cochise County,arizona,23732,35557,4.6,6.5,25.1,25.6,11.4,16.6,10.0,0.4384,75.274,7.8,125447,33.97,54.41,3.48,36.57,22.95,21.3,9.7,9.49,Republican,Democrat
Coconino County,arizona,44698,27052,3.3,5.3,21.0,22.2,8.6,23.3,16.3,0.4603,89.188,3.0,145101,14.97,53.0,1.22,40.44,22.23,19.53,7.92,9.89,Democrat,Democrat
Gila County,arizona,8943,18377,2.7,10.2,30.6,28.3,10.2,11.8,6.2,0.4389,69.681,4.34,53272,17.43,61.49,0.45,31.75,24.2,18.87,13.65,11.52,Republican,Democrat
Graham County,arizona,4034,10749,4.3,11.1,30.4,29.1,11.1,9.0,5.0,0.4057,74.766,3.21,38533,29.66,52.94,1.18,28.66,20.95,19.38,18.47,12.54,Republican,Democrat
Greenlee County,arizona,1182,2433,4.8,9.3,32.4,29.9,7.0,13.2,3.5,0.3756,79.905,1.99,9563,45.76,46.49,0.84,28.01,19.43,9.72,28.3,14.54,Republican,Democrat
La Paz County,arizona,2236,5129,6.0,11.4,32.8,28.5,8.9,8.4,4.0,0.4817,62.044,1.43,16557,25.35,54.73,0.62,29.78,21.0,19.61,16.43,13.19,Republican,Democrat
Maricopa County,arizona,1040774,995665,4.9,5.9,22.1,23.1,9.0,21.9,13.1,0.4555,76.763,185.91,4420568,30.57,53.33,5.55,41.18,16.17,23.45,8.31,10.89,Democrat,Democrat
Mohave County,arizona,24831,78535,3.5,8.7,34.4,29.6,9.3,8.9,5.5,0.4622,73.093,6.2,213267,16.0,75.1,0.97,29.58,23.62,23.23,9.14,14.42,Republican,Democrat
Navajo County,arizona,23383,27657,5.0,9.4,29.9,28.6,9.9,10.1,7.2,0.4536,63.992,4.16,106717,10.2,41.97,0.63,34.63,20.69,20.91,12.58,11.19,Republican,Democrat
Pima County,arizona,304981,207758,4.2,6.3,21.5,24.2,8.8,20.0,15.0,0.4679,88.437,43.8,1043433,35.73,51.45,3.47,39.9,20.01,22.29,8.54,9.26,Democrat,Democrat
Pinal County,arizona,75106,107077,4.4,7.1,30.7,26.2,10.1,14.4,7.0,0.4199,92.354,31.18,425264,28.58,56.44,4.87,33.4,19.32,22.0,11.4,13.88,Republican,Democrat
Santa Cruz County,arizona,13138,6194,10.0,12.0,25.4,20.0,9.1,14.0,9.5,0.4635,71.305,14.94,47669,83.14,14.93,0.24,26.45,19.89,27.05,9.88,16.72,Democrat,Democrat
Yavapai County,arizona,49602,91527,2.1,5.7,25.4,28.6,9.4,17.0,11.7,0.4482,83.305,11.3,236209,14.56,77.6,0.6,33.78,20.86,23.55,11.78,10.04,Republican,Democrat
Yuma County,arizona,32210,36534,12.4,11.4,26.4,24.8,8.5,10.7,5.7,0.4574,74.377,14.31,203881,63.76,29.98,1.71,27.09,21.36,20.1,15.61,15.84,Republican,Democrat
Arkansas County,arkansas,1818,4304,4.3,9.7,42.5,15.3,12.4,10.4,5.4,0.4412,70.59,6.63,17149,3.71,67.5,24.13,31.56,15.29,17.99,12.39,22.77,Republican,Republican
Ashley County,arkansas,2125,5548,5.6,8.6,48.4,19.8,6.1,8.2,3.3,0.5126,64.449,7.93,19062,5.84,66.55,24.36,26.96,19.44,17.55,12.3,23.74,Republican,Republican
Baxter County,arkansas,4635,15836,2.4,8.0,35.2,24.6,11.7,12.5,5.6,0.4592,66.193,29.14,41627,2.54,91.4,0.21,31.46,14.66,21.03,9.12,23.73,Republican,Republican
Benton County,arkansas,42249,73965,4.8,5.0,28.8,18.9,7.0,22.9,12.6,0.4565,76.763,130.5,284333,17.77,67.44,1.59,39.55,13.93,22.35,9.37,14.8,Republican,Republican
Boone County,arkansas,3064,13652,3.1,6.3,34.9,28.0,11.1,11.0,5.6,0.4477,69.322,24.66,37373,2.6,90.31,0.26,31.02,16.08,24.72,9.34,18.83,Republican,Republican
Bradley County,arkansas,1214,2335,5.1,9.1,47.1,20.0,6.2,8.7,3.8,0.4717,57.798,6.22,10545,14.94,54.13,27.7,34.98,13.38,16.34,12.04,23.26,Republican,Republican
Calhoun County,arkansas,479,1636,2.3,12.4,45.4,18.6,8.8,7.7,4.9,0.3919,65.273,2.93,4739,2.68,73.83,19.27,21.61,14.61,23.01,21.97,18.81,Republican,Republican
Carroll County,arkansas,4023,7424,8.3,5.9,35.9,20.6,7.9,14.5,6.9,0.4498,71.631,17.38,28260,15.24,74.93,0.31,29.49,14.08,18.6,18.05,19.77,Republican,Republican
Chicot County,arkansas,2260,1752,5.8,14.5,37.9,19.4,4.8,12.6,5.0,0.5559,61.443,6.2,10208,5.69,38.08,52.77,28.14,15.07,23.43,15.49,17.87,Democrat,Republican
Clark County,arkansas,3438,4616,3.3,7.0,31.2,26.3,5.8,17.4,9.1,0.4502,63.424,9.57,21446,5.09,65.71,23.63,28.92,24.91,19.86,9.15,17.16,Republican,Republican
Clay County,arkansas,962,4086,5.9,9.8,41.1,19.3,8.5,8.7,6.7,0.4523,61.486,8.78,14552,2.25,93.28,0.27,31.05,15.36,19.37,12.06,22.16,Republican,Republican
Cleburne County,arkansas,1988,10328,4.4,7.7,39.4,22.1,9.2,11.4,5.8,0.4541,71.025,17.39,24711,2.56,92.06,0.23,29.7,16.59,21.32,12.57,19.82,Republican,Republican
Cleveland County,arkansas,651,2867,0.9,7.2,43.8,27.1,5.1,10.1,5.8,0.4511,68.293,4.87,7550,2.41,85.15,8.94,35.79,10.71,18.75,14.1,20.66,Republican,Republican
Columbia County,arkansas,2814,5500,3.5,8.2,41.5,21.2,6.6,13.3,5.7,0.5224,72.061,11.44,22801,3.39,58.05,34.36,31.47,16.31,17.67,9.37,25.18,Republican,Republican
Conway County,arkansas,2615,5694,3.8,7.0,43.2,17.7,9.2,14.1,5.0,0.4697,68.736,14.54,20715,4.28,77.95,10.57,32.36,17.86,16.03,14.95,18.8,Republican,Republican
Craighead County,arkansas,11921,25558,4.4,5.4,33.1,21.1,7.8,17.3,10.9,0.4934,80.561,60.63,111231,6.05,71.15,16.48,36.3,17.73,20.95,10.12,14.9,Republican,Republican
Crawford County,arkansas,4959,18607,4.2,10.3,34.4,22.3,8.4,14.5,5.8,0.4445,74.478,39.3,60133,7.59,79.2,1.43,29.89,16.93,21.77,10.5,20.9,Republican,Republican
Crittenden County,arkansas,8514,7333,4.7,9.7,36.3,23.3,8.3,12.5,5.2,0.4769,70.749,30.21,48163,2.96,39.34,53.58,32.37,17.23,19.54,9.31,21.55,Democrat,Republican
Cross County,arkansas,1772,4946,5.9,10.7,42.7,17.4,7.3,10.7,5.4,0.4748,68.838,10.54,16833,2.09,71.69,21.69,24.19,16.57,21.97,17.43,19.84,Republican,Republican
Dallas County,arkansas,963,1573,3.8,7.7,48.4,20.7,6.3,8.7,4.3,0.4456,58.645,3.74,6482,3.1,52.84,39.83,28.89,21.13,13.4,5.06,31.52,Republican,Republican
Desha County,arkansas,2016,1921,9.7,11.3,43.7,19.7,2.5,8.3,4.8,0.4552,51.673,5.88,11395,6.78,41.53,47.26,30.42,20.06,17.57,13.73,18.22,Democrat,Republican
Drew County,arkansas,2426,4349,3.2,9.5,36.0,19.9,6.4,17.0,8.0,0.4952,66.829,8.06,17350,3.78,64.25,27.75,39.7,17.62,16.27,11.04,15.37,Republican,Republican
Faulkner County,arkansas,18347,34421,3.0,4.0,29.7,22.7,8.2,20.2,12.3,0.4638,80.941,74.33,123498,5.5,74.96,11.56,41.32,16.85,19.91,9.08,12.85,Republican,Republican
Franklin County,arkansas,1300,5677,4.6,9.2,42.6,21.8,9.6,8.7,3.6,0.452,62.043,10.88,17097,2.87,88.91,0.46,29.08,16.61,17.14,12.44,24.72,Republican,Republican
Fulton County,arkansas,1035,3961,4.9,8.3,38.2,27.2,7.2,9.5,4.9,0.4215,53.748,7.61,12075,1.28,92.76,0.22,30.52,24.31,19.77,8.12,17.27,Republican,Republican
Garland County,arkansas,14045,29069,2.5,6.9,31.2,24.4,9.8,15.8,9.4,0.4606,73.126,56.99,100180,7.03,77.1,8.02,32.67,22.74,22.8,10.54,11.25,Republican,Republican
Grant County,arkansas,1268,6794,2.2,5.1,42.6,23.5,7.7,13.7,5.1,0.4555,88.493,11.01,17958,2.45,90.02,2.49,36.1,14.89,19.33,12.27,17.41,Republican,Republican
Greene County,arkansas,3058,12670,3.5,8.6,44.4,20.3,6.6,10.6,6.0,0.4283,67.548,30.73,45736,3.49,88.57,2.02,31.94,14.16,19.06,12.44,22.4,Republican,Republican
Hempstead County,arkansas,2138,4470,7.7,8.5,39.1,21.0,8.0,9.6,6.2,0.4728,62.956,10.64,20065,14.72,52.62,28.13,26.74,14.46,16.32,15.5,26.97,Republican,Republican
Hot Spring County,arkansas,3082,9202,2.6,8.9,39.3,25.3,8.4,10.1,5.4,0.4379,65.891,20.8,33040,3.83,79.36,10.44,30.44,19.47,19.92,13.47,16.69,Republican,Republican
Howard County,arkansas,1340,3367,4.3,7.3,42.9,21.0,9.6,9.9,5.1,0.4513,61.924,8.4,12785,11.87,62.43,20.54,27.23,17.48,16.62,15.03,23.65,Republican,Republican
Independence County,arkansas,2806,11250,4.0,9.2,38.6,22.9,8.2,11.6,5.5,0.4762,71.26,19.17,37938,8.59,83.06,2.19,28.83,17.5,20.02,12.71,20.94,Republican,Republican
Izard County,arkansas,1021,4631,4.5,12.2,34.5,22.6,7.2,13.3,5.6,0.4908,64.67,9.15,13577,2.4,89.67,1.89,36.87,13.38,15.29,14.0,20.46,Republican,Republican
Jackson County,arkansas,1365,3593,4.3,9.5,44.6,22.3,7.5,7.8,4.1,0.4721,57.912,10.23,16755,2.75,76.12,16.5,23.96,20.84,19.2,12.72,23.28,Republican,Republican
Jefferson County,arkansas,14981,9521,3.3,7.6,42.3,21.3,5.3,14.0,6.2,0.4686,64.705,29.63,67260,2.21,37.51,56.07,31.16,21.46,18.09,7.61,21.68,Democrat,Republican
Johnson County,arkansas,2283,6938,8.6,10.9,41.0,19.4,5.0,10.3,4.8,0.4456,56.684,15.14,25749,13.36,75.34,1.76,27.22,14.77,16.04,10.02,31.96,Republican,Republican
Lafayette County,arkansas,839,1757,9.3,9.6,48.4,16.3,5.8,7.2,3.4,0.4502,56.291,4.58,6308,2.3,61.35,32.39,30.93,15.64,19.92,13.02,20.48,Republican,Republican
Lawrence County,arkansas,1080,4569,6.0,11.8,37.5,24.6,7.1,8.7,4.2,0.459,62.355,10.68,16216,2.2,92.04,0.85,25.39,16.08,20.27,14.79,23.48,Republican,Republican
Lee County,arkansas,1423,1286,4.4,12.1,49.3,20.7,5.8,6.4,1.3,0.5628,56.868,5.58,8600,2.51,39.81,54.15,35.27,14.45,16.03,17.54,16.71,Democrat,Republican
Lincoln County,arkansas,1032,2729,5.6,10.9,50.7,20.1,4.5,5.5,2.7,0.4713,68.575,8.98,12941,4.78,63.27,28.2,29.38,14.59,21.02,15.32,19.69,Republican,Republican
Little River County,arkansas,1226,3715,2.1,7.3,45.5,21.1,8.1,11.6,4.3,0.4101,71.108,8.74,12026,3.4,71.45,17.99,29.96,14.67,18.25,14.17,22.95,Republican,Republican
Logan County,arkansas,1544,6441,3.2,8.6,43.7,22.1,8.0,9.1,5.3,0.4486,70.242,11.57,21131,3.03,87.96,1.06,28.54,16.66,18.11,11.6,25.09,Republican,Republican
Lonoke County,arkansas,6686,22884,3.1,7.0,37.1,22.2,10.6,13.3,6.6,0.4211,85.865,37.18,74015,4.88,81.87,5.88,35.69,13.31,23.71,13.72,13.56,Republican,Republican
Madison County,arkansas,1563,5658,4.6,10.4,49.5,18.8,4.4,8.3,4.0,0.4553,70.891,7.75,16521,5.39,85.19,0.22,26.42,17.03,18.82,18.14,19.6,Republican,Republican
Marion County,arkansas,1531,5783,4.4,7.9,37.2,27.0,8.2,9.0,6.2,0.4478,57.906,10.94,16826,2.25,91.61,0.12,29.96,13.95,17.44,11.37,27.28,Republican,Republican
Miller County,arkansas,4245,11920,4.3,9.0,38.0,25.5,7.6,9.0,6.6,0.482,66.142,26.41,42600,3.72,64.77,25.64,31.01,14.99,22.05,10.13,21.82,Republican,Republican
Mississippi County,arkansas,4558,7296,6.8,10.4,39.9,20.6,7.4,9.2,5.6,0.4905,71.494,17.27,40685,4.35,56.19,35.03,29.48,15.15,17.01,11.84,26.52,Republican,Republican
Monroe County,arkansas,1147,1545,7.0,12.8,41.1,18.7,6.2,9.8,4.4,0.4721,55.658,4.31,6799,2.74,52.04,40.46,27.35,18.21,17.6,8.54,28.3,Republican,Republican
Montgomery County,arkansas,731,3046,4.8,8.4,35.0,26.9,8.4,11.8,4.6,0.4501,61.955,4.23,8484,4.89,88.39,0.15,30.69,13.63,22.62,12.1,20.96,Republican,Republican
Nevada County,arkansas,1076,2133,4.6,5.8,49.8,20.9,7.9,8.4,2.5,0.4286,51.512,5.18,8310,4.26,61.91,29.28,20.84,27.93,21.71,10.77,18.76,Republican,Republican
Newton County,arkansas,709,3192,3.8,11.3,37.1,25.2,7.9,9.4,5.3,0.4184,65.087,3.41,7225,1.13,92.15,0.08,22.98,17.39,21.67,15.11,22.84,Republican,Republican
Ouachita County,arkansas,3995,5294,2.1,9.8,39.8,25.8,7.6,10.0,5.0,0.4365,62.145,11.91,22650,2.28,53.39,39.1,30.36,17.26,15.17,10.0,27.2,Republican,Republican
Perry County,arkansas,1012,3479,3.4,5.6,44.5,25.2,6.1,10.9,4.3,0.4202,69.28,7.04,10019,2.85,90.52,1.07,29.43,12.29,18.7,20.44,19.14,Republican,Republican
Phillips County,arkansas,3623,2417,5.8,12.2,31.2,23.5,12.0,9.6,5.7,0.499,54.223,9.16,16568,1.59,33.44,62.2,30.74,14.59,23.52,8.81,22.34,Democrat,Republican
Pike County,arkansas,644,3519,6.8,4.5,39.7,23.1,7.3,12.1,6.4,0.4871,69.106,6.56,10171,8.17,83.82,2.34,31.08,15.88,17.63,12.67,22.75,Republican,Republican
Poinsett County,arkansas,1424,5918,8.2,10.0,46.9,18.8,4.5,8.3,3.2,0.4723,60.498,11.71,22965,3.61,83.44,7.72,27.03,16.59,18.79,11.03,26.55,Republican,Republican
Polk County,arkansas,1246,7035,3.3,8.7,36.1,28.3,7.4,11.2,5.1,0.4974,72.33,8.73,19221,6.65,83.72,0.2,32.55,19.44,15.58,14.68,17.75,Republican,Republican
Pope County,arkansas,5772,18081,5.5,9.2,34.0,20.4,7.1,15.7,8.2,0.47,73.118,30.22,63381,10.12,78.95,3.25,32.46,17.1,19.43,9.61,21.41,Republican,Republican
Prairie County,arkansas,654,2786,6.5,7.9,42.0,21.2,6.4,9.9,6.0,0.4447,66.616,4.9,8282,1.75,83.6,11.13,31.51,16.57,23.36,10.87,17.69,Republican,Republican
Pulaski County,arkansas,101947,63687,2.8,5.1,25.3,21.6,8.1,21.8,15.3,0.517,90.292,202.8,399125,8.31,48.6,35.61,43.67,16.07,22.15,6.43,11.68,Democrat,Republican
Randolph County,arkansas,1215,5355,5.3,7.3,40.5,21.2,10.1,9.8,5.8,0.4367,61.004,11.03,18571,2.07,89.13,0.75,29.7,17.53,15.16,14.42,23.19,Republican,Republican
Saline County,arkansas,16060,39556,2.6,5.5,31.0,23.1,9.3,19.6,8.9,0.4065,89.502,66.17,123416,6.89,78.39,8.39,39.85,13.42,24.95,9.77,12.0,Republican,Republican
Scott County,arkansas,483,2962,6.1,10.0,41.7,21.7,8.4,9.2,2.8,0.4117,56.716,4.27,9836,7.6,81.65,0.32,26.67,14.83,19.2,12.09,27.21,Republican,Republican
Searcy County,arkansas,588,3365,7.4,10.6,39.1,20.0,7.9,11.1,3.8,0.4407,55.577,4.57,7828,1.79,90.6,0.06,32.45,15.9,20.65,9.6,21.4,Republican,Republican
Sebastian County,arkansas,14487,31198,6.5,8.5,30.2,23.5,7.4,15.1,8.9,0.5036,81.552,93.17,127799,15.12,64.78,6.17,34.51,16.21,21.11,7.94,20.22,Republican,Republican
Sevier County,arkansas,1116,3884,14.3,12.2,34.7,18.6,8.6,7.8,3.9,0.4771,70.91,10.9,15839,34.77,53.03,3.47,19.99,14.14,14.76,18.62,32.5,Republican,Republican
Sharp County,arkansas,1398,5938,4.0,11.4,40.9,25.7,6.4,7.5,4.0,0.4721,61.476,11.13,17271,2.1,91.07,0.66,26.32,20.01,22.67,13.05,17.95,Republican,Republican
St. Francis County,arkansas,3604,3242,5.1,10.7,41.9,21.8,7.2,7.4,5.8,0.4989,54.833,14.07,23090,2.97,39.87,54.14,25.78,20.16,19.49,14.27,20.31,Democrat,Republican
Stone County,arkansas,1180,4616,4.0,9.9,35.5,24.4,11.9,9.3,5.1,0.4481,50.387,7.89,12359,2.19,92.14,0.17,28.23,19.09,17.46,19.5,15.72,Republican,Republican
Union County,arkansas,5584,10478,3.0,9.8,38.2,22.1,8.4,12.3,6.2,0.4882,71.752,14.42,39054,4.49,58.65,32.44,32.04,18.29,20.63,10.31,18.73,Republican,Republican
Van Buren County,arkansas,1593,6034,5.6,10.0,40.3,20.5,6.9,10.4,6.3,0.4406,59.684,8.65,15796,3.17,90.65,0.45,26.02,20.84,18.3,12.16,22.68,Republican,Republican
Washington County,arkansas,43824,47504,7.1,5.9,27.7,18.4,6.5,20.1,14.3,0.483,89.423,101.43,245871,18.2,65.3,3.39,41.37,15.83,19.24,9.15,14.42,Republican,Republican
White County,arkansas,5978,24182,4.3,9.4,40.1,17.0,8.8,12.0,8.5,0.4621,70.736,28.8,76822,4.55,83.78,4.79,33.59,17.45,18.79,11.25,18.92,Republican,Republican
Woodruff County,arkansas,856,1543,4.2,11.4,48.0,11.5,8.4,8.5,8.0,0.4832,66.258,4.12,6269,1.53,67.55,25.54,31.9,19.73,21.48,8.06,18.82,Republican,Republican
Yell County,arkansas,1284,5226,8.8,13.8,37.9,19.0,6.7,9.4,4.4,0.4043,66.319,8.44,20263,20.75,72.6,1.12,23.0,19.61,17.41,11.53,28.44,Republican,Republican
Alameda County,california,617659,136309,5.9,4.8,16.2,15.7,6.4,28.8,22.2,0.4694,76.763,871.11,1682353,23.4,28.07,9.48,54.08,13.77,16.95,5.68,9.52,Democrat,Democrat
Alpine County,california,476,244,4.1,2.6,20.1,24.1,9.5,23.2,16.4,0.5733,76.763,0.79,1204,6.98,66.53,0.83,47.68,9.91,20.28,7.28,14.86,Democrat,Democrat
Amador County,california,8153,13585,2.6,6.9,28.8,27.2,13.9,14.4,6.2,0.4569,99.147,26.35,40474,14.86,73.44,3.0,34.7,23.63,19.28,12.26,10.12,Republican,Democrat
Butte County,california,50426,48730,3.5,6.2,22.3,26.8,10.4,20.2,10.6,0.4831,92.479,50.4,211632,18.95,65.99,1.57,38.61,20.97,21.59,8.45,10.38,Democrat,Democrat
Calaveras County,california,10046,16518,1.6,5.9,31.3,29.2,10.7,14.5,6.9,0.4278,97.04,17.29,45292,12.95,76.54,0.74,31.79,26.2,21.66,11.56,8.78,Republican,Democrat
Colusa County,california,3234,4554,18.0,8.7,29.3,19.5,10.2,10.9,3.4,0.4622,91.248,7.32,21839,61.71,31.78,0.83,23.92,15.39,16.16,23.73,20.81,Republican,Democrat
Contra Costa County,california,416386,152877,5.3,5.0,17.6,19.4,8.3,27.2,17.3,0.4713,76.763,626.17,1165927,27.01,39.06,8.4,47.15,16.69,19.71,7.54,8.92,Democrat,Democrat
Del Norte County,california,4677,6461,4.8,12.0,28.0,28.0,9.5,11.1,6.6,0.4318,79.344,10.54,27743,19.18,58.62,3.03,31.67,30.47,18.31,11.18,8.37,Republican,Democrat
El Dorado County,california,51621,61838,2.1,3.2,20.6,25.2,11.0,25.2,12.7,0.4803,76.763,43.34,191185,13.84,73.3,0.75,44.29,19.09,19.98,9.07,7.57,Republican,Democrat
Fresno County,california,193025,164464,12.2,9.6,22.7,23.1,9.0,15.5,7.9,0.473,91.924,65.34,1008654,53.61,26.96,4.39,32.64,19.27,20.07,13.95,14.07,Democrat,Democrat
Glenn County,california,3995,7063,13.2,9.0,31.3,23.0,8.6,11.5,3.4,0.414,78.523,8.42,28917,43.37,48.06,0.48,24.04,16.98,20.65,19.85,18.48,Republican,Democrat
Humboldt County,california,44768,21770,2.5,6.2,23.7,26.8,9.8,20.3,10.8,0.4811,81.887,14.73,136463,13.58,68.38,1.27,36.58,21.43,20.02,10.37,11.59,Democrat,Democrat
Imperial County,california,34678,20847,14.3,14.4,25.3,22.5,7.6,11.8,4.1,0.4589,72.923,16.61,179702,85.16,9.36,2.14,25.02,27.0,19.69,15.25,13.04,Democrat,Democrat
Inyo County,california,4634,4620,2.8,4.1,28.0,27.0,9.2,17.4,11.6,0.4487,83.422,0.71,19016,23.13,58.03,0.45,36.71,21.49,25.94,9.81,6.05,Democrat,Democrat
Kern County,california,133366,164484,12.8,10.6,27.4,23.0,7.8,12.1,6.2,0.4695,87.915,43.04,909235,54.9,30.75,5.14,29.14,18.55,18.79,18.86,14.66,Republican,Democrat
Kings County,california,18699,24072,13.2,12.3,27.0,23.7,9.0,10.0,4.7,0.4126,85.04,42.33,152486,56.8,29.09,5.44,25.44,20.75,17.26,20.33,16.21,Republican,Democrat
Lake County,california,14941,13123,4.9,8.5,28.4,27.8,12.2,12.1,6.1,0.4904,83.917,20.93,68163,22.65,64.85,1.7,30.72,24.85,18.51,14.85,11.07,Democrat,Democrat
Lassen County,california,2799,8970,5.5,14.0,31.9,27.4,9.0,9.0,3.1,0.4179,76.595,2.71,32730,23.01,59.68,6.86,29.65,25.08,18.91,11.01,15.34,Republican,Democrat
Los Angeles County,california,3028885,1145530,11.7,8.0,20.4,18.2,7.0,22.3,12.3,0.4982,76.763,944.91,10014009,47.98,25.6,7.6,40.19,18.2,20.88,7.63,13.1,Democrat,Democrat
Madera County,california,23168,29378,16.5,11.4,23.1,24.2,7.6,11.6,5.5,0.4535,94.764,28.41,156255,59.63,30.97,2.64,28.15,17.93,17.66,21.73,14.52,Republican,Democrat
Marin County,california,128288,24612,4.1,2.5,10.3,15.6,6.3,34.1,27.1,0.5157,76.763,193.36,262321,18.84,66.01,2.33,56.79,13.34,19.71,5.53,4.64,Democrat,Democrat
Mariposa County,california,4088,5950,2.2,6.0,21.8,30.4,10.7,19.5,9.4,0.4371,79.433,4.56,17131,12.49,74.94,0.61,34.03,27.14,19.39,10.82,8.62,Republican,Democrat
Mendocino County,california,28782,13267,6.2,7.0,25.5,27.7,9.6,14.4,9.6,0.4805,86.87,10.04,91601,26.13,61.36,0.66,31.12,22.28,22.26,12.94,11.4,Democrat,Democrat
Merced County,california,48991,39397,16.8,11.8,27.8,21.3,7.7,10.2,4.5,0.4581,86.076,56.24,281202,61.83,24.44,2.91,25.68,17.33,17.28,19.71,20.0,Democrat,Democrat
Modoc County,california,1150,3109,5.0,6.7,29.4,26.5,8.6,16.3,7.5,0.4073,68.08,0.85,8700,14.47,74.09,0.76,42.03,22.11,17.79,12.42,5.65,Republican,Democrat
Mono County,california,4013,2513,6.5,6.4,19.9,25.1,10.4,19.7,12.0,0.4089,76.763,1.67,13195,26.58,65.77,0.52,41.23,25.35,12.96,11.87,8.6,Democrat,Democrat
Monterey County,california,113953,46299,17.2,9.4,20.4,17.6,8.3,16.3,10.8,0.4596,76.763,51.49,439035,60.43,27.35,2.06,31.81,19.4,18.4,18.62,11.78,Democrat,Democrat
Napa County,california,49817,20676,9.8,5.8,17.4,20.5,8.7,24.5,13.4,0.4757,76.763,70.54,138019,35.38,49.93,1.67,38.92,19.76,19.63,10.28,11.41,Democrat,Democrat
Nevada County,california,36359,26779,1.6,3.3,19.9,26.5,9.9,25.1,13.7,0.4727,76.763,41.25,102241,10.19,80.99,0.41,43.48,18.24,20.87,10.19,7.22,Democrat,Democrat
Orange County,california,814009,676498,7.3,5.9,17.3,19.2,7.6,26.9,15.8,0.468,76.763,1546.25,3186989,34.1,37.61,1.55,45.64,16.39,21.75,6.09,10.13,Democrat,Democrat
Placer County,california,106869,122488,2.0,3.1,17.4,23.9,11.2,27.7,14.8,0.4445,76.763,111.57,404739,14.98,67.32,1.59,49.05,15.83,21.91,6.15,7.07,Republican,Democrat
Plumas County,california,4561,6445,2.2,3.7,27.5,35.3,10.1,14.6,6.6,0.4703,95.94,2.97,19790,9.59,80.84,0.52,34.37,25.05,17.4,10.39,12.79,Republican,Democrat
Riverside County,california,527945,448702,9.0,7.9,26.8,23.7,8.6,15.4,8.7,0.4476,76.763,130.11,2418185,49.72,32.6,6.07,31.97,19.86,22.05,11.16,14.96,Democrat,Democrat
Sacramento County,california,440808,259405,6.1,5.5,21.9,24.1,9.8,21.1,11.5,0.4444,76.763,631.67,1585055,23.62,41.03,9.19,40.91,18.19,21.83,7.65,11.42,Democrat,Democrat
San Benito County,california,17628,10590,9.9,6.4,26.5,24.4,10.7,15.8,6.2,0.4065,76.763,18.0,64209,61.11,30.81,0.75,30.45,18.56,20.57,15.68,14.74,Democrat,Democrat
San Bernardino County,california,455859,366257,8.5,10.1,27.2,23.3,8.4,14.5,7.9,0.439,76.763,41.95,2181654,53.67,25.95,7.94,30.96,17.98,21.19,10.1,19.77,Democrat,Democrat
San Diego County,california,964650,600094,6.0,5.3,18.1,21.2,8.4,25.0,16.1,0.4602,76.763,301.67,3298634,33.94,43.11,4.4,45.37,17.95,19.64,7.23,9.81,Democrat,Democrat
San Francisco County,california,378156,56417,6.9,4.3,11.6,12.2,5.3,35.1,24.7,0.5172,76.763,7036.26,873965,15.65,39.05,5.16,62.05,13.45,16.16,2.78,5.56,Democrat,Democrat
San Joaquin County,california,161137,121098,11.4,8.4,28.4,22.2,9.4,13.8,6.5,0.4434,76.763,216.16,779233,41.8,27.66,7.3,30.08,17.89,19.49,13.81,18.74,Democrat,Democrat
San Luis Obispo County,california,88310,67436,3.4,4.6,18.7,25.0,10.4,23.9,14.1,0.4724,76.763,32.95,282424,24.05,64.96,1.53,40.81,19.45,20.83,9.73,9.18,Democrat,Democrat
San Mateo County,california,291410,75563,5.5,3.9,14.9,16.0,6.9,29.4,23.5,0.493,76.763,649.16,764442,25.04,36.09,1.92,53.69,15.19,17.26,5.95,7.92,Democrat,Democrat
Santa Barbara County,california,129963,65736,11.3,6.6,17.2,20.7,8.5,21.3,14.4,0.4886,76.763,62.88,448229,46.98,41.22,1.44,38.88,20.08,18.18,13.28,9.59,Democrat,Democrat
Santa Clara County,california,617967,214612,6.3,4.4,13.5,13.8,6.7,28.1,27.2,0.4741,76.763,573.23,1936259,25.17,28.7,2.18,57.78,13.6,15.31,5.57,7.73,Democrat,Democrat
Santa Cruz County,california,114246,26937,7.2,4.1,15.8,22.1,8.3,24.6,17.9,0.4818,76.763,232.97,270861,34.81,53.74,1.05,46.7,16.75,17.99,9.68,8.87,Democrat,Democrat
Shasta County,california,30000,60789,2.1,6.1,25.8,31.4,12.0,15.3,7.4,0.4601,91.289,18.6,182155,10.83,75.15,0.97,37.07,21.64,21.02,9.89,10.37,Republican,Democrat
Sierra County,california,730,1142,2.8,3.6,33.0,28.2,8.4,11.8,12.1,0.4793,89.205,1.18,3236,11.65,80.81,0.22,51.17,11.75,17.38,10.46,9.25,Republican,Democrat
Siskiyou County,california,9593,13290,3.7,5.8,27.0,28.8,12.8,14.9,7.1,0.4913,76.371,2.71,44076,12.54,72.73,1.07,33.44,24.48,17.99,12.71,11.39,Republican,Democrat
Solano County,california,131639,69306,5.5,5.6,23.8,26.4,10.5,19.3,8.9,0.4207,76.763,211.9,453491,28.26,34.21,13.24,34.48,19.37,21.96,10.5,13.69,Democrat,Democrat
Sonoma County,california,199938,61825,5.9,4.9,18.1,23.9,9.4,23.3,14.5,0.4588,76.763,119.71,488863,28.93,58.46,1.46,41.29,18.68,20.19,10.17,9.66,Democrat,Democrat
Stanislaus County,california,105841,104145,10.9,8.8,30.1,24.1,7.9,12.6,5.6,0.4418,97.409,142.47,552878,48.11,37.6,2.59,29.45,18.28,19.36,14.04,18.87,Democrat,Democrat
Sutter County,california,17367,24375,10.4,10.0,24.1,24.8,10.0,14.0,6.7,0.4606,76.763,63.49,99633,31.68,41.52,1.78,29.44,19.82,20.03,15.9,14.81,Republican,Democrat
Tehama County,california,8911,19141,5.4,7.5,30.1,28.5,10.4,13.2,4.9,0.5057,87.477,8.57,65829,27.25,62.8,0.59,26.09,19.35,22.61,15.36,16.59,Republican,Democrat
Trinity County,california,2851,3188,1.4,3.3,44.6,25.5,6.0,11.7,7.5,0.511,73.3,1.93,16112,5.82,70.59,0.41,35.98,25.83,11.88,17.33,8.98,Republican,Democrat
Tulare County,california,66105,77579,16.7,9.9,26.4,22.4,9.2,10.1,5.5,0.4524,85.832,37.89,473117,65.5,26.43,1.13,26.61,18.77,18.82,20.28,15.52,Republican,Democrat
Tuolumne County,california,11978,17689,1.6,5.9,24.7,32.3,11.0,16.5,7.9,0.4533,94.641,9.56,55620,12.81,75.97,1.78,37.15,25.43,17.61,9.64,10.17,Republican,Democrat
Ventura County,california,251388,162207,8.7,5.9,19.7,20.9,10.1,21.8,12.9,0.4497,76.763,176.61,843843,43.29,42.76,1.62,39.49,17.45,20.51,11.77,10.79,Democrat,Democrat
Yolo County,california,67598,27292,7.0,5.1,18.0,19.1,7.5,22.4,20.9,0.4885,76.763,82.76,216403,33.13,43.4,2.64,46.29,17.16,16.47,9.01,11.08,Democrat,Democrat
Yuba County,california,11230,17676,8.0,9.3,25.4,29.3,10.6,11.5,5.9,0.4377,85.286,49.91,81575,28.83,51.18,3.47,31.09,19.85,19.11,15.17,14.77,Republican,Democrat
Adams County,colorado,134202,95657,6.9,8.3,28.7,20.4,8.5,18.5,8.7,0.4068,76.763,172.13,519572,41.7,46.06,3.09,33.54,16.59,21.32,13.3,15.26,Democrat,Democrat
Alamosa County,colorado,3759,3813,5.6,4.6,27.7,25.2,8.7,15.8,12.4,0.474,74.983,8.79,16376,47.03,45.74,1.29,34.09,17.31,23.95,15.31,9.35,Republican,Democrat
Arapahoe County,colorado,213607,127323,3.6,4.2,19.4,19.5,8.4,27.8,17.1,0.4571,76.763,316.69,655070,20.72,56.18,10.4,44.95,15.27,21.06,7.87,10.85,Democrat,Democrat
Archuleta County,colorado,3738,5189,1.5,4.0,24.0,25.5,5.6,24.4,15.1,0.4427,90.766,3.86,13359,16.16,76.17,0.31,35.86,23.42,16.29,15.94,8.5,Republican,Democrat
Baca County,colorado,317,1867,4.4,9.8,30.8,20.2,10.4,17.7,6.6,0.4898,63.674,0.53,3506,9.87,83.17,0.54,45.92,14.93,11.65,17.07,10.44,Republican,Democrat
Bent County,colorado,732,1503,4.6,12.0,43.1,16.6,8.3,9.6,5.9,0.4315,56.392,1.42,5650,31.15,58.67,4.51,31.51,21.76,16.65,14.98,15.1,Republican,Democrat
Boulder County,colorado,159089,42501,1.9,2.3,11.2,14.9,6.3,34.6,28.6,0.4881,76.763,174.69,330758,14.56,74.13,0.95,56.01,13.73,17.72,4.99,7.54,Democrat,Democrat
Broomfield County,colorado,29077,16295,1.0,2.7,12.5,16.1,9.3,35.4,23.0,0.404,76.763,865.98,74112,13.38,72.73,1.25,59.29,11.73,18.22,4.2,6.58,Democrat,Democrat
Chaffee County,colorado,7160,6222,2.4,4.5,24.7,18.9,8.0,24.1,17.3,0.4385,87.722,7.45,19476,9.45,83.15,1.51,43.59,19.63,21.57,9.86,5.35,Democrat,Democrat
Cheyenne County,colorado,131,993,2.2,4.8,31.3,27.9,10.3,16.0,7.4,0.4273,84.245,0.37,1748,11.78,84.1,0.06,46.61,11.29,11.74,20.99,9.37,Republican,Democrat
Clear Creek County,colorado,3604,2754,1.1,2.3,18.7,16.6,6.3,28.8,26.2,0.4376,76.763,9.19,9397,6.9,86.72,0.52,47.07,19.27,18.41,8.64,6.62,Democrat,Democrat
Conejos County,colorado,1959,2286,4.8,5.5,33.0,23.6,8.5,16.4,8.2,0.4386,60.46,2.27,7461,50.65,46.44,0.19,30.95,16.01,22.57,16.11,14.35,Republican,Democrat
Costilla County,colorado,1311,741,5.8,5.8,30.4,27.3,7.0,16.9,6.8,0.5034,51.216,1.11,3499,56.82,35.27,0.94,31.81,10.41,24.17,19.04,14.56,Democrat,Democrat
Crowley County,colorado,437,1271,6.8,12.2,43.8,16.6,7.9,9.2,3.5,0.4834,54.258,2.84,5922,27.15,58.05,8.61,30.59,23.29,15.61,10.01,20.52,Republican,Democrat
Custer County,colorado,1112,2474,0.6,2.5,21.0,30.2,9.2,22.5,13.9,0.421,83.884,2.55,4704,3.78,89.54,0.21,38.22,11.39,18.04,21.99,10.36,Republican,Democrat
Delta County,colorado,5887,13081,3.0,7.0,36.6,22.2,6.7,16.2,8.3,0.4666,77.809,10.54,31196,13.88,79.84,0.39,31.88,18.19,20.31,15.7,13.93,Republican,Democrat
Denver County,colorado,313293,71618,4.6,4.9,15.4,15.6,5.4,33.2,21.1,0.4871,76.763,1792.87,715522,27.88,54.33,8.54,53.42,13.92,18.21,6.64,7.82,Democrat,Democrat
Dolores County,colorado,341,1089,1.9,2.8,39.6,22.2,7.1,15.7,10.6,0.4362,81.392,0.84,2326,7.57,83.83,0.77,52.1,14.26,10.53,15.66,7.46,Republican,Democrat
Douglas County,colorado,104653,121270,0.9,1.2,12.0,18.1,7.8,38.7,21.3,0.3976,76.763,165.39,357978,9.53,77.87,1.34,57.22,11.56,21.39,4.16,5.67,Republican,Democrat
Eagle County,colorado,18588,9892,4.1,3.5,16.8,14.4,9.3,35.1,16.7,0.4881,76.763,12.76,55731,30.25,64.96,0.53,41.99,20.9,19.32,11.15,6.64,Democrat,Democrat
El Paso County,colorado,161941,202828,1.9,3.3,19.8,23.8,11.1,24.5,15.7,0.4301,76.763,132.61,730395,17.8,65.78,5.58,44.9,16.51,20.6,8.38,9.62,Republican,Democrat
Elbert County,colorado,4490,14027,1.4,1.9,24.8,24.9,11.5,25.5,10.1,0.4063,76.763,5.52,26062,7.93,85.12,0.47,45.71,16.15,17.3,12.68,8.17,Republican,Democrat
Fremont County,colorado,7369,17517,2.7,7.5,38.4,22.8,8.4,14.0,6.2,0.4666,75.869,12.36,48939,12.36,77.06,3.7,33.01,24.03,19.67,11.47,11.82,Republican,Democrat
Garfield County,colorado,15427,14717,5.3,5.4,24.2,22.3,9.1,21.7,12.0,0.4178,76.763,8.08,61685,31.72,62.63,0.45,34.16,20.17,22.04,13.32,10.31,Democrat,Democrat
Gilpin County,colorado,2223,1833,0.3,5.2,16.7,20.7,13.2,20.9,23.0,0.4626,76.763,15.07,5808,6.54,85.26,0.55,49.47,17.8,20.06,6.49,6.18,Democrat,Democrat
Grand County,colorado,4710,4883,1.7,3.6,28.2,22.0,6.6,22.0,15.8,0.4225,97.139,3.29,15717,9.75,85.48,0.38,34.78,18.02,23.42,15.51,8.26,Republican,Democrat
Gunnison County,colorado,7132,3735,0.8,0.9,17.0,16.2,5.8,41.3,18.0,0.421,97.237,2.03,16918,9.48,84.25,0.46,42.51,20.42,19.15,12.32,5.6,Democrat,Democrat
Hinsdale County,colorado,255,353,0.0,1.5,14.4,34.1,5.5,25.0,19.6,0.4505,86.692,0.31,788,3.81,87.94,1.02,42.89,28.43,16.39,7.71,4.58,Republican,Democrat
Huerfano County,colorado,2076,2203,4.2,2.9,26.0,29.0,11.9,16.4,9.7,0.4454,64.924,1.67,6820,31.23,62.04,0.78,37.16,21.57,21.13,10.83,9.31,Republican,Democrat
Jackson County,colorado,175,681,3.7,10.6,25.4,23.5,9.3,16.2,11.3,0.4902,63.9,0.34,1379,10.01,84.19,0.0,32.88,31.67,18.03,14.24,3.18,Republican,Democrat
Jefferson County,colorado,218396,148417,1.5,3.3,19.2,19.2,7.7,31.2,18.0,0.4272,76.763,293.23,582910,15.7,74.67,1.14,50.95,13.7,20.3,7.05,7.99,Democrat,Democrat
Kiowa County,colorado,98,795,1.2,7.6,28.4,31.4,13.4,12.6,5.4,0.4504,66.747,0.29,1446,7.19,86.24,0.21,40.37,19.41,17.26,18.95,4.01,Republican,Democrat
Kit Carson County,colorado,662,3144,4.9,7.3,29.8,29.3,10.6,12.0,6.0,0.4624,84.54,1.26,7087,19.88,74.87,0.3,33.67,17.2,20.82,19.44,8.87,Republican,Democrat
La Plata County,colorado,20548,14233,1.1,3.0,21.3,19.4,8.1,30.5,16.4,0.4442,76.763,12.79,55638,12.6,76.19,0.33,43.11,16.62,22.73,9.0,8.54,Democrat,Democrat
Lake County,colorado,2303,1497,4.2,1.6,26.4,17.3,11.4,23.6,15.6,0.3971,95.574,7.58,7436,35.8,57.73,0.42,43.31,10.29,18.0,17.39,11.01,Democrat,Democrat
Larimer County,colorado,126120,91489,1.2,2.5,16.7,19.9,8.9,30.6,20.3,0.4502,76.763,53.45,359066,12.44,78.7,0.96,47.67,15.47,19.97,7.9,8.99,Democrat,Democrat
Las Animas County,colorado,3497,4284,5.0,6.5,27.1,29.7,15.2,10.1,6.5,0.4686,64.64,1.17,14555,38.69,54.72,1.26,28.18,25.83,20.41,13.22,12.36,Republican,Democrat
Lincoln County,colorado,470,2135,1.6,9.6,41.3,16.5,8.2,18.2,4.5,0.491,83.441,0.84,5675,14.26,74.93,4.85,38.31,19.23,23.61,11.39,7.47,Republican,Democrat
Logan County,colorado,2218,8087,2.2,6.7,37.5,21.5,12.3,11.9,7.8,0.4181,71.494,4.47,21528,16.31,75.89,3.5,34.28,22.24,14.92,10.93,17.63,Republican,Democrat
Mesa County,colorado,31536,56894,1.9,5.8,28.8,25.1,8.3,20.2,9.9,0.4395,87.457,18.11,155703,14.95,77.55,0.66,37.67,17.52,20.24,12.01,12.57,Republican,Democrat
Mineral County,colorado,317,427,0.0,2.2,15.8,19.1,5.3,40.6,17.1,0.3938,72.35,0.35,865,5.43,89.6,0.0,48.79,14.32,22.33,13.11,1.46,Republican,Democrat
Moffat County,colorado,1203,5670,1.1,7.6,41.4,19.1,10.3,14.8,5.7,0.4444,79.512,1.08,13292,15.98,77.59,0.58,32.83,18.38,15.45,19.51,13.83,Republican,Democrat
Montezuma County,colorado,5836,9306,2.1,6.6,31.0,21.3,8.9,17.8,12.3,0.4163,76.273,4.96,25849,12.03,69.77,0.28,35.71,19.45,21.21,14.64,8.99,Republican,Democrat
Montrose County,colorado,7687,16770,5.2,5.5,33.2,22.1,6.3,18.6,9.1,0.4678,84.981,7.38,42679,21.15,72.93,0.37,32.33,16.99,21.99,15.1,13.59,Republican,Democrat
Morgan County,colorado,3876,9593,9.7,7.6,31.7,23.8,9.4,11.6,6.1,0.4105,80.351,8.76,29111,36.3,56.84,3.21,31.89,12.69,16.65,16.3,22.47,Republican,Democrat
Otero County,colorado,3605,5756,3.8,8.2,32.6,23.5,13.6,11.1,7.3,0.4268,61.974,5.68,18690,41.21,53.57,0.72,33.28,15.48,18.22,14.8,18.22,Republican,Democrat
Ouray County,colorado,2365,1577,0.7,1.9,13.7,25.1,9.1,30.5,19.0,0.4365,97.473,3.52,4874,5.99,88.39,0.33,48.56,10.26,21.02,14.41,5.75,Democrat,Democrat
Park County,colorado,4903,6991,0.9,1.6,23.1,28.1,10.8,23.3,12.2,0.4074,76.763,3.1,17390,7.1,85.69,0.51,43.9,15.54,17.89,13.34,9.33,Republican,Democrat
Phillips County,colorado,486,1958,4.4,6.5,29.4,22.7,10.7,19.3,7.0,0.5123,93.678,2.52,4530,25.5,71.66,0.22,44.22,13.49,11.27,21.1,9.92,Republican,Democrat
Pitkin County,colorado,8989,2780,0.3,1.5,14.0,13.3,7.8,37.4,25.7,0.5878,76.763,6.89,17358,10.9,83.15,0.54,44.98,19.86,20.49,8.12,6.55,Democrat,Democrat
Prowers County,colorado,1458,4008,8.2,6.3,31.2,24.5,11.6,10.3,7.9,0.4973,76.069,2.82,11999,39.0,55.72,0.69,32.12,17.88,18.33,15.34,16.32,Republican,Democrat
Pueblo County,colorado,43772,42252,3.4,6.5,29.5,24.1,12.3,15.6,8.5,0.4534,76.972,27.2,168162,41.58,50.86,1.78,33.47,21.89,20.77,9.67,14.2,Democrat,Democrat
Rio Blanco County,colorado,561,3061,2.0,5.8,34.8,24.3,9.3,16.4,7.4,0.3594,76.757,0.78,6529,9.53,84.38,0.44,29.14,21.69,20.62,16.52,12.03,Republican,Democrat
Rio Grande County,colorado,2495,3660,5.1,4.9,28.5,22.9,7.4,20.9,10.4,0.4301,78.305,4.84,11539,39.94,54.26,0.44,37.07,17.64,18.43,16.15,10.71,Republican,Democrat
Routt County,colorado,10582,5925,1.0,2.1,18.2,19.3,9.4,31.6,18.4,0.4685,76.763,4.08,24829,8.86,85.55,0.62,46.84,14.28,19.49,12.52,6.87,Democrat,Democrat
Saguache County,colorado,1884,1413,5.5,6.0,31.6,23.6,8.9,12.8,11.6,0.5212,75.124,0.79,6368,37.59,56.19,0.3,43.92,6.99,19.96,19.88,9.25,Democrat,Democrat
San Juan County,colorado,342,202,4.3,0.0,30.6,19.6,3.8,24.3,17.4,0.4714,84.592,0.69,705,12.77,81.56,0.14,38.06,24.15,25.2,9.97,2.62,Democrat,Democrat
San Miguel County,colorado,3924,1136,0.3,1.5,17.8,13.6,4.7,45.7,16.4,0.5167,76.763,2.43,8072,10.93,83.71,0.25,46.18,17.21,20.23,9.6,6.78,Democrat,Democrat
Sedgwick County,colorado,301,1121,2.0,6.7,25.8,22.6,16.5,18.0,8.5,0.5021,70.61,1.68,2404,15.1,80.45,0.12,34.7,18.14,21.21,15.91,10.05,Republican,Democrat
Summit County,colorado,12631,5322,2.3,3.5,16.8,20.2,4.9,32.7,19.5,0.4305,76.763,19.65,31055,17.18,76.58,0.75,39.98,22.83,16.89,11.81,8.48,Democrat,Democrat
Teller County,colorado,5278,11241,0.4,2.6,21.9,26.2,10.9,23.0,14.9,0.4279,94.263,17.16,24710,6.94,85.05,0.53,48.63,13.75,17.96,8.89,10.76,Republican,Democrat
Washington County,colorado,369,2595,3.0,6.5,28.4,25.3,12.4,16.6,7.8,0.4289,76.776,0.74,4817,10.71,84.22,0.5,42.47,16.51,13.97,16.37,10.68,Republican,Democrat
Weld County,colorado,66060,96145,5.8,5.8,24.9,23.1,9.7,19.8,10.8,0.4201,76.763,32.12,328981,29.93,62.58,1.26,37.46,15.26,20.07,12.38,14.84,Republican,Democrat
Yuma County,colorado,785,4107,8.8,6.4,27.1,23.6,9.7,15.3,9.1,0.421,81.329,1.62,9988,27.74,69.56,0.21,36.9,14.41,17.87,16.99,13.84,Republican,Democrat
Western Connecticut Planning Region,connecticut,297505,168445,4.6,3.7,18.5,13.1,5.8,29.6,24.7,0.546,76.763,450.35,957419,21.45,57.67,10.44,50.47,15.21,20.55,7.06,6.71,Democrat,Democrat
Northwest Hills Planning Region,connecticut,50164,55601,3.0,3.8,28.6,17.9,8.7,21.9,16.0,0.4803,76.763,55.31,185186,7.87,84.02,1.6,43.71,17.22,18.67,9.37,11.03,Republican,Democrat
Lower Connecticut River Valley Planning Region,connecticut,56848,40665,1.8,2.9,23.8,17.3,9.0,24.9,20.3,0.4514,76.763,159.54,164245,7.26,80.34,4.87,49.16,14.9,19.86,7.15,8.93,Democrat,Democrat
South Central Connecticut Planning Region,connecticut,242630,169893,3.9,4.7,28.4,15.8,6.9,20.6,19.8,0.4821,76.763,600.76,864835,19.67,58.93,12.75,46.0,17.14,19.1,7.1,10.66,Democrat,Democrat
Southeastern Connecticut Planning Region,connecticut,79459,57110,2.8,4.8,29.6,20.4,8.5,19.2,14.6,0.4363,76.763,180.93,268555,11.51,72.57,5.37,41.94,21.38,18.68,7.47,10.53,Democrat,Democrat
Capitol Planning Region,connecticut,44151,34838,4.4,5.2,30.1,18.5,8.5,18.8,14.4,0.4633,76.763,422.68,149788,6.48,80.13,3.39,41.53,16.97,20.23,8.06,13.21,Democrat,Democrat
Northeastern Connecticut Planning Region,connecticut,26706,29141,2.8,5.9,34.8,21.0,10.4,14.3,10.7,0.4064,76.763,66.7,116418,12.42,78.89,1.77,35.94,16.09,20.72,10.3,16.95,Republican,Democrat
Kent County,delaware,44552,41009,3.8,7.3,33.1,21.0,8.5,15.9,10.4,0.4068,85.275,120.17,181851,7.69,57.65,25.15,35.33,18.06,21.95,9.49,15.17,Democrat,Democrat
New Castle County,delaware,195034,88364,2.9,4.6,28.3,18.0,7.8,21.9,16.4,0.4542,76.763,516.72,570719,11.13,53.14,24.95,45.6,16.32,19.55,7.66,10.87,Democrat,Democrat
Sussex County,delaware,56682,71230,3.3,6.6,30.4,18.6,9.4,18.2,13.5,0.4572,76.763,99.26,237378,11.29,72.35,10.46,34.87,20.27,21.77,11.34,11.76,Republican,Democrat
District of Columbia,districtofcolumbia,39041,1725,3.0,4.3,15.0,12.0,3.1,25.8,36.9,0.5171,76.763,4235.64,689545,11.26,37.96,40.91,69.47,11.93,12.96,2.3,3.34,Democrat,Democrat
Alachua County,florida,89704,50972,2.0,4.4,20.0,15.7,11.2,23.7,23.0,0.5195,87.691,123.34,278468,12.07,57.62,18.38,47.99,18.42,21.15,5.25,7.18,Democrat,Republican
Baker County,florida,2037,11911,3.6,11.4,42.4,20.4,8.2,8.5,5.6,0.4076,86.352,18.45,28259,3.44,78.51,13.54,34.07,20.11,18.04,9.38,18.4,Republican,Republican
Bay County,florida,25614,66097,3.2,6.4,28.1,23.9,11.7,17.2,9.5,0.4413,88.375,92.15,175216,7.9,73.25,10.02,36.64,18.21,23.78,10.79,10.58,Republican,Republican
Bradford County,florida,3160,10334,5.7,12.1,39.0,22.4,7.6,8.0,5.2,0.4469,70.626,36.53,28303,4.77,71.79,19.17,28.72,20.49,24.99,10.37,15.43,Republican,Republican
Brevard County,florida,148549,207883,2.3,5.1,26.1,21.6,12.1,20.1,12.8,0.4517,95.587,232.32,606612,11.19,71.04,9.31,42.91,17.12,21.07,8.48,10.42,Republican,Republican
Broward County,florida,618752,333409,4.3,5.7,26.8,18.4,9.9,21.6,13.3,0.4887,76.763,622.98,1944375,31.31,33.13,26.62,38.51,18.88,24.13,8.41,10.07,Democrat,Republican
Calhoun County,florida,1209,5274,6.9,13.8,42.0,20.8,5.5,7.7,3.4,0.4614,60.413,9.36,13648,4.56,76.86,12.22,26.36,31.41,16.49,13.32,12.42,Republican,Republican
Charlotte County,florida,42273,73243,2.3,5.7,33.7,23.6,9.6,15.7,9.4,0.4506,83.154,107.65,186847,7.54,82.26,4.75,32.24,20.2,26.57,9.77,11.23,Republican,Republican
Citrus County,florida,27092,65352,2.7,6.8,37.7,23.2,9.9,12.2,7.5,0.4782,74.579,102.96,153843,6.01,85.46,2.53,34.45,18.52,23.56,11.6,11.87,Republican,Republican
Clay County,florida,38317,84480,2.4,5.0,27.9,25.1,12.0,18.5,9.1,0.4074,76.763,140.27,218245,10.6,68.27,11.74,38.24,15.66,25.09,8.92,12.1,Republican,Republican
Collier County,florida,77621,128950,5.8,4.6,25.9,16.5,8.4,22.8,15.9,0.5313,76.763,73.52,375752,27.21,62.66,6.0,35.89,22.58,21.15,12.12,8.26,Republican,Republican
Columbia County,florida,8914,23836,3.6,10.6,36.1,24.1,9.6,10.9,5.1,0.4664,74.233,33.81,69698,7.26,70.44,16.42,33.86,19.4,21.99,11.43,13.32,Republican,Republican
DeSoto County,florida,4259,8313,12.7,14.2,39.8,15.1,6.6,7.8,3.8,0.4271,56.356,20.77,33976,29.46,54.82,12.37,22.48,22.06,18.92,25.21,11.33,Republican,Republican
Dixie County,florida,1365,6759,5.0,14.3,48.3,17.4,7.1,5.3,2.7,0.4271,57.286,9.17,16759,4.11,82.05,9.25,15.44,21.96,30.9,12.92,18.78,Republican,Republican
Duval County,florida,252556,233762,3.1,6.1,27.9,20.9,9.7,21.4,10.8,0.4722,90.666,504.11,995567,11.32,49.42,28.76,39.08,17.07,23.49,7.92,12.44,Democrat,Republican
Escambia County,florida,70929,96674,2.5,6.8,27.5,23.7,11.5,17.6,10.4,0.453,82.923,188.82,321905,6.46,62.43,21.17,36.22,19.56,23.8,8.84,11.58,Republican,Republican
Flagler County,florida,28161,43043,2.9,4.8,31.0,22.7,10.2,18.5,9.9,0.4624,97.079,93.32,115378,10.66,73.06,9.13,35.38,17.52,25.12,10.17,11.81,Republican,Republican
Franklin County,florida,2120,4675,6.1,13.6,32.2,19.6,7.6,11.5,9.4,0.4814,77.08,8.7,12451,5.42,78.69,11.27,29.02,20.33,24.32,17.77,8.55,Republican,Republican
Gadsden County,florida,16153,7465,6.5,13.2,35.2,18.7,6.8,12.6,7.1,0.4579,62.158,32.71,43826,11.62,32.16,53.22,29.0,24.69,20.08,13.12,13.12,Democrat,Republican
Gilchrist County,florida,1700,7895,4.4,9.6,39.1,21.8,10.5,10.0,4.7,0.4885,80.346,19.95,17864,7.55,83.0,4.41,30.8,18.76,20.56,20.31,9.56,Republican,Republican
Glades County,florida,1385,3782,11.6,15.3,34.5,20.7,4.9,9.5,3.4,0.4541,57.786,5.83,12126,25.15,58.82,11.83,26.66,15.41,18.9,27.99,11.03,Republican,Republican
Gulf County,florida,1985,6113,4.0,10.3,34.1,21.0,9.2,12.8,8.6,0.4524,79.013,10.47,14192,3.91,79.07,11.92,34.1,17.77,22.85,17.13,8.15,Republican,Republican
Hamilton County,florida,1963,3815,6.6,16.3,44.1,16.6,7.1,6.7,2.5,0.4326,56.95,10.13,14004,10.39,54.51,31.58,23.15,24.26,28.39,9.37,14.83,Republican,Republican
Hardee County,florida,2298,6122,12.2,9.8,47.0,14.1,6.4,7.1,3.3,0.516,67.611,15.46,25327,41.87,46.88,8.33,24.66,17.63,20.95,19.74,17.03,Republican,Republican
Hendry County,florida,4929,7906,16.7,13.8,36.4,14.0,8.6,7.6,2.9,0.4724,71.309,13.33,39619,55.81,30.51,10.59,21.73,16.47,21.63,23.47,16.71,Republican,Republican
Hernando County,florida,37519,70412,3.0,7.6,32.6,25.5,11.3,13.5,6.5,0.4268,76.007,160.51,194515,14.93,74.06,4.89,33.21,18.79,24.72,10.76,12.53,Republican,Republican
Highlands County,florida,16938,34873,5.3,8.4,35.5,23.3,9.2,11.9,6.4,0.4603,70.66,38.83,101235,20.69,64.71,9.37,30.77,21.91,21.52,14.7,11.09,Republican,Republican
Hillsborough County,florida,376367,327398,4.6,6.1,26.0,17.5,9.6,22.9,13.4,0.4811,76.763,554.54,1459762,29.28,45.75,15.38,41.43,16.17,23.2,8.78,10.42,Democrat,Republican
Holmes County,florida,924,8080,4.5,12.8,45.7,20.8,5.2,7.7,3.3,0.4317,58.649,15.75,19653,3.5,85.31,6.16,29.0,26.42,18.96,15.34,10.28,Republican,Republican
Indian River County,florida,37844,58872,3.0,5.6,26.7,21.2,10.8,19.9,12.8,0.5066,76.763,123.69,159788,13.04,73.49,8.19,36.95,19.45,24.79,9.13,9.69,Republican,Republican
Jackson County,florida,6766,15488,4.7,11.1,39.7,21.8,8.9,8.3,5.5,0.4593,62.374,20.06,47319,4.68,64.73,25.45,34.19,22.42,19.43,13.17,10.79,Republican,Republican
Jefferson County,florida,3897,4479,4.9,10.0,37.2,20.7,7.6,13.2,6.3,0.4668,73.704,9.33,14510,4.53,60.1,31.7,32.38,17.17,28.57,12.0,9.88,Republican,Republican
Lafayette County,florida,510,3128,9.0,12.5,50.5,14.4,5.6,5.7,2.4,0.4077,59.789,5.76,8226,11.4,73.84,12.45,24.2,31.94,13.94,19.17,10.74,Republican,Republican
Lake County,florida,83505,125859,2.8,6.8,30.6,22.5,11.7,16.3,9.4,0.4296,86.578,156.86,383956,17.03,65.95,9.87,35.94,20.04,24.41,10.09,9.51,Republican,Republican
Lee County,florida,157695,233247,4.1,5.8,30.2,20.3,9.5,18.5,11.6,0.4799,97.521,382.09,760822,22.76,64.47,7.35,34.08,19.68,24.4,11.8,10.04,Republican,Republican
Leon County,florida,103517,57453,2.0,4.7,19.2,17.4,9.2,26.6,20.9,0.5062,89.489,169.9,292198,7.84,53.89,29.95,47.61,16.84,23.08,5.22,7.24,Democrat,Republican
Levy County,florida,6205,16749,4.5,7.8,41.8,17.9,11.9,11.2,4.9,0.462,67.318,14.94,42915,9.51,76.6,8.38,25.36,22.05,21.06,17.52,14.01,Republican,Republican
Liberty County,florida,694,2846,4.8,14.1,41.6,17.2,5.3,9.4,7.5,0.4229,61.612,3.56,7974,7.05,71.85,16.97,28.92,23.97,20.63,13.91,12.57,Republican,Republican
Madison County,florida,3747,5576,5.7,14.2,35.7,21.4,10.1,8.8,4.2,0.474,60.056,9.97,17968,4.9,56.39,34.96,24.13,20.11,22.27,11.81,21.69,Republican,Republican
Manatee County,florida,90166,124987,3.5,5.8,29.3,19.4,9.2,20.0,12.9,0.4709,76.763,210.56,399710,17.76,68.32,7.79,38.03,18.99,23.11,9.3,10.57,Republican,Republican
Marion County,florida,74858,127826,3.5,7.3,35.1,21.7,10.4,13.9,8.1,0.4495,73.931,91.94,375908,14.87,67.53,11.38,31.18,21.04,24.55,10.51,12.72,Republican,Republican
Martin County,florida,36893,61168,3.0,4.6,24.8,23.2,9.3,22.4,12.7,0.5128,76.763,113.17,158431,15.27,75.25,4.59,38.67,19.64,23.64,10.59,7.47,Republican,Republican
Miami-Dade County,florida,617864,532833,8.4,8.9,26.5,14.1,9.6,20.2,12.3,0.516,96.595,546.3,2701767,68.73,13.38,14.02,35.93,19.18,23.16,10.01,11.71,Democrat,Republican
Monroe County,florida,21881,25693,3.5,4.2,28.3,19.2,8.4,22.0,14.4,0.5169,76.763,32.22,82874,23.45,66.04,5.45,32.78,23.61,21.13,14.08,8.4,Republican,Republican
Nassau County,florida,15564,42566,2.1,6.0,29.3,20.9,9.7,20.4,11.6,0.4439,76.763,54.48,90352,4.92,83.91,5.47,36.65,16.03,23.32,11.97,12.03,Republican,Republican
Okaloosa County,florida,34248,79798,2.7,4.2,24.6,23.3,11.8,20.6,12.7,0.4388,99.249,88.04,211668,10.67,69.1,8.93,41.12,20.03,19.98,9.14,9.73,Republican,Republican
Okeechobee County,florida,4390,11470,7.3,12.8,35.6,20.5,7.0,11.3,5.6,0.452,69.244,20.01,39644,24.86,62.23,8.37,28.05,24.18,19.85,17.04,10.89,Republican,Republican
Orange County,florida,395014,245398,4.4,6.2,24.0,17.1,11.0,24.0,13.4,0.482,76.763,610.33,1429908,33.08,37.16,18.44,39.61,18.82,23.33,7.51,10.72,Democrat,Republican
Osceola County,florida,97297,73480,5.5,6.8,29.6,20.6,11.0,18.0,8.6,0.4389,83.692,114.52,388656,54.31,29.17,9.04,30.41,20.15,25.13,10.15,14.17,Democrat,Republican
Palm Beach County,florida,433572,334711,5.6,5.4,23.1,17.9,9.2,23.5,15.2,0.5206,76.763,293.82,1492191,23.45,52.26,17.14,39.59,20.78,22.0,8.96,8.67,Democrat,Republican
Pasco County,florida,119073,179621,2.9,6.4,33.1,20.5,10.0,17.6,9.5,0.456,86.348,294.37,561891,16.58,69.83,5.62,40.05,16.96,24.59,9.54,8.87,Republican,Republican
Pinellas County,florida,277450,276209,2.6,4.9,26.6,20.9,10.0,22.5,12.6,0.4901,96.725,1353.73,959107,10.68,71.36,9.53,43.42,16.86,24.17,6.49,9.07,Democrat,Republican
Polk County,florida,145049,194586,5.4,7.7,33.9,21.7,9.9,14.4,7.0,0.4465,80.027,158.09,725046,25.89,54.15,13.92,30.27,19.65,24.49,10.76,14.83,Republican,Republican
Putnam County,florida,10527,25514,4.9,12.7,41.7,19.6,7.8,9.3,4.0,0.4799,62.872,39.02,73321,10.66,68.93,15.38,25.31,19.8,20.67,17.65,16.58,Republican,Republican
Santa Rosa County,florida,27612,77385,1.8,5.6,27.3,22.8,12.6,19.4,10.5,0.4185,76.763,72.08,188000,6.32,78.47,5.69,39.59,17.88,21.58,11.09,9.86,Republican,Republican
Sarasota County,florida,120110,148370,1.9,4.0,26.4,20.0,9.5,21.9,16.4,0.5014,76.763,305.12,434006,9.96,80.57,3.72,38.4,19.82,24.23,8.65,8.89,Republican,Republican
Seminole County,florida,132528,125241,2.2,4.0,21.3,19.1,11.7,27.2,14.6,0.4487,76.763,588.2,470856,22.63,56.08,10.68,44.94,15.12,24.79,6.99,8.16,Democrat,Republican
St. Johns County,florida,63850,110946,1.8,3.2,20.9,17.7,9.1,29.3,18.1,0.4577,76.763,179.17,273425,8.27,78.42,4.73,49.11,13.96,23.23,6.55,7.15,Republican,Republican
St. Lucie County,florida,84137,86831,4.3,7.1,30.8,21.8,10.9,16.4,8.7,0.4398,85.019,225.96,329226,20.14,53.62,19.62,32.42,20.29,24.36,10.67,12.26,Republican,Republican
Sumter County,florida,29341,62761,1.6,5.9,29.2,20.0,9.7,20.2,13.5,0.4227,88.921,91.36,129752,5.84,84.17,6.41,33.36,17.79,26.27,11.4,11.18,Republican,Republican
Suwannee County,florida,4485,16410,6.5,9.1,40.5,21.2,6.7,9.1,6.8,0.4391,64.635,24.6,43474,11.01,72.83,11.32,28.64,21.39,20.72,12.89,16.36,Republican,Republican
Taylor County,florida,2299,7751,3.5,13.3,44.1,18.6,6.7,9.7,4.2,0.5297,77.277,7.93,21796,3.97,71.71,19.25,34.49,22.05,18.56,11.84,13.06,Republican,Republican
Union County,florida,1053,5133,4.4,17.7,39.2,19.2,9.5,6.1,3.9,0.5104,94.886,24.61,16147,4.73,71.75,19.8,29.42,24.78,21.85,8.28,15.68,Republican,Republican
Volusia County,florida,130575,173821,2.8,5.6,30.9,22.2,12.4,17.2,9.0,0.4488,82.859,195.84,553543,14.93,68.56,10.0,35.55,19.6,24.62,9.86,10.37,Republican,Republican
Wakulla County,florida,5351,12874,3.2,8.4,36.7,24.5,7.5,12.0,7.7,0.4057,87.288,21.48,33764,4.67,76.97,12.45,38.4,18.68,22.89,13.0,7.03,Republican,Republican
Walton County,florida,10338,32947,2.5,5.6,28.1,20.9,9.8,22.6,10.5,0.4937,76.763,28.49,75305,8.22,80.53,4.37,35.87,18.77,25.18,11.76,8.42,Republican,Republican
Washington County,florida,2347,9876,4.8,12.1,42.6,21.9,6.1,7.1,5.3,0.4378,63.246,16.52,25318,3.65,76.96,12.78,26.13,19.96,20.39,16.15,17.37,Republican,Republican
Appling County,georgia,1784,6570,8.1,13.5,38.1,21.4,8.9,5.5,4.5,0.4729,59.805,14.01,18444,9.89,68.72,18.1,27.93,15.89,17.76,16.24,22.18,Republican,Democrat
Atkinson County,georgia,825,2300,17.0,12.5,34.7,17.3,7.0,5.6,5.8,0.4409,59.101,9.31,8286,24.72,57.94,14.58,27.07,14.26,14.67,17.42,26.57,Republican,Democrat
Bacon County,georgia,625,4017,6.0,9.4,38.2,26.6,8.9,5.1,5.8,0.49,64.535,15.14,11140,7.85,72.74,15.68,25.21,15.59,17.73,20.95,20.53,Republican,Democrat
Baker County,georgia,652,897,4.2,10.1,35.9,16.8,14.1,11.0,7.9,0.4642,59.56,3.25,2876,4.97,52.64,39.22,35.22,14.0,25.89,11.89,13.0,Republican,Democrat
Baldwin County,georgia,9140,8903,3.9,10.6,31.9,21.6,8.6,13.5,9.9,0.5459,83.4,65.34,43799,2.6,51.22,41.82,33.79,20.54,20.75,10.0,14.92,Democrat,Democrat
Banks County,georgia,932,7795,6.4,14.2,34.3,19.3,8.7,10.6,6.5,0.4117,78.399,30.51,18035,6.45,86.38,2.18,33.74,15.26,17.95,12.52,20.53,Republican,Democrat
Barrow County,georgia,10453,26804,5.0,7.4,33.6,23.9,8.9,13.9,7.3,0.3906,88.455,202.36,83505,12.65,66.56,12.14,32.92,15.45,22.01,12.3,17.33,Republican,Democrat
Bartow County,georgia,12091,37672,4.1,8.0,37.2,21.8,7.8,14.4,6.7,0.4124,89.775,92.05,108901,9.87,73.61,10.38,31.32,14.01,25.46,10.98,18.23,Republican,Democrat
Ben Hill County,georgia,2393,4111,5.2,11.1,51.3,12.9,7.3,8.7,3.5,0.4989,54.433,26.5,17194,6.13,53.62,36.19,24.5,16.73,23.44,10.92,24.4,Republican,Democrat
Berrien County,georgia,1269,6419,6.3,12.4,38.4,17.8,10.3,9.7,5.1,0.4604,63.731,15.49,18160,5.75,79.27,10.65,30.65,14.48,17.75,15.58,21.54,Republican,Democrat
Bibb County,georgia,43408,26559,3.7,9.8,30.7,22.1,7.8,13.3,12.5,0.5196,74.427,242.38,157346,4.28,36.09,54.17,36.21,18.64,22.94,6.98,15.23,Democrat,Democrat
Bleckley County,georgia,1312,4329,4.7,7.4,31.9,27.0,10.4,11.0,7.6,0.4733,72.658,22.2,12583,3.73,70.47,22.16,34.93,25.25,15.08,10.63,14.11,Republican,Democrat
Brantley County,georgia,700,6993,5.7,14.8,43.3,17.4,8.5,4.7,5.6,0.4538,55.077,15.77,18021,1.81,90.54,3.12,25.39,16.75,18.38,15.4,24.08,Republican,Democrat
Brooks County,georgia,2791,4261,6.5,11.0,37.2,22.4,8.3,9.7,4.9,0.5437,66.023,12.74,16301,5.86,55.62,34.87,24.46,22.94,19.35,14.26,19.0,Republican,Democrat
Bryan County,georgia,6738,14240,2.3,5.4,25.0,23.3,10.1,21.2,12.7,0.4273,76.763,39.7,44738,7.31,70.01,14.15,42.57,14.02,21.58,10.02,11.81,Republican,Democrat
Bulloch County,georgia,11248,18387,2.3,8.9,28.7,21.6,8.8,17.9,11.7,0.4823,74.4,45.6,81099,5.15,61.3,28.08,32.31,17.69,20.95,12.43,16.61,Republican,Democrat
Burke County,georgia,5208,5400,6.0,9.4,37.8,21.2,11.0,10.7,4.0,0.5189,77.372,11.36,24596,3.16,48.55,44.55,21.79,21.58,18.16,15.73,22.74,Republican,Democrat
Butts County,georgia,3274,8406,3.8,12.5,42.7,22.1,5.8,8.4,4.7,0.4057,77.618,53.65,25434,3.16,65.38,26.77,30.13,14.6,22.68,12.0,20.58,Republican,Democrat
Calhoun County,georgia,1263,923,7.6,16.2,39.6,21.5,3.7,7.0,4.4,0.4874,63.633,7.7,5573,2.67,31.69,64.04,32.75,20.65,20.09,7.8,18.71,Democrat,Democrat
Camden County,georgia,7967,15249,1.5,6.0,32.4,28.5,9.9,13.7,7.9,0.4167,81.749,33.76,54768,6.68,67.93,17.34,32.55,19.24,22.18,11.23,14.8,Republican,Democrat
Candler County,georgia,1269,3133,10.7,11.8,35.5,23.7,6.0,8.1,4.2,0.4613,62.538,17.39,10981,12.55,59.8,24.41,32.17,18.41,16.44,12.68,20.3,Republican,Democrat
Carroll County,georgia,16236,37476,5.0,10.5,34.3,21.4,7.6,13.4,7.8,0.4449,84.126,92.87,119148,8.05,67.75,18.28,32.72,15.91,22.16,10.47,18.73,Republican,Democrat
Catoosa County,georgia,6932,25167,3.2,7.4,32.3,24.5,9.4,14.6,8.6,0.4205,86.08,162.03,67872,3.45,87.34,2.66,34.08,14.47,24.91,10.18,16.36,Republican,Democrat
Charlton County,georgia,1105,3419,7.2,8.8,45.2,20.4,6.4,9.7,2.5,0.4489,60.178,6.21,12518,16.26,60.17,19.06,20.27,19.99,15.12,14.92,29.7,Republican,Democrat
Chatham County,georgia,78247,53232,2.6,6.0,24.9,23.0,7.4,21.3,14.8,0.476,92.238,264.35,295291,8.06,47.22,36.58,38.26,19.45,20.92,6.49,14.87,Democrat,Democrat
Chattahoochee County,georgia,667,880,0.6,3.5,23.4,33.7,8.9,19.5,10.5,0.4034,62.041,14.59,9565,16.83,56.49,15.3,28.11,30.32,19.34,9.44,12.78,Republican,Democrat
Chattooga County,georgia,1854,8064,9.9,17.0,38.4,18.4,7.0,5.5,4.0,0.425,54.605,30.69,24965,5.2,80.43,9.58,21.96,13.79,18.56,14.08,31.61,Republican,Democrat
Cherokee County,georgia,42779,99585,3.4,4.4,22.6,22.1,8.0,27.8,11.7,0.4077,76.763,246.29,266620,12.04,74.21,6.5,44.14,14.51,23.23,8.7,9.43,Republican,Democrat
Clarke County,georgia,36055,14450,3.6,6.5,18.6,16.8,6.5,24.4,23.6,0.5067,72.456,417.05,128671,11.14,56.11,24.38,45.39,19.41,17.21,5.2,12.8,Democrat,Democrat
Clay County,georgia,791,637,3.6,13.2,34.4,19.3,13.0,9.8,6.7,0.3999,48.429,5.64,2848,1.44,40.13,55.93,16.78,16.08,18.46,19.52,29.15,Democrat,Democrat
Clayton County,georgia,95466,15811,6.1,8.5,33.2,22.3,9.4,13.8,6.8,0.4196,70.517,807.06,297595,14.3,8.7,68.99,26.02,20.56,22.32,8.38,22.72,Democrat,Democrat
Clinch County,georgia,744,2105,10.2,15.9,36.8,18.0,6.4,9.1,3.7,0.4605,57.046,3.18,6749,3.75,63.06,28.89,28.15,8.83,21.95,19.2,21.87,Republican,Democrat
Cobb County,georgia,221847,165436,3.7,3.2,17.8,18.2,7.4,31.5,18.2,0.4449,76.763,870.4,766149,14.52,48.19,26.11,48.61,13.46,20.77,7.25,9.91,Democrat,Democrat
Coffee County,georgia,4511,10578,8.0,13.7,39.4,18.0,8.0,7.9,5.0,0.4655,62.361,28.07,43092,12.6,56.06,27.55,27.75,14.83,20.19,14.73,22.5,Republican,Democrat
Colquitt County,georgia,4190,11777,8.3,14.0,37.0,17.7,8.3,7.7,7.0,0.4848,68.065,32.34,45898,18.97,55.75,21.78,28.23,14.25,20.25,16.59,20.69,Republican,Democrat
Columbia County,georgia,29232,50013,1.8,5.0,23.0,20.4,12.3,21.6,15.9,0.4106,76.763,208.78,156010,7.6,63.53,17.7,44.33,16.26,20.64,8.71,10.06,Republican,Democrat
Cook County,georgia,2059,4900,6.0,12.0,34.4,21.2,10.3,9.7,6.3,0.4878,65.744,29.14,17229,6.58,61.86,27.59,28.01,14.99,21.69,14.34,20.96,Republican,Democrat
Coweta County,georgia,24210,51501,2.5,6.8,26.0,21.3,9.3,21.9,12.3,0.417,76.763,129.07,146158,7.56,68.02,17.48,40.03,15.08,21.58,8.46,14.86,Republican,Democrat
Crawford County,georgia,1615,4428,5.2,13.8,41.4,19.4,8.9,5.9,5.4,0.4869,82.87,14.45,12130,3.42,73.09,18.69,29.15,12.34,23.58,17.95,16.97,Republican,Democrat
Crisp County,georgia,2982,4985,4.6,13.2,39.0,20.8,8.2,8.5,5.6,0.4835,67.397,28.68,20128,3.15,49.15,43.82,26.25,17.86,20.73,12.54,22.63,Republican,Democrat
Dade County,georgia,1261,6066,4.0,9.5,36.7,20.8,10.6,13.1,5.3,0.4279,79.211,36.02,16251,2.24,90.99,0.87,29.56,17.01,22.82,14.69,15.92,Republican,Democrat
Dawson County,georgia,2486,13398,3.4,8.6,21.9,23.2,7.5,24.5,11.0,0.4122,76.763,50.1,26798,5.99,87.86,0.75,44.13,12.95,23.08,8.06,11.78,Republican,Democrat
DeKalb County,georgia,308162,58377,4.1,4.8,20.3,16.5,7.7,26.2,20.4,0.4914,76.763,1097.95,764382,10.66,28.24,50.29,48.1,14.45,19.65,5.23,12.56,Democrat,Democrat
Decatur County,georgia,4782,6755,7.2,10.5,34.6,21.4,11.3,9.8,5.2,0.4718,63.648,18.79,29367,6.51,48.63,41.54,27.23,22.38,19.34,10.11,20.95,Republican,Democrat
Dodge County,georgia,2172,5843,3.5,9.9,41.7,23.6,6.5,9.7,5.0,0.4684,63.137,15.55,19925,3.11,64.57,29.35,28.43,14.65,15.44,18.0,23.49,Republican,Democrat
Dooly County,georgia,1911,2159,5.0,12.2,42.6,17.6,9.6,8.9,4.1,0.4941,78.644,11.05,11208,7.11,41.14,49.43,30.04,21.37,12.08,10.49,26.02,Republican,Democrat
Dougherty County,georgia,24568,10441,4.4,11.7,29.6,21.7,9.4,12.9,10.4,0.4937,62.407,99.91,85790,2.81,24.05,69.61,32.67,21.57,21.86,7.03,16.88,Democrat,Democrat
Douglas County,georgia,42814,25454,3.2,6.5,30.1,21.7,8.6,18.5,11.4,0.4255,95.06,279.13,144237,11.12,34.58,47.67,36.39,13.51,24.37,8.42,17.31,Democrat,Democrat
Early County,georgia,2450,2710,5.6,14.6,40.8,16.7,8.3,9.1,4.9,0.4788,67.361,8.1,10854,1.71,44.34,50.99,26.63,18.25,21.35,11.25,22.52,Republican,Democrat
Echols County,georgia,167,1256,4.3,13.3,46.4,16.9,5.2,8.6,5.4,0.4324,70.181,3.4,3697,29.51,62.97,3.98,15.04,13.41,22.25,28.83,20.46,Republican,Democrat
Effingham County,georgia,7718,23361,2.2,7.7,33.6,21.9,9.5,17.9,7.2,0.4127,98.83,52.67,64769,5.39,74.42,13.5,36.34,13.88,20.93,12.2,16.65,Republican,Democrat
Elbert County,georgia,2879,6226,4.9,13.3,40.5,21.6,5.5,8.5,5.6,0.4385,65.608,21.52,19637,5.07,64.22,26.75,24.75,14.61,19.81,13.31,27.52,Republican,Democrat
Emanuel County,georgia,2886,6553,6.8,14.1,40.9,17.6,9.0,7.7,3.9,0.4549,62.82,13.0,22768,4.36,60.68,31.83,25.88,17.2,17.4,16.54,22.98,Republican,Democrat
Evans County,georgia,1324,2888,6.9,14.1,38.2,19.6,4.8,10.5,5.9,0.445,66.877,22.71,10774,11.48,56.04,28.62,27.58,16.09,15.91,19.34,21.08,Republican,Democrat
Fannin County,georgia,2570,12169,4.5,7.7,34.4,20.8,9.5,13.1,10.1,0.4905,80.336,25.37,25319,2.97,92.23,0.34,32.39,21.2,21.54,10.68,14.19,Republican,Democrat
Fayette County,georgia,33062,37956,1.8,2.9,20.7,18.5,8.9,29.3,18.0,0.4286,76.763,236.66,119194,7.95,57.17,24.47,49.5,12.88,18.93,6.43,12.26,Republican,Democrat
Floyd County,georgia,11917,28906,6.2,9.7,32.6,21.4,7.8,13.0,9.3,0.4678,80.139,74.63,98584,11.63,68.72,14.14,30.77,18.43,19.55,9.67,21.58,Republican,Democrat
Forsyth County,georgia,42208,85123,2.8,3.3,14.6,16.3,6.8,35.0,21.2,0.3942,76.763,435.25,251283,10.04,63.44,4.16,55.57,10.84,21.5,5.15,6.94,Republican,Democrat
Franklin County,georgia,1593,9069,5.6,13.5,33.3,20.1,10.6,9.9,6.9,0.4845,71.474,34.69,23424,4.79,82.23,8.06,29.56,16.32,18.82,11.37,23.92,Republican,Democrat
Fulton County,georgia,380212,137247,2.3,4.1,16.1,14.3,6.1,33.2,23.9,0.5294,76.763,778.41,1066710,8.09,37.95,42.07,55.59,11.76,20.47,3.17,9.02,Democrat,Democrat
Gilmer County,georgia,2932,13429,6.6,7.4,34.9,18.3,9.4,14.1,9.3,0.4391,83.115,28.55,31353,11.48,84.09,0.41,31.87,15.89,23.0,14.32,14.92,Republican,Democrat
Glascock County,georgia,155,1402,7.9,10.0,39.4,19.6,10.3,11.7,1.3,0.444,74.995,7.8,2884,1.8,89.22,6.8,21.8,18.47,25.51,13.63,20.59,Republican,Democrat
Glynn County,georgia,15882,25617,3.8,8.1,26.8,21.4,9.4,18.2,12.4,0.4954,95.279,77.81,84499,7.5,62.71,24.22,36.39,20.14,22.28,8.05,13.14,Republican,Democrat
Gordon County,georgia,4384,19405,8.7,13.5,35.0,19.8,6.4,9.4,7.3,0.4504,79.038,62.59,57544,15.57,75.28,3.61,28.64,15.43,21.57,11.36,23.01,Republican,Democrat
Grady County,georgia,3619,7034,7.3,11.7,36.2,21.2,7.7,9.4,6.4,0.4646,69.859,22.15,26236,12.48,56.09,27.77,33.6,15.51,18.05,15.59,17.25,Republican,Democrat
Greene County,georgia,4087,7066,3.7,8.3,30.4,17.4,6.8,21.4,12.0,0.5561,76.763,18.95,18915,6.81,58.82,30.57,33.37,15.67,22.47,10.56,17.92,Republican,Democrat
Gwinnett County,georgia,241994,166400,6.2,5.6,22.5,17.3,9.4,25.2,13.7,0.4352,76.763,857.93,957062,23.04,32.45,26.87,40.8,15.34,21.46,9.63,12.77,Democrat,Democrat
Habersham County,georgia,3562,16637,9.2,10.1,33.7,18.0,6.1,12.9,10.1,0.4582,81.009,64.6,46031,14.95,75.37,3.74,31.4,17.18,19.83,12.41,19.18,Republican,Democrat
Hall County,georgia,25033,64183,10.9,8.1,28.4,20.0,7.2,15.9,9.6,0.4529,76.763,201.55,203136,28.06,59.28,7.02,32.62,13.87,21.01,12.21,20.28,Republican,Democrat
Hancock County,georgia,2976,1154,12.4,12.5,35.9,19.5,10.1,8.2,1.5,0.5013,53.841,7.04,8735,0.72,27.62,68.98,20.87,24.55,20.2,8.22,26.17,Democrat,Democrat
Haralson County,georgia,1791,12330,4.6,11.3,39.0,21.2,6.0,11.0,6.9,0.4302,82.33,41.29,29919,1.66,89.66,4.19,32.13,13.19,19.54,12.82,22.32,Republican,Democrat
Harris County,georgia,5457,14319,1.9,4.7,26.6,24.6,9.9,17.9,14.6,0.4142,76.763,29.06,34668,4.09,74.78,14.91,43.86,11.8,21.15,9.56,13.64,Republican,Democrat
Hart County,georgia,3157,9465,5.3,11.9,34.5,20.3,9.8,13.0,5.2,0.4443,77.141,43.37,25828,3.6,74.53,16.74,30.29,17.06,21.85,12.0,18.81,Republican,Democrat
Heard County,georgia,824,4519,4.5,11.4,42.4,24.6,5.4,7.7,3.9,0.4779,80.834,14.99,11412,2.22,84.03,8.15,26.31,13.84,16.49,22.13,21.23,Republican,Democrat
Henry County,georgia,73443,48259,2.5,5.0,31.9,22.2,10.9,17.9,9.6,0.3821,98.501,291.79,240712,7.66,35.85,48.37,35.43,15.45,23.5,8.46,17.17,Democrat,Democrat
Houston County,georgia,32239,41540,2.4,4.6,27.2,22.0,11.8,18.3,13.7,0.415,92.873,168.5,163633,7.22,52.69,31.77,38.21,15.29,22.89,8.88,14.73,Republican,Democrat
Irwin County,georgia,1008,3134,4.8,13.4,36.3,21.7,6.9,8.4,8.4,0.4335,59.585,10.34,9666,6.86,66.23,23.01,29.51,16.08,14.83,13.58,25.99,Republican,Democrat
Jackson County,georgia,7642,29502,4.5,7.7,32.3,20.0,9.0,18.3,8.2,0.4099,76.763,87.59,75907,8.84,77.81,6.77,39.16,14.92,22.13,9.32,14.47,Republican,Democrat
Jasper County,georgia,1761,5822,2.8,7.6,44.1,21.5,5.7,10.1,8.2,0.4608,83.435,15.6,14588,4.69,73.83,16.74,28.9,15.36,21.71,15.16,18.87,Republican,Democrat
Jeff Davis County,georgia,1028,4695,4.8,14.7,38.2,22.8,8.1,8.4,3.1,0.4567,56.898,17.26,14779,13.85,67.33,15.52,28.03,15.27,21.44,12.54,22.72,Republican,Democrat
Jefferson County,georgia,4058,3537,8.3,11.3,41.5,22.2,6.0,7.5,3.3,0.4615,64.495,11.43,15709,2.94,43.5,50.74,28.5,12.14,16.07,14.83,28.46,Democrat,Democrat
Jenkins County,georgia,1266,2161,5.6,12.8,44.4,22.9,5.2,4.9,4.1,0.4805,48.434,9.67,8674,3.49,53.16,40.77,27.96,8.1,31.26,8.5,24.18,Republican,Democrat
Johnson County,georgia,1222,2850,5.1,18.7,43.8,14.8,8.2,4.2,5.3,0.4413,59.256,11.75,9189,1.27,63.12,32.83,23.08,13.63,16.36,22.89,24.04,Republican,Democrat
Jones County,georgia,4882,9940,2.5,5.9,41.4,20.8,11.5,11.6,6.3,0.4469,83.629,27.82,28347,1.68,70.82,23.77,35.17,12.04,28.4,11.67,12.72,Republican,Democrat
Lamar County,georgia,2620,6331,2.9,7.6,35.9,27.3,8.8,9.1,8.3,0.4236,82.098,39.3,18500,2.57,66.72,26.42,30.06,18.76,26.61,11.36,13.21,Republican,Democrat
Lanier County,georgia,1019,2509,5.1,8.0,41.0,18.8,8.6,11.3,7.1,0.4951,60.229,19.57,9877,5.79,66.77,21.65,28.83,24.77,19.11,11.73,15.56,Republican,Democrat
Laurens County,georgia,8074,14493,3.2,10.3,41.7,19.6,8.1,8.8,8.3,0.5225,71.471,23.63,49570,2.87,56.25,36.75,32.34,18.29,20.18,11.24,17.95,Republican,Democrat
Lee County,georgia,4558,12007,2.4,5.6,27.2,19.6,12.5,19.8,12.8,0.3661,95.557,35.77,33163,2.87,68.62,22.11,47.9,13.78,20.06,9.77,8.49,Republican,Democrat
Liberty County,georgia,13104,7959,2.2,5.6,32.0,28.1,11.9,13.9,6.3,0.4084,68.445,49.0,65256,11.93,36.78,41.85,32.54,20.04,20.37,9.4,17.64,Democrat,Democrat
Lincoln County,georgia,1432,3173,2.8,10.0,41.7,20.0,9.3,10.3,6.0,0.4436,71.037,14.18,7690,1.2,67.57,27.52,32.84,19.92,17.76,12.64,16.83,Republican,Democrat
Long County,georgia,2035,3527,2.5,13.6,41.5,20.6,8.7,7.9,5.1,0.4113,69.881,16.2,16168,12.24,54.27,24.91,24.79,22.44,15.44,13.65,23.69,Republican,Democrat
Lowndes County,georgia,20116,25692,3.2,7.1,31.9,21.7,9.9,15.7,10.3,0.4862,70.84,91.83,118251,6.66,50.15,37.16,31.91,17.64,25.69,8.71,16.06,Republican,Democrat
Lumpkin County,georgia,3126,12163,2.3,10.1,29.3,19.9,6.3,19.0,13.0,0.5022,92.797,45.58,33488,5.35,87.32,1.23,31.84,18.71,24.32,9.19,15.95,Republican,Democrat
Macon County,georgia,2858,1783,9.1,18.3,39.1,18.8,4.6,6.0,4.1,0.6041,63.512,11.66,12082,3.91,33.75,59.18,23.79,23.54,18.05,11.25,23.37,Democrat,Democrat
Madison County,georgia,3411,11326,7.0,9.9,34.2,20.6,8.8,9.6,10.0,0.4429,73.468,41.54,30120,6.49,78.18,9.14,31.29,17.38,19.94,14.15,17.23,Republican,Democrat
Marion County,georgia,1312,2275,7.4,16.7,36.7,20.1,7.0,9.4,2.7,0.4224,61.169,7.93,7498,7.47,59.83,28.3,26.47,13.62,21.2,16.07,22.65,Republican,Democrat
McDuffie County,georgia,4168,6169,3.1,11.4,40.1,19.3,7.8,10.1,8.3,0.453,72.508,32.58,21632,3.65,52.78,39.96,30.97,15.7,24.69,11.63,17.01,Republican,Democrat
McIntosh County,georgia,2612,4016,3.0,14.4,36.6,21.6,6.5,11.8,6.0,0.4468,65.348,10.01,10975,2.1,64.33,28.94,24.86,22.49,26.7,11.77,14.18,Republican,Democrat
Meriwether County,georgia,4287,6524,4.2,12.8,42.5,21.9,5.4,8.0,5.1,0.4411,62.898,15.94,20613,2.3,58.62,35.28,26.16,18.29,15.46,14.03,26.06,Republican,Democrat
Miller County,georgia,748,2066,6.1,11.2,29.9,19.2,13.9,11.3,8.3,0.4949,67.507,8.1,6000,2.27,65.82,29.13,36.67,15.23,19.88,11.98,16.26,Republican,Democrat
Mitchell County,georgia,3993,4935,5.3,11.3,36.2,25.4,9.5,6.4,5.9,0.4896,62.136,16.31,21755,4.43,46.45,46.21,28.13,20.98,20.91,14.2,15.79,Republican,Democrat
Monroe County,georgia,4385,11057,3.4,8.2,34.9,17.1,7.9,15.8,12.8,0.4763,76.763,27.57,27957,2.55,71.37,21.76,37.06,19.42,20.0,7.43,16.1,Republican,Democrat
Montgomery County,georgia,980,2960,5.1,11.0,38.5,16.4,9.4,10.6,9.0,0.5085,79.916,13.91,8610,6.63,65.8,24.62,31.76,16.46,17.04,15.59,19.14,Republican,Democrat
Morgan County,georgia,3353,8231,4.0,6.6,35.5,17.2,6.8,17.5,12.3,0.4195,76.763,22.42,20097,3.54,72.09,20.43,39.33,13.24,16.41,10.83,20.19,Republican,Democrat
Murray County,georgia,2301,12944,10.3,13.5,35.4,21.8,7.5,7.5,3.8,0.4313,74.925,44.9,39973,14.79,80.46,0.66,22.37,14.08,20.98,9.52,33.06,Republican,Democrat
Muscogee County,georgia,49446,30107,3.7,7.8,27.1,23.4,9.6,16.5,12.0,0.4843,75.62,364.83,206922,7.98,38.22,45.77,35.6,18.73,23.87,7.19,14.61,Democrat,Democrat
Newton County,georgia,29789,23869,3.4,7.0,33.1,24.8,9.2,13.5,9.0,0.4096,84.253,159.76,112483,6.37,41.56,46.45,34.18,15.5,21.49,10.64,18.18,Democrat,Democrat
Oconee County,georgia,8162,16595,1.4,3.1,16.1,19.5,6.4,26.3,27.1,0.4582,76.763,87.92,41799,5.61,81.07,4.54,53.31,11.52,19.42,6.48,9.27,Republican,Democrat
Oglethorpe County,georgia,2439,5592,4.2,8.3,38.9,17.4,8.5,13.4,9.3,0.4253,79.153,13.17,14825,5.86,73.54,15.16,34.72,16.6,21.68,10.41,16.6,Republican,Democrat
Paulding County,georgia,29695,54517,2.2,6.8,30.1,25.6,8.8,17.6,9.0,0.3545,76.763,209.99,168661,7.45,64.3,21.71,37.76,14.7,23.43,11.5,12.61,Republican,Democrat
Peach County,georgia,5922,6506,5.6,8.4,32.2,19.2,11.7,11.4,11.5,0.4724,79.612,72.08,27981,9.1,43.31,43.38,30.25,15.47,23.56,11.03,19.7,Republican,Democrat
Pickens County,georgia,2824,14110,2.5,7.4,35.6,21.8,8.4,16.0,8.3,0.4409,91.717,55.64,33216,3.61,90.69,0.86,31.99,15.69,22.88,11.28,18.15,Republican,Democrat
Pierce County,georgia,1100,7898,5.9,7.4,41.9,17.6,10.1,9.4,7.6,0.4369,71.39,22.48,19716,5.06,83.2,8.1,27.81,13.94,24.64,13.81,19.8,Republican,Democrat
Pike County,georgia,1505,9127,2.4,9.5,37.3,21.0,9.6,11.4,8.7,0.4169,76.763,34.21,18889,1.84,86.36,7.65,37.04,13.51,22.59,14.08,12.78,Republican,Democrat
Polk County,georgia,3657,13587,6.5,10.6,42.6,18.7,7.2,9.0,5.4,0.4478,70.683,53.52,42853,13.03,70.38,11.95,22.86,17.24,21.69,12.77,25.44,Republican,Democrat
Pulaski County,georgia,1230,2815,13.1,6.2,36.0,24.6,7.3,8.2,4.7,0.4511,62.414,15.31,9855,3.32,61.11,32.08,33.93,17.61,17.69,11.2,19.57,Republican,Democrat
Putnam County,georgia,3448,8291,4.9,7.5,34.1,19.4,8.6,16.3,9.3,0.5092,96.829,24.87,22047,7.06,64.93,24.43,33.97,11.9,21.48,10.99,21.65,Republican,Democrat
Quitman County,georgia,497,604,6.3,14.6,37.2,24.1,6.9,7.0,4.0,0.4749,51.307,5.57,2235,1.39,53.24,41.03,18.86,39.43,11.81,6.67,23.24,Republican,Democrat
Rabun County,georgia,1984,7474,3.7,7.1,29.9,24.6,6.7,15.6,12.4,0.4946,83.513,17.64,16883,8.6,86.63,0.63,33.65,21.05,20.25,13.42,11.62,Republican,Democrat
Randolph County,georgia,1671,1390,7.2,11.7,34.8,21.2,12.7,9.5,2.9,0.4586,39.003,5.74,6425,2.23,35.02,60.11,23.0,27.77,18.76,10.24,20.23,Democrat,Democrat
Richmond County,georgia,59119,26780,3.2,9.2,32.2,22.3,9.6,14.2,9.3,0.4853,70.31,245.41,206607,5.54,33.1,54.67,31.69,21.03,22.15,7.43,17.71,Democrat,Democrat
Rockdale County,georgia,31237,13014,3.8,6.7,28.4,24.2,8.9,17.0,11.1,0.4222,90.49,278.5,93570,10.2,26.18,57.48,34.31,14.47,23.3,8.42,19.51,Democrat,Democrat
Schley County,georgia,462,1800,3.5,11.4,34.6,23.0,9.5,10.0,7.9,0.4632,64.565,10.56,4547,3.85,73.83,18.98,31.54,17.29,22.93,13.78,14.47,Republican,Democrat
Screven County,georgia,2661,3915,2.4,12.6,37.9,21.4,9.9,8.2,7.5,0.4836,73.243,8.39,14067,2.04,57.0,37.57,27.1,17.14,23.62,13.66,18.49,Republican,Democrat
Seminole County,georgia,1256,2613,2.9,9.1,40.3,20.3,10.3,11.1,5.9,0.5508,76.257,14.82,9147,2.49,61.41,32.37,35.47,17.4,14.26,14.95,17.92,Republican,Democrat
Spalding County,georgia,11828,18104,3.6,12.8,39.2,17.2,8.9,11.4,6.9,0.5539,89.899,132.82,67306,5.45,55.13,34.39,27.94,14.95,19.57,12.59,24.95,Republican,Democrat
Stephens County,georgia,2386,9367,5.5,10.9,40.8,21.4,5.5,9.7,6.3,0.4297,66.178,57.71,26784,3.2,79.61,10.96,25.73,18.44,20.88,7.93,27.03,Republican,Democrat
Stewart County,georgia,1182,801,8.7,18.7,36.0,16.8,3.9,11.2,4.6,0.4323,53.207,4.31,5314,22.9,25.18,46.31,21.35,15.0,23.45,9.53,30.68,Democrat,Democrat
Sumter County,georgia,6314,5733,6.7,9.5,35.9,19.2,6.5,14.1,8.0,0.4922,60.049,23.49,29616,5.98,38.92,50.82,35.07,17.1,19.51,8.2,20.13,Democrat,Democrat
Talbot County,georgia,2114,1392,4.2,12.3,41.5,17.6,9.0,9.9,5.5,0.4832,65.761,5.71,5733,1.95,42.33,53.31,33.28,19.27,14.34,9.53,23.58,Democrat,Democrat
Taliaferro County,georgia,561,360,8.5,7.2,42.1,26.2,4.6,6.6,4.8,0.3812,54.144,3.24,1559,4.43,37.91,53.43,19.91,27.69,17.07,6.89,28.44,Democrat,Democrat
Tattnall County,georgia,2062,6054,8.8,12.9,39.7,17.6,7.1,7.6,6.4,0.4537,67.531,19.52,22842,10.08,60.52,26.1,31.88,17.65,17.72,15.16,17.58,Republican,Democrat
Taylor County,georgia,1388,2420,7.9,18.1,38.8,12.9,5.9,10.3,6.1,0.5204,60.232,7.99,7816,2.15,58.65,35.91,27.86,14.55,18.4,16.24,22.95,Republican,Democrat
Telfair County,georgia,1488,2825,10.7,13.8,47.6,12.9,6.9,3.7,4.4,0.5026,59.442,11.14,12477,15.45,47.85,34.67,25.45,17.17,16.28,15.82,25.28,Republican,Democrat
Terrell County,georgia,2376,2004,6.7,11.4,37.5,25.6,5.8,6.5,6.5,0.4612,60.803,10.35,9185,1.93,34.72,60.32,22.03,19.88,23.15,11.95,23.0,Democrat,Democrat
Thomas County,georgia,8708,12969,3.8,9.8,31.4,19.4,11.7,15.7,8.1,0.4713,78.699,32.37,45798,3.44,56.76,35.5,34.73,16.78,21.38,12.11,15.01,Republican,Democrat
Tift County,georgia,5318,10784,5.4,10.7,33.3,18.3,13.6,9.6,9.1,0.4646,71.609,61.04,41344,12.62,53.67,29.14,33.51,16.31,20.96,11.8,17.41,Republican,Democrat
Toombs County,georgia,2938,7873,7.3,9.8,36.5,22.2,7.8,8.7,7.6,0.5054,70.812,28.58,27030,11.26,59.22,25.82,32.67,15.22,17.9,17.27,16.94,Republican,Democrat
Towns County,georgia,1550,6384,1.9,5.9,27.8,22.6,9.9,18.4,13.6,0.4784,75.397,29.1,12493,3.32,91.8,0.99,32.41,22.95,20.9,10.8,12.93,Republican,Democrat
Treutlen County,georgia,952,2101,6.2,20.2,44.1,9.5,6.2,11.1,2.6,0.5132,64.959,12.41,6406,2.65,63.46,31.21,35.36,19.21,14.17,11.43,19.84,Republican,Democrat
Troup County,georgia,11577,18142,3.5,8.3,36.7,21.6,9.6,11.9,8.5,0.4904,76.163,64.84,69426,4.26,54.88,34.8,29.06,16.43,20.86,7.45,26.2,Republican,Democrat
Turner County,georgia,1409,2349,8.8,11.6,34.8,20.7,13.6,7.5,3.0,0.4391,56.172,12.03,9006,4.13,52.19,40.46,23.8,18.92,23.5,18.77,15.03,Republican,Democrat
Twiggs County,georgia,2044,2370,4.3,16.4,42.5,19.5,6.7,6.5,4.1,0.5425,76.579,8.55,8022,1.55,55.93,38.63,20.47,20.76,22.54,11.23,25.0,Republican,Democrat
Union County,georgia,2800,12650,3.6,8.3,32.5,20.4,9.7,15.6,9.9,0.4801,87.591,29.83,24632,3.31,91.94,0.51,36.35,16.38,20.28,13.48,13.52,Republican,Democrat
Upson County,georgia,4203,8606,4.7,10.9,37.8,21.3,9.9,9.8,5.5,0.4942,69.603,32.99,27700,2.29,65.01,28.34,28.77,20.23,20.34,9.84,20.82,Republican,Democrat
Walker County,georgia,5770,23173,5.4,9.6,35.5,22.0,7.9,12.5,7.2,0.4512,71.206,58.89,67654,2.49,88.18,4.2,30.75,15.33,22.41,13.06,18.45,Republican,Democrat
Walton County,georgia,12683,37839,3.4,9.5,32.1,22.4,8.3,15.1,9.1,0.4215,97.391,115.48,96673,5.41,70.86,17.73,34.26,14.74,24.57,10.86,15.58,Republican,Democrat
Ware County,georgia,4169,9903,5.9,12.5,39.9,19.3,7.3,10.6,4.5,0.4738,60.616,15.42,36251,4.45,61.45,29.52,29.79,16.0,21.89,14.01,18.31,Republican,Democrat
Warren County,georgia,1468,1166,10.3,17.6,37.2,16.5,7.4,7.0,4.0,0.456,57.899,7.06,5215,1.02,37.85,58.43,23.66,21.73,14.9,12.57,27.13,Democrat,Democrat
Washington County,georgia,4743,4668,5.7,10.1,43.9,15.7,7.2,12.5,4.9,0.4484,61.302,11.37,19988,1.67,42.09,53.52,30.43,18.59,19.57,12.36,19.05,Democrat,Democrat
Wayne County,georgia,2688,9987,4.9,9.6,44.7,18.1,8.6,8.5,5.7,0.4559,67.746,18.21,30144,5.75,70.66,19.5,27.57,21.43,14.9,16.39,19.71,Republican,Democrat
Webster County,georgia,640,748,10.8,8.1,33.9,27.0,10.9,7.5,1.8,0.4737,51.092,4.34,2348,2.51,48.38,45.27,28.6,19.34,12.69,13.19,26.18,Republican,Democrat
Wheeler County,georgia,689,1583,3.5,20.1,44.4,14.7,4.7,11.6,1.1,0.469,49.48,9.87,7471,3.64,55.64,38.48,13.39,19.0,7.6,20.38,39.63,Republican,Democrat
White County,georgia,2411,12222,4.9,9.5,31.2,23.7,7.6,13.3,9.8,0.43,83.004,45.17,28003,3.26,89.13,1.67,33.36,18.16,23.38,11.89,13.2,Republican,Democrat
Whitfield County,georgia,10680,25644,13.3,12.4,31.6,18.5,5.6,10.9,7.7,0.4432,79.537,136.97,102864,35.89,56.26,3.45,26.65,12.41,19.05,10.26,31.62,Republican,Democrat
Wilcox County,georgia,861,2402,4.2,15.4,39.8,20.0,7.0,7.0,6.6,0.458,59.691,9.03,8766,3.1,59.15,35.32,28.33,15.86,13.82,21.39,20.59,Republican,Democrat
Wilkes County,georgia,2160,2823,5.2,12.1,44.6,16.7,5.7,12.0,3.7,0.4663,67.375,7.9,9565,4.17,51.77,40.13,25.18,20.36,20.76,12.54,21.17,Republican,Democrat
Wilkinson County,georgia,2074,2665,3.9,6.7,48.0,19.3,10.0,8.1,4.0,0.493,57.529,7.61,8877,2.69,57.56,35.63,22.36,19.96,20.12,13.3,24.26,Republican,Democrat
Worth County,georgia,2395,6830,3.8,10.7,44.2,21.4,10.4,6.6,2.9,0.4477,70.767,14.01,20784,1.83,69.41,25.28,26.16,13.32,17.46,16.04,27.03,Republican,Democrat
Hawaii County,hawaii,58731,26897,2.3,4.8,29.2,21.6,11.5,19.2,11.4,0.4772,76.763,19.38,200629,11.1,32.24,0.58,35.49,24.56,19.49,11.67,8.79,Democrat,Democrat
Honolulu County,hawaii,238869,136259,3.6,3.7,25.4,19.5,11.1,23.3,13.4,0.4386,76.763,649.15,1016508,9.08,17.27,1.9,39.53,20.48,22.31,8.44,9.23,Democrat,Democrat
Kalawao County,hawaii,23,1,4.0,4.0,34.0,20.0,4.0,20.0,14.0,0.2744,82.15,1.61,82,21.95,32.93,0.0,19.44,19.44,19.44,11.11,30.56,Democrat,Democrat
Kauai County,hawaii,21225,11582,3.9,3.6,28.9,21.2,12.1,21.3,9.1,0.4405,76.763,45.79,73298,10.09,30.28,0.48,30.21,29.69,21.36,9.73,9.01,Democrat,Democrat
Maui County,hawaii,47305,22126,3.4,4.1,30.2,22.6,9.6,20.0,10.1,0.4439,76.763,54.77,164754,10.27,31.52,0.61,32.57,26.58,21.58,9.8,9.47,Democrat,Democrat
Ada County,idaho,120539,130699,1.6,3.1,19.8,23.7,9.0,27.9,14.9,0.4497,76.763,182.59,494967,9.14,80.41,1.56,47.24,14.32,21.45,8.46,8.53,Republican,Republican
Adams County,idaho,591,1941,2.0,4.0,35.9,27.3,9.5,12.5,8.8,0.499,85.71,1.26,4379,3.47,91.16,0.07,24.68,22.57,21.76,21.94,9.05,Republican,Republican
Bannock County,idaho,14682,23331,1.5,5.1,25.5,27.8,10.6,19.6,9.9,0.4315,78.542,30.35,87018,9.19,80.96,0.79,38.09,17.29,22.03,9.09,13.5,Republican,Republican
Bear Lake County,idaho,350,2914,0.9,6.0,35.2,26.4,10.7,14.2,6.6,0.4146,78.25,2.55,6372,3.26,93.8,0.16,31.51,20.75,15.31,18.14,14.29,Republican,Republican
Benewah County,idaho,977,3878,2.5,12.4,34.3,22.1,10.2,12.8,5.8,0.4377,68.342,4.84,9530,2.67,81.56,0.08,26.42,19.9,18.09,19.55,16.04,Republican,Republican
Bingham County,idaho,4124,15295,5.1,6.5,32.3,25.5,10.7,14.2,5.6,0.4293,89.09,8.9,47992,17.36,72.8,0.24,31.38,17.29,17.92,15.38,18.03,Republican,Republican
Blaine County,idaho,8919,4032,3.3,4.9,24.7,17.6,5.0,31.2,13.3,0.4649,76.763,3.55,24272,20.69,74.26,0.19,35.03,16.88,21.54,14.76,11.8,Democrat,Republican
Boise County,idaho,1204,3485,0.9,3.7,29.0,24.4,15.0,17.6,9.5,0.3784,81.673,1.59,7610,4.26,88.71,0.25,41.04,15.97,23.14,13.33,6.52,Republican,Republican
Bonner County,idaho,8310,18369,2.3,6.5,30.2,25.3,8.6,18.1,9.1,0.4542,83.879,10.69,47110,3.19,89.88,0.24,31.77,17.65,22.13,13.45,15.0,Republican,Republican
Bonneville County,idaho,14254,37805,3.0,5.1,25.2,24.3,10.7,21.6,10.3,0.4343,94.934,25.76,123964,13.79,80.62,0.48,37.72,18.01,21.54,9.92,12.8,Republican,Republican
Boundary County,idaho,1220,4937,4.6,8.5,37.0,24.4,7.4,11.1,7.0,0.409,69.579,3.75,12056,5.74,87.51,0.22,29.0,13.47,24.16,18.52,14.84,Republican,Republican
Butte County,idaho,188,1202,3.3,6.4,29.6,24.1,20.4,12.4,3.8,0.4724,63.767,0.45,2574,5.21,90.75,0.08,32.86,21.24,12.1,16.57,17.24,Republican,Republican
Camas County,idaho,149,507,11.1,1.8,29.6,22.2,8.3,18.6,8.5,0.4481,92.141,0.41,1077,5.48,87.09,0.19,36.55,17.07,26.51,13.86,6.02,Republican,Republican
Canyon County,idaho,25881,61759,5.5,7.5,29.9,26.2,9.3,15.2,6.4,0.3902,82.742,154.56,231105,25.6,67.24,0.63,30.77,17.83,21.14,14.73,15.53,Republican,Republican
Caribou County,idaho,431,2906,3.6,6.0,34.3,29.5,11.0,10.1,5.6,0.3968,77.812,1.54,7027,5.46,90.95,0.0,24.84,19.1,17.91,26.35,11.79,Republican,Republican
Cassia County,idaho,1464,7907,6.6,7.7,28.9,26.6,9.6,14.6,5.9,0.4475,83.982,3.74,24655,29.15,67.01,0.26,31.09,16.1,15.87,16.55,20.4,Republican,Republican
Clark County,idaho,41,264,15.3,23.1,28.3,15.1,3.0,10.8,4.4,0.3311,58.571,0.17,790,36.46,58.61,0.38,29.21,19.31,12.13,27.48,11.88,Republican,Republican
Clearwater County,idaho,877,3453,1.5,6.7,37.0,28.7,8.0,12.3,5.8,0.4225,68.736,1.38,8734,3.43,90.25,0.46,30.85,20.59,18.79,13.78,16.0,Republican,Republican
Custer County,idaho,603,2089,2.4,6.3,26.9,26.0,9.7,23.5,5.2,0.3927,68.465,0.34,4275,3.65,91.06,0.07,40.2,25.25,20.48,9.91,4.16,Republican,Republican
Elmore County,idaho,2601,7246,5.8,6.2,28.9,25.9,12.3,15.4,5.4,0.4177,72.029,3.61,28666,17.78,69.76,2.4,25.05,19.22,20.49,16.99,18.24,Republican,Republican
Franklin County,idaho,657,5845,0.6,7.3,46.0,23.0,5.8,11.8,5.4,0.4098,81.863,8.37,14194,7.21,89.48,0.15,26.54,17.45,16.45,15.37,24.19,Republican,Republican
Fremont County,idaho,998,5548,3.6,6.5,30.1,26.0,12.4,16.8,4.5,0.3756,78.96,2.8,13388,11.88,84.34,0.16,27.44,15.25,21.94,16.2,19.18,Republican,Republican
Gem County,idaho,1803,7951,2.8,7.0,34.8,26.3,6.6,18.3,4.2,0.432,83.872,13.28,19123,9.0,84.36,0.15,34.42,13.1,20.9,16.1,15.47,Republican,Republican
Gooding County,idaho,1256,4659,7.1,13.9,33.8,22.4,6.9,11.2,4.6,0.4497,78.884,8.22,15598,31.07,64.39,0.13,27.41,16.61,14.84,25.49,15.66,Republican,Republican
Idaho County,idaho,1561,7826,1.4,6.4,34.8,24.9,11.1,16.5,4.9,0.4304,70.728,0.76,16541,3.69,88.6,0.33,31.32,21.95,18.36,15.13,13.23,Republican,Republican
Jefferson County,idaho,1661,12099,3.0,4.4,25.5,24.9,15.4,18.1,8.7,0.3813,91.003,11.08,30891,10.54,85.56,0.24,37.03,15.15,17.94,15.38,14.5,Republican,Republican
Jerome County,idaho,1893,5734,13.3,11.4,28.5,22.5,11.2,8.7,4.4,0.4269,84.105,15.81,24237,37.86,58.39,0.16,27.3,15.35,16.93,22.13,18.28,Republican,Republican
Kootenai County,idaho,24312,62837,1.8,4.7,27.1,28.5,11.2,17.8,8.9,0.4291,92.57,54.09,171362,5.11,87.01,0.27,35.52,17.4,23.45,11.61,12.02,Republican,Republican
Latah County,idaho,10236,9472,0.9,2.1,21.0,22.9,8.6,27.2,17.1,0.4559,82.919,14.31,39517,5.25,84.71,0.8,44.19,16.83,19.23,9.23,10.53,Democrat,Republican
Lemhi County,idaho,1032,3592,1.5,6.8,31.4,26.2,12.0,13.5,8.7,0.4953,70.83,0.68,7974,3.7,91.3,0.21,32.01,17.62,16.08,16.66,17.62,Republican,Republican
Lewis County,idaho,349,1489,2.8,7.3,30.4,29.9,11.1,12.6,6.0,0.4432,63.154,2.93,3533,3.91,85.79,0.17,33.68,16.54,17.59,16.92,15.26,Republican,Republican
Lincoln County,idaho,414,1469,10.4,8.1,34.6,23.3,12.5,6.4,4.8,0.3949,72.223,1.67,5127,31.97,63.29,0.12,25.04,17.41,19.73,21.7,16.12,Republican,Republican
Madison County,idaho,2666,13559,0.4,2.2,16.7,28.1,13.5,27.6,11.4,0.5181,84.274,43.18,52913,9.92,83.13,1.34,35.25,26.93,22.29,6.55,8.97,Republican,Republican
Minidoka County,idaho,1550,6265,10.2,8.5,36.2,20.4,8.7,9.0,6.9,0.4318,80.532,11.03,21613,36.59,59.9,0.12,25.45,15.3,15.36,18.64,25.25,Republican,Republican
Nez Perce County,idaho,6686,13738,2.5,4.5,29.7,26.3,11.3,17.5,8.2,0.458,84.952,19.21,42090,3.87,84.19,0.44,34.32,16.63,22.05,10.4,16.6,Republican,Republican
Oneida County,idaho,249,2148,0.4,6.2,38.7,23.4,7.5,17.9,5.8,0.4062,74.086,1.47,4564,3.9,93.32,0.04,35.97,16.74,17.12,9.92,20.25,Republican,Republican
Owyhee County,idaho,816,3819,14.3,9.6,34.3,22.3,5.6,10.6,3.3,0.3929,69.334,0.61,11913,24.47,67.66,0.24,26.43,14.89,19.65,22.91,16.12,Republican,Republican
Payette County,idaho,2161,8862,5.5,8.6,34.4,22.7,8.6,14.5,5.6,0.4188,81.772,24.26,25386,16.81,75.79,0.2,31.79,15.98,15.03,15.64,21.57,Republican,Republican
Power County,idaho,865,2116,8.3,7.4,32.1,30.8,6.8,9.8,4.9,0.3717,68.466,2.18,7878,33.31,61.26,0.22,31.86,11.54,17.71,26.18,12.7,Republican,Republican
Shoshone County,idaho,1693,4216,2.7,9.3,36.8,28.7,10.9,7.0,4.7,0.4229,58.514,1.96,13169,3.42,89.38,0.11,26.07,21.89,21.35,17.45,13.24,Republican,Republican
Teton County,idaho,3318,2858,3.8,2.8,18.1,19.2,9.0,33.8,13.3,0.4153,76.763,10.16,11630,17.37,78.6,0.14,43.26,18.27,17.79,14.12,6.56,Democrat,Republican
Twin Falls County,idaho,9391,25897,5.5,7.1,28.3,24.2,11.3,14.1,9.5,0.451,84.035,18.2,90046,16.89,75.7,1.13,33.1,16.61,19.31,12.77,18.21,Republican,Republican
Valley County,idaho,2976,3947,1.9,5.4,26.9,20.0,9.5,23.5,12.9,0.4652,95.069,1.25,11746,5.12,89.11,0.14,32.44,18.64,29.44,12.6,6.89,Republican,Republican
Washington County,idaho,1073,4154,5.5,4.3,30.9,29.6,12.3,11.6,5.9,0.4463,62.962,2.82,10500,15.83,77.31,0.16,30.57,18.93,17.91,12.93,19.66,Republican,Republican
Adams County,illinois,8633,24220,1.5,5.1,34.5,22.1,9.8,17.9,9.0,0.4368,81.36,29.61,65737,1.96,88.82,3.75,34.89,18.36,21.9,8.41,16.45,Republican,Democrat
Alexander County,illinois,1114,1486,4.8,8.9,41.8,26.7,7.5,5.9,4.4,0.4506,53.921,8.63,5240,1.56,62.48,30.76,23.3,20.1,20.8,6.46,29.33,Republican,Democrat
Bond County,illinois,2288,5625,2.3,8.8,32.5,25.7,9.7,12.2,8.9,0.4306,76.759,17.0,16725,3.61,85.29,6.42,30.09,22.39,15.79,12.93,18.81,Republican,Democrat
Boone County,illinois,10542,13883,7.0,6.4,32.3,22.4,7.9,15.1,8.9,0.4239,76.763,73.52,53448,24.1,68.64,2.19,31.98,18.87,19.23,9.4,20.53,Republican,Democrat
Brown County,illinois,486,1931,3.7,16.0,40.0,18.5,7.8,10.8,3.3,0.407,75.886,8.0,6244,4.52,76.3,16.58,25.19,20.97,21.71,13.48,18.65,Republican,Democrat
Bureau County,illinois,6669,10411,3.0,6.7,34.9,24.2,9.8,14.2,7.3,0.429,81.875,14.75,33244,9.31,85.76,0.78,28.87,17.23,20.46,10.33,23.1,Republican,Democrat
Calhoun County,illinois,677,2046,1.7,6.3,36.2,17.8,18.4,13.8,5.7,0.4094,76.763,6.8,4437,1.44,95.04,0.16,44.92,14.29,19.32,10.17,11.3,Republican,Democrat
Carroll County,illinois,2748,5105,3.8,7.8,35.9,25.0,8.8,13.6,5.1,0.4152,78.177,13.52,15702,4.82,87.52,4.31,30.67,13.56,18.62,8.58,28.57,Republican,Democrat
Cass County,illinois,1615,3625,6.6,7.2,42.6,17.0,7.4,14.3,4.9,0.4039,75.705,13.31,13042,21.38,69.48,5.41,22.76,17.1,18.0,14.74,27.41,Republican,Democrat
Champaign County,illinois,57067,35285,1.7,3.7,22.0,18.3,8.8,20.7,24.9,0.4977,86.28,80.05,205865,8.1,60.86,13.71,49.79,16.62,17.23,5.37,10.99,Democrat,Democrat
Christian County,illinois,4335,11563,2.1,7.5,44.0,19.6,9.7,12.4,4.8,0.4327,70.766,18.44,34032,3.21,91.75,1.12,31.79,20.58,20.8,10.3,16.53,Republican,Democrat
Clark County,illinois,1993,6226,2.3,5.5,35.3,17.7,14.8,16.7,7.8,0.3952,79.807,11.91,15455,1.59,94.99,0.35,36.13,15.5,15.37,13.44,19.56,Republican,Democrat
Clay County,illinois,1129,5629,4.5,7.4,37.6,20.8,14.8,9.6,5.4,0.451,76.897,10.92,13288,1.68,93.93,0.23,34.01,15.53,17.71,13.96,18.79,Republican,Democrat
Clinton County,illinois,4493,14304,3.0,5.0,33.0,19.3,16.0,16.5,7.1,0.4297,99.933,30.14,36899,3.76,89.01,3.09,39.89,16.15,15.81,11.62,16.54,Republican,Democrat
Coles County,illinois,8067,14037,2.1,5.9,31.8,22.2,11.0,16.0,11.0,0.4747,74.067,35.76,46863,3.77,86.11,4.36,34.07,20.36,20.0,8.26,17.32,Republican,Democrat
Cook County,illinois,1725973,558269,6.1,5.7,22.3,17.8,6.8,24.0,17.3,0.5048,76.763,2135.11,5275541,26.21,40.47,22.47,44.57,16.48,19.7,5.78,13.47,Democrat,Democrat
Crawford County,illinois,2202,7043,3.0,8.3,28.6,21.5,19.6,12.3,6.6,0.4395,81.01,16.3,18679,2.39,90.7,3.25,31.36,21.65,13.98,10.31,22.69,Republican,Democrat
Cumberland County,illinois,1142,4601,2.3,4.2,39.0,20.2,16.5,11.9,5.8,0.3995,84.76,11.66,10450,1.07,95.19,0.27,27.68,16.8,18.63,12.15,24.75,Republican,Democrat
De Witt County,illinois,2191,5632,1.6,4.3,41.3,23.6,7.8,14.3,7.2,0.4242,80.318,15.09,15516,3.29,92.61,0.7,30.39,19.35,20.9,12.89,16.48,Republican,Democrat
DeKalb County,illinois,24643,21905,3.1,3.8,24.9,23.7,10.4,20.8,13.3,0.4424,86.04,61.58,100420,13.54,70.95,8.69,35.41,19.56,19.93,9.54,15.56,Democrat,Democrat
Douglas County,illinois,2335,6227,10.3,4.9,33.9,20.2,10.8,13.9,5.9,0.4094,82.408,18.27,19740,7.93,88.25,0.34,28.66,13.96,20.65,13.45,23.28,Republican,Democrat
DuPage County,illinois,281222,193611,3.4,3.2,18.0,16.9,7.5,30.3,20.7,0.4579,76.763,1095.95,932877,15.47,63.4,4.74,48.95,12.41,21.77,5.35,11.51,Democrat,Democrat
Edgar County,illinois,1887,6193,3.4,8.7,38.9,20.7,9.6,13.4,5.4,0.4127,70.504,10.44,16866,1.33,94.9,0.49,31.86,17.82,16.33,12.25,21.74,Republican,Democrat
Edwards County,illinois,488,2833,2.2,6.7,34.5,24.6,18.1,10.1,3.8,0.4102,73.519,10.73,6245,1.01,95.98,0.26,28.54,15.78,10.73,15.33,29.62,Republican,Democrat
Effingham County,illinois,3716,15006,2.5,4.0,32.5,21.4,13.7,17.8,8.2,0.4362,93.523,27.9,34668,2.52,93.35,0.44,34.3,15.44,22.39,9.39,18.48,Republican,Democrat
Fayette County,illinois,1826,8055,4.1,9.3,40.5,19.4,11.9,10.7,4.1,0.4547,71.866,11.57,21488,3.06,90.4,3.63,27.56,18.2,22.29,13.67,18.28,Republican,Democrat
Ford County,illinois,1754,5048,2.2,6.0,35.5,26.6,9.9,11.8,8.0,0.4348,74.003,10.72,13534,4.09,90.62,0.55,33.99,12.5,21.34,13.85,18.32,Republican,Democrat
Franklin County,illinois,4760,13622,2.2,7.8,33.0,26.8,12.5,12.3,5.3,0.4484,66.309,35.7,37804,1.7,93.14,0.43,29.01,20.86,19.8,11.87,18.46,Republican,Democrat
Fulton County,illinois,6503,9867,1.7,8.4,37.4,22.7,12.2,12.2,5.5,0.4439,76.88,15.03,33609,2.2,91.09,3.28,31.21,18.45,18.38,13.06,18.9,Republican,Democrat
Gallatin County,illinois,622,2019,3.4,9.4,38.3,25.9,10.7,7.5,4.9,0.5613,83.451,5.94,4946,1.07,94.68,0.51,29.08,14.4,15.76,19.86,20.89,Republican,Democrat
Greene County,illinois,1349,4770,2.4,7.2,45.6,19.8,9.5,10.7,4.8,0.4432,77.641,8.54,11985,0.88,95.54,0.15,29.53,22.48,17.5,11.01,19.47,Republican,Democrat
Grundy County,illinois,9626,16523,2.0,4.0,32.0,25.8,10.6,16.7,9.0,0.3955,76.763,48.59,52533,10.87,82.75,1.59,34.12,16.52,18.97,11.91,18.48,Republican,Democrat
Hamilton County,illinois,824,3432,5.9,7.7,30.7,25.4,13.0,9.9,7.2,0.4013,72.181,7.11,7993,1.2,94.76,0.45,31.46,15.85,15.37,17.8,19.52,Republican,Democrat
Hancock County,illinois,2315,6906,1.3,4.2,34.5,22.7,12.6,17.0,7.6,0.451,79.875,8.55,17620,1.8,94.21,0.41,33.48,15.02,21.92,11.18,18.4,Republican,Democrat
Hardin County,illinois,449,1691,5.7,7.0,38.1,23.3,13.9,6.7,5.3,0.467,70.437,7.98,3649,1.78,92.46,0.3,37.97,18.21,10.73,10.57,22.52,Republican,Democrat
Henderson County,illinois,1187,2394,1.2,5.8,39.8,22.6,9.9,15.6,5.1,0.3937,78.911,6.5,6387,1.75,94.88,0.45,38.0,15.06,14.72,11.25,20.97,Republican,Democrat
Henry County,illinois,9797,15300,2.3,5.3,34.2,21.8,11.9,16.6,8.1,0.4357,88.22,23.06,49284,6.43,87.44,2.09,34.72,15.9,21.24,11.01,17.13,Republican,Democrat
Iroquois County,illinois,2908,10877,3.5,7.8,39.2,21.4,10.5,13.1,4.6,0.4316,79.788,9.34,27077,7.7,87.17,0.78,31.54,16.08,18.55,13.5,20.33,Republican,Democrat
Jackson County,illinois,11181,10890,3.0,5.2,22.2,25.4,9.0,17.5,17.7,0.5144,67.69,35.18,52974,5.36,70.81,14.16,40.56,20.32,19.78,7.93,11.39,Democrat,Democrat
Jasper County,illinois,1007,4494,1.5,5.1,36.9,17.0,18.0,15.0,6.4,0.3963,82.197,7.26,9287,0.9,96.2,0.24,26.8,14.08,23.08,15.07,20.97,Republican,Democrat
Jefferson County,illinois,4608,12476,2.6,6.8,31.7,27.3,13.4,11.6,6.6,0.4344,75.046,25.04,37113,2.42,84.02,7.5,28.89,19.28,19.26,9.9,22.67,Republican,Democrat
Jersey County,illinois,2961,8712,2.2,4.5,38.3,20.2,13.1,13.5,8.2,0.4376,97.649,22.42,21512,1.52,93.46,0.73,37.75,16.74,16.76,10.65,18.1,Republican,Democrat
Jo Daviess County,illinois,5109,7166,2.7,3.7,34.6,20.0,11.1,18.2,9.7,0.4168,85.711,14.1,22035,3.88,92.37,0.52,37.08,16.94,19.84,10.69,15.46,Republican,Democrat
Johnson County,illinois,1281,5059,4.3,11.1,33.0,24.4,10.6,11.7,4.9,0.4256,78.899,14.95,13308,4.15,81.87,10.66,32.43,25.03,20.01,10.85,11.68,Republican,Democrat
Kane County,illinois,130166,96775,7.3,6.2,22.6,20.0,7.6,23.4,13.0,0.439,76.763,384.53,516522,32.83,54.66,5.08,37.4,16.15,22.36,7.49,16.6,Democrat,Democrat
Kankakee County,illinois,20271,28532,3.7,6.4,35.2,24.4,9.9,12.2,8.1,0.437,85.018,61.31,107502,11.65,68.46,14.34,30.28,19.14,20.33,9.6,20.65,Republican,Democrat
Kendall County,illinois,33168,29492,2.4,4.2,24.5,22.0,11.1,22.6,13.2,0.3478,76.763,160.11,131869,20.57,64.22,7.35,41.49,14.21,21.49,8.57,14.24,Democrat,Democrat
Knox County,illinois,10703,12009,3.2,8.0,34.2,21.8,12.4,13.6,6.8,0.462,68.079,26.81,49967,6.11,79.28,8.71,33.25,18.41,20.42,10.03,17.89,Republican,Democrat
LaSalle County,illinois,22442,30113,2.5,6.4,35.5,25.3,11.8,12.3,6.1,0.4349,85.086,37.24,109658,10.45,82.48,2.29,29.49,17.74,19.32,11.19,22.25,Republican,Democrat
Lake County,illinois,204032,123594,4.8,4.4,19.8,17.6,6.4,27.3,19.6,0.4791,76.763,620.72,714342,24.07,57.16,6.61,46.74,14.1,20.97,5.58,12.62,Democrat,Democrat
Lawrence County,illinois,1419,4886,3.6,11.2,35.8,21.9,13.4,9.1,5.0,0.4602,81.372,15.87,15280,3.36,83.62,9.12,27.15,18.87,17.11,13.32,23.55,Republican,Democrat
Lee County,illinois,6407,9630,2.3,7.6,36.0,24.9,10.3,12.2,6.7,0.4382,82.936,18.23,34145,6.81,83.28,5.36,33.78,19.09,16.03,10.15,20.95,Republican,Democrat
Livingston County,illinois,4615,12208,2.9,6.6,39.9,23.4,8.5,12.3,6.4,0.4162,85.405,13.23,35815,5.19,88.0,3.02,29.49,18.96,18.42,10.13,23.0,Republican,Democrat
Logan County,illinois,3840,9136,1.9,6.6,38.4,24.2,8.7,13.6,6.5,0.4405,83.002,17.51,27987,2.92,87.37,5.34,32.96,18.75,20.47,10.4,17.42,Republican,Democrat
Macon County,illinois,19847,28589,2.0,5.7,37.0,22.9,8.6,15.9,7.9,0.4661,81.114,68.86,103998,2.63,72.23,18.16,34.93,16.68,22.16,8.07,18.16,Republican,Democrat
Macoupin County,illinois,7365,16153,2.1,6.9,39.7,21.5,10.5,13.4,5.9,0.4279,82.453,20.09,44967,1.27,93.07,0.82,33.25,18.11,19.2,12.91,16.54,Republican,Democrat
Madison County,illinois,57836,76031,1.8,4.9,28.7,24.3,10.9,18.5,10.9,0.4443,93.528,143.27,265859,4.06,80.42,9.28,38.46,17.22,21.18,8.84,14.31,Republican,Democrat
Marion County,illinois,4524,12678,2.7,7.3,36.5,25.5,11.3,11.1,5.6,0.4308,73.326,25.32,37729,1.89,87.86,4.0,28.77,18.88,18.48,8.5,25.36,Republican,Democrat
Marshall County,illinois,2005,4197,2.0,6.0,38.8,23.4,12.4,12.5,5.0,0.4232,78.116,11.72,11742,2.75,92.47,0.73,29.47,18.29,16.96,13.3,21.98,Republican,Democrat
Mason County,illinois,1985,4654,3.1,5.6,38.8,22.7,12.5,12.2,5.1,0.438,77.73,9.36,13086,1.41,94.29,0.37,31.94,19.71,17.92,13.06,17.37,Republican,Democrat
Massac County,illinois,1725,4997,4.9,7.4,36.0,25.2,11.7,10.1,4.6,0.4041,70.962,23.01,14169,2.35,85.24,6.18,24.89,20.04,27.33,10.6,17.14,Republican,Democrat
McDonough County,illinois,4992,7027,1.8,3.8,33.7,19.2,10.3,16.0,15.2,0.4881,67.033,17.93,27238,3.53,84.67,5.5,33.3,19.98,21.02,8.51,17.18,Republican,Democrat
McHenry County,illinois,78154,82260,2.5,3.6,26.3,22.8,9.5,23.3,12.0,0.4107,76.763,199.09,310229,15.06,76.93,1.31,40.42,14.05,22.18,9.64,13.71,Republican,Democrat
McLean County,illinois,43933,40502,1.3,2.8,23.1,18.9,7.9,30.5,15.5,0.4802,99.327,55.89,170954,6.16,75.72,8.6,45.44,16.21,22.21,6.3,9.83,Democrat,Democrat
Menard County,illinois,2022,4764,0.9,4.0,33.5,23.6,12.0,15.6,10.2,0.399,99.217,15.09,12297,1.3,93.54,0.65,41.69,14.9,24.13,8.27,11.01,Republican,Democrat
Mercer County,illinois,3280,5418,2.0,5.5,39.2,24.4,11.0,11.4,6.4,0.4106,82.414,10.8,15699,2.98,92.86,0.43,29.07,16.34,22.07,15.4,17.12,Republican,Democrat
Monroe County,illinois,6569,14142,0.7,3.7,24.7,22.2,10.9,23.9,13.9,0.3992,76.763,34.98,34962,1.85,93.47,0.34,46.4,13.91,22.2,8.38,9.11,Republican,Democrat
Montgomery County,illinois,3905,9544,2.6,7.7,42.8,20.8,7.9,11.6,6.6,0.4471,76.744,15.55,28288,2.08,90.88,3.24,29.3,18.64,21.57,12.6,17.89,Republican,Democrat
Morgan County,illinois,5076,9950,2.5,7.9,39.2,20.6,7.4,15.1,7.3,0.4446,80.285,22.31,32915,2.55,86.55,5.96,31.01,19.49,20.03,8.98,20.49,Republican,Democrat
Moultrie County,illinois,1662,4964,8.8,4.8,32.6,23.6,9.5,14.0,6.8,0.4206,86.61,16.7,14526,1.34,94.64,0.58,31.82,14.19,17.19,12.02,24.78,Republican,Democrat
Ogle County,illinois,9428,16248,3.3,5.4,33.6,23.6,10.7,15.2,8.2,0.4038,88.858,26.3,51788,11.19,83.26,1.05,34.88,16.48,17.7,10.5,20.44,Republican,Democrat
Peoria County,illinois,43578,38252,2.2,4.9,27.5,21.9,9.7,20.5,13.2,0.4919,90.221,113.07,181830,5.55,66.34,18.5,43.04,18.99,19.08,6.54,12.36,Democrat,Democrat
Perry County,illinois,2612,7313,3.6,11.9,35.1,26.6,11.8,7.5,3.5,0.4145,69.605,18.34,20945,3.41,84.88,7.89,29.77,21.61,18.8,11.01,18.81,Republican,Democrat
Piatt County,illinois,3329,6248,1.3,4.8,32.2,19.7,11.1,19.6,11.3,0.4171,76.763,14.68,16673,1.48,93.56,0.5,41.03,13.86,21.31,10.81,13.0,Republican,Democrat
Pike County,illinois,1484,6332,2.2,6.8,41.6,22.4,9.0,13.1,4.9,0.4275,69.755,6.86,14739,1.78,94.13,0.43,29.72,18.35,20.44,12.26,19.24,Republican,Democrat
Pope County,illinois,433,1722,5.3,6.5,41.0,22.7,9.0,10.4,5.0,0.4413,66.317,3.98,3763,1.89,92.77,1.01,38.63,21.65,13.32,10.05,16.36,Republican,Democrat
Pulaski County,illinois,891,1699,3.1,8.9,40.7,24.7,8.2,9.0,5.5,0.4571,56.897,10.03,5193,3.93,62.49,28.15,24.69,24.3,21.54,12.49,16.99,Republican,Democrat
Putnam County,illinois,1338,1993,1.0,5.4,36.9,21.2,12.1,15.0,8.5,0.38,86.843,13.57,5637,6.17,89.99,0.46,27.53,16.36,18.59,15.05,22.47,Republican,Democrat
Randolph County,illinois,3592,11076,3.8,10.2,38.1,25.0,9.2,8.6,5.1,0.4034,76.855,20.41,30163,3.42,84.41,7.89,26.28,21.81,20.25,11.54,20.11,Republican,Democrat
Richland County,illinois,1830,6089,2.2,5.7,32.0,23.0,18.2,12.5,6.3,0.4033,72.845,16.85,15813,1.73,93.68,0.47,29.87,18.63,19.34,8.33,23.82,Republican,Democrat
Rock Island County,illinois,36691,28603,3.8,6.6,30.0,25.0,10.5,15.3,8.8,0.4319,80.579,129.89,144672,13.72,67.52,11.18,33.03,17.77,20.76,8.02,20.42,Democrat,Democrat
Saline County,illinois,2789,8103,4.7,7.1,29.8,24.3,13.8,14.2,6.1,0.5105,78.176,24.04,23768,1.99,89.65,2.91,34.5,20.99,18.95,12.64,12.91,Republican,Democrat
Sangamon County,illinois,48917,53485,1.6,5.2,28.3,21.5,8.7,20.6,13.9,0.4595,94.79,87.22,196343,2.7,76.63,13.08,44.39,17.32,21.79,6.21,10.28,Republican,Democrat
Schuyler County,illinois,1068,2773,1.4,6.9,39.2,25.2,10.3,11.2,5.7,0.4144,79.229,6.07,6902,2.2,89.21,4.1,31.06,18.49,21.71,9.95,18.79,Republican,Democrat
Scott County,illinois,572,2114,2.0,5.3,46.1,16.3,8.4,17.2,4.9,0.3986,79.099,7.54,4949,0.97,95.92,0.1,38.86,14.05,15.92,12.58,18.59,Republican,Democrat
Shelby County,illinois,2504,9426,1.7,4.5,42.5,21.1,12.1,13.2,5.1,0.3862,76.869,10.71,20990,1.01,95.84,0.31,30.17,20.35,19.71,10.67,19.1,Republican,Democrat
St. Clair County,illinois,68325,57150,2.4,5.4,26.5,24.1,11.3,17.7,12.6,0.4503,89.002,150.74,257400,4.89,58.47,29.53,38.46,18.5,20.81,7.65,14.58,Democrat,Democrat
Stark County,illinois,815,2004,3.1,5.9,40.0,19.9,12.1,13.6,5.4,0.4486,75.678,7.23,5400,2.44,93.89,0.31,30.23,13.99,22.35,16.28,17.15,Republican,Democrat
Stephenson County,illinois,9055,12521,2.5,5.7,33.4,27.4,10.7,13.1,7.2,0.4362,74.09,30.44,44630,5.05,79.33,9.8,32.84,16.44,20.49,9.4,20.82,Republican,Democrat
Tazewell County,illinois,24819,42513,1.9,4.4,30.7,23.5,11.9,18.7,8.8,0.4171,92.162,78.4,131343,2.41,91.27,1.24,38.93,16.92,20.95,8.93,14.26,Republican,Democrat
Union County,illinois,2579,6161,4.9,7.1,34.5,22.8,8.9,14.9,6.8,0.452,72.159,15.99,17244,5.03,88.91,1.31,30.12,26.04,15.54,10.74,17.56,Republican,Democrat
Vermilion County,illinois,10323,20725,2.5,6.9,41.5,21.5,12.0,9.8,5.8,0.4348,69.249,31.85,74188,5.14,75.73,13.81,28.07,19.22,19.81,10.28,22.62,Republican,Democrat
Wabash County,illinois,1253,4237,1.9,5.0,32.0,21.6,20.9,11.6,6.9,0.4553,75.432,19.57,11361,1.57,92.6,0.47,27.03,20.54,18.21,11.8,22.42,Republican,Democrat
Warren County,illinois,3090,4676,4.8,7.7,34.6,21.4,10.4,14.1,6.9,0.4184,79.55,11.93,16835,10.63,80.15,3.43,30.1,17.79,22.72,8.08,21.31,Republican,Democrat
Washington County,illinois,1641,6115,3.0,4.5,32.8,21.0,15.6,15.1,8.0,0.4044,89.669,9.46,13761,1.63,94.3,0.62,35.02,14.36,16.65,15.23,18.74,Republican,Democrat
Wayne County,illinois,1187,7176,4.6,6.1,34.1,22.9,16.4,10.6,5.2,0.4219,67.841,8.72,16179,1.12,95.19,0.56,29.07,15.96,20.87,13.79,20.3,Republican,Democrat
White County,illinois,1517,5791,4.1,7.4,33.8,23.1,15.6,10.0,6.0,0.4432,70.303,10.79,13877,1.35,93.73,0.66,29.55,18.52,17.56,13.8,20.56,Republican,Democrat
Whiteside County,illinois,12253,14527,3.3,5.9,37.8,22.7,11.0,11.8,7.5,0.4441,82.27,31.36,55691,12.8,81.42,1.33,30.56,16.82,19.71,8.84,24.07,Republican,Democrat
Will County,illinois,183915,155116,3.9,4.5,25.7,21.2,8.6,22.7,13.4,0.4099,76.763,321.85,696355,18.79,60.09,11.38,39.17,14.57,21.3,8.42,16.54,Democrat,Democrat
Williamson County,illinois,10206,22801,2.1,5.1,29.1,25.1,11.4,16.2,10.9,0.452,81.28,61.67,67153,2.65,86.66,4.18,38.14,20.41,19.49,9.55,12.41,Republican,Democrat
Winnebago County,illinois,64056,60861,3.6,7.9,31.1,23.8,9.5,15.3,8.8,0.4517,81.384,214.17,285350,14.35,64.21,13.4,32.58,16.9,20.43,8.21,21.88,Democrat,Democrat
Woodford County,illinois,6160,14799,1.3,4.4,27.8,19.5,11.6,22.4,13.0,0.4271,76.763,28.11,38467,1.92,93.18,0.7,44.78,14.74,19.14,8.73,12.61,Republican,Democrat
Adams County,indiana,3236,10686,9.5,3.8,44.4,16.9,10.0,10.9,4.5,0.3883,76.37,40.81,35809,4.57,92.38,0.48,29.52,12.36,19.67,14.05,24.4,Republican,Republican
Allen County,indiana,73189,92083,4.5,5.4,28.2,20.9,10.5,20.3,10.2,0.4482,88.623,226.47,385410,8.54,70.09,11.32,37.7,15.39,20.31,6.81,19.79,Republican,Republican
Bartholomew County,indiana,12934,22410,2.4,5.8,31.2,17.4,8.4,19.9,14.9,0.4378,95.616,78.15,82208,8.83,78.33,2.15,43.83,15.06,17.21,5.56,18.34,Republican,Republican
Benton County,indiana,1009,3007,3.6,7.9,40.6,22.0,7.3,14.8,3.8,0.4243,76.182,8.27,8719,7.21,89.33,0.5,27.98,18.01,18.48,12.28,23.25,Republican,Republican
Blackford County,indiana,1376,3841,2.4,7.2,49.2,18.1,8.3,9.2,5.6,0.4841,68.1,28.24,12112,2.08,93.11,0.45,31.78,16.64,15.78,10.74,25.06,Republican,Republican
Boone County,indiana,15244,22351,1.8,3.2,19.3,17.1,9.0,30.9,18.6,0.4783,76.763,65.04,70812,3.92,86.33,2.01,52.15,11.04,17.87,5.83,13.12,Republican,Republican
Brown County,indiana,3036,5777,1.5,5.6,34.9,20.1,10.4,16.9,10.6,0.4422,95.212,19.2,15475,1.74,93.46,0.36,36.51,19.74,18.17,13.14,12.43,Republican,Republican
Carroll County,indiana,2224,7086,2.5,7.2,43.3,19.1,11.3,11.0,5.7,0.4231,82.095,21.16,20306,4.05,92.22,0.63,28.52,14.82,18.66,12.93,25.07,Republican,Republican
Cass County,indiana,4304,10552,6.2,8.1,42.3,18.8,9.2,10.0,5.4,0.3994,68.534,35.43,37870,17.63,75.9,1.48,24.59,16.73,18.58,10.07,30.02,Republican,Republican
Clark County,indiana,23093,33668,2.6,6.9,33.3,21.8,10.7,16.6,8.0,0.4121,85.658,125.92,121093,6.52,78.78,7.65,33.9,15.23,22.54,8.84,19.49,Republican,Republican
Clay County,indiana,2552,9499,2.1,6.4,41.5,19.1,14.0,12.0,4.9,0.4257,84.947,28.5,26466,1.74,94.01,0.49,28.16,17.51,17.1,11.69,25.54,Republican,Republican
Clinton County,indiana,3361,9334,4.8,8.2,44.3,17.3,9.1,10.7,5.6,0.3823,72.316,31.47,33190,18.51,77.76,0.59,23.06,16.59,16.25,14.49,29.6,Republican,Republican
Crawford County,indiana,1355,3483,3.5,10.9,47.6,17.8,8.0,7.8,4.4,0.4912,67.626,13.28,10526,1.15,94.9,0.25,22.61,13.94,14.75,12.88,35.82,Republican,Republican
Daviess County,indiana,2169,9576,14.4,8.5,35.0,14.7,12.2,10.7,4.4,0.4162,81.481,29.97,33381,6.3,89.0,1.85,28.05,15.34,17.95,15.86,22.8,Republican,Republican
DeKalb County,indiana,4966,14237,2.2,6.4,43.5,19.4,9.5,13.4,5.5,0.405,83.146,46.09,43265,2.74,92.99,0.42,28.1,13.5,16.45,7.79,34.14,Republican,Republican
Dearborn County,indiana,5446,19528,2.4,6.5,38.5,18.2,9.7,16.4,8.3,0.3999,91.881,64.17,50679,1.43,93.37,0.58,35.44,14.82,21.61,9.89,18.24,Republican,Republican
Decatur County,indiana,2439,9575,3.1,5.7,42.8,17.6,10.3,15.4,5.1,0.4167,87.713,27.39,26472,2.32,93.57,0.34,33.96,14.52,17.91,9.52,24.08,Republican,Republican
Delaware County,indiana,20474,26827,1.8,7.5,33.6,21.8,9.8,15.0,10.5,0.4475,68.286,110.44,111903,3.16,83.41,7.28,34.11,20.49,21.11,7.05,17.24,Republican,Republican
Dubois County,indiana,6292,15033,4.5,5.6,38.7,14.9,12.4,17.3,6.6,0.407,84.786,39.38,43637,9.5,87.4,0.44,32.14,11.19,19.91,9.12,27.64,Republican,Republican
Elkhart County,indiana,26108,46972,8.4,9.4,36.1,18.8,7.3,13.2,6.8,0.4423,83.81,172.43,207047,19.12,70.05,5.34,28.64,14.76,19.49,8.29,28.82,Republican,Republican
Fayette County,indiana,2237,7755,4.7,10.1,44.5,17.7,7.6,11.4,4.0,0.4118,64.529,42.0,23398,1.17,94.08,1.18,22.65,23.29,17.9,7.49,28.68,Republican,Republican
Floyd County,indiana,17511,23400,2.2,5.4,31.1,20.7,9.2,19.5,11.7,0.4346,97.601,208.52,80484,3.83,84.45,5.31,40.55,14.56,21.03,8.4,15.47,Republican,Republican
Fountain County,indiana,1629,6154,3.5,7.6,45.6,20.1,9.7,8.7,4.8,0.4129,72.96,16.07,16479,2.5,93.14,0.34,29.13,18.06,13.04,13.75,26.02,Republican,Republican
Franklin County,indiana,2137,9691,3.3,7.2,40.1,20.2,8.5,13.2,7.5,0.4071,89.486,22.95,22785,0.96,95.63,0.1,30.36,14.54,20.2,14.54,20.36,Republican,Republican
Fulton County,indiana,2280,6694,3.5,9.2,39.1,22.4,8.0,12.2,5.6,0.4401,81.844,21.4,20480,5.21,90.1,0.69,28.43,15.85,17.95,10.22,27.55,Republican,Republican
Gibson County,indiana,4023,11817,2.3,7.1,40.8,19.6,12.2,13.0,5.0,0.3966,79.276,26.15,33011,2.06,91.36,1.93,28.97,13.66,15.75,12.18,29.43,Republican,Republican
Grant County,indiana,8015,18543,3.5,7.9,38.2,22.0,10.0,10.8,7.6,0.4322,68.397,62.06,66674,5.12,81.74,6.85,30.53,17.76,22.23,8.5,20.99,Republican,Republican
Greene County,indiana,3389,11103,2.7,9.0,39.7,21.1,11.4,11.1,5.0,0.4437,73.817,21.99,30803,1.79,94.26,0.17,29.39,17.55,18.21,14.04,20.8,Republican,Republican
Hamilton County,indiana,88390,101587,1.0,1.9,14.8,14.4,7.1,37.8,23.0,0.439,76.763,342.19,347467,5.21,79.2,4.22,56.73,11.22,20.91,4.1,7.04,Republican,Republican
Hancock County,indiana,12895,28996,1.6,5.1,30.1,21.3,9.1,22.4,10.4,0.394,76.763,101.17,79840,2.76,89.06,2.94,39.98,15.7,21.31,11.02,11.99,Republican,Republican
Harrison County,indiana,5343,14565,2.0,7.8,40.5,20.5,8.5,13.6,7.0,0.41,87.786,31.65,39654,2.34,92.56,0.47,34.49,16.32,19.03,13.06,17.1,Republican,Republican
Hendricks County,indiana,32604,53802,1.4,5.1,26.6,19.8,7.8,25.8,13.5,0.3942,76.763,166.66,174788,4.61,79.74,7.64,45.08,12.48,21.15,6.22,15.07,Republican,Republican
Henry County,indiana,5544,15043,2.4,6.4,43.2,22.1,8.8,11.5,5.5,0.4266,74.301,48.19,48914,2.0,92.21,2.18,30.9,16.26,22.19,9.04,21.6,Republican,Republican
Howard County,indiana,13303,26449,3.0,5.7,37.9,24.1,9.5,13.3,6.5,0.4232,78.616,109.94,83658,3.66,81.85,7.67,30.11,19.28,18.29,7.47,24.85,Republican,Republican
Huntington County,indiana,4255,13147,1.6,5.8,42.7,18.1,9.9,14.6,7.4,0.4059,76.59,37.03,36662,2.86,92.4,0.6,30.76,15.59,18.47,9.74,25.44,Republican,Republican
Jackson County,indiana,4302,14555,3.6,6.3,42.0,21.2,8.2,12.3,6.3,0.4153,80.954,34.99,46428,13.46,81.45,1.04,29.42,12.99,19.03,9.33,29.23,Republican,Republican
Jasper County,indiana,3798,11383,1.9,5.2,43.3,21.9,8.7,12.6,6.4,0.4062,91.528,22.8,32918,7.11,88.35,0.39,30.54,14.98,20.34,15.55,18.6,Republican,Republican
Jay County,indiana,1926,6361,5.3,7.2,46.3,19.2,9.0,7.5,5.4,0.4367,71.116,20.57,20478,4.61,92.26,0.26,24.52,15.47,15.76,13.59,30.67,Republican,Republican
Jefferson County,indiana,4731,9663,3.8,8.3,39.5,18.6,11.7,11.1,6.9,0.4372,74.618,35.39,33147,3.35,90.58,1.54,31.25,16.37,18.38,9.12,24.87,Republican,Republican
Jennings County,indiana,2523,9490,2.4,8.7,43.8,23.2,7.7,9.7,4.4,0.3935,77.901,28.31,27613,3.11,92.95,0.63,29.41,17.09,16.27,14.39,22.83,Republican,Republican
Johnson County,indiana,24736,51219,2.6,4.8,30.9,20.2,9.0,20.4,12.1,0.4256,76.763,195.15,161765,3.95,84.53,2.38,43.17,13.16,20.98,8.96,13.73,Republican,Republican
Knox County,indiana,4067,11655,3.2,7.7,35.6,20.7,14.6,11.6,6.5,0.4544,79.399,27.06,36282,2.77,91.03,1.92,32.87,20.56,18.27,9.01,19.29,Republican,Republican
Kosciusko County,indiana,8364,26499,5.2,7.0,35.2,20.8,7.7,15.4,8.7,0.4134,88.194,58.44,80240,9.34,84.73,0.85,29.72,12.74,17.97,8.95,30.61,Republican,Republican
LaGrange County,indiana,2355,8110,31.8,7.6,30.1,13.3,5.9,7.0,4.2,0.4072,96.952,41.05,40446,4.28,93.54,0.23,20.23,12.26,15.09,13.68,38.75,Republican,Republican
LaPorte County,indiana,22427,25997,2.9,7.3,39.1,20.8,8.9,14.2,6.9,0.4324,84.64,72.42,112417,7.1,76.46,10.56,29.94,18.83,20.13,9.56,21.54,Republican,Republican
Lake County,indiana,124870,91760,3.8,6.0,35.4,21.8,8.6,16.2,8.2,0.4527,86.793,385.17,498700,20.04,50.35,24.27,32.54,17.41,21.65,9.84,18.56,Democrat,Republican
Lawrence County,indiana,4961,15601,3.1,7.7,38.6,20.7,10.9,11.1,7.8,0.4099,76.151,38.78,45011,1.7,93.81,0.42,28.89,16.38,19.16,11.86,23.71,Republican,Republican
Madison County,indiana,19524,31215,2.7,7.4,39.1,21.5,9.9,12.9,6.6,0.4367,75.913,111.53,130129,4.81,82.17,7.77,30.59,19.3,20.59,10.67,18.85,Republican,Republican
Marion County,indiana,247772,134175,4.5,8.1,27.5,18.8,7.8,21.4,11.8,0.4745,83.196,947.47,977203,13.23,50.52,27.19,38.64,15.32,21.29,7.14,17.62,Democrat,Republican
Marshall County,indiana,5712,13844,5.7,8.6,37.8,19.7,8.2,13.0,7.1,0.4265,84.516,40.22,46095,11.39,84.41,0.44,26.34,11.72,19.64,11.66,30.64,Republican,Republican
Martin County,indiana,1011,4029,3.0,8.2,42.5,18.0,14.3,9.5,4.6,0.4135,77.781,11.34,9812,0.94,95.14,0.2,33.09,11.86,15.02,15.02,25.01,Republican,Republican
Miami County,indiana,3235,10925,4.5,8.7,42.5,19.7,9.1,10.8,4.7,0.4178,73.007,37.13,35962,3.3,86.54,4.98,25.22,16.3,18.48,13.0,27.0,Republican,Republican
Monroe County,indiana,39861,22071,1.1,4.2,21.4,17.5,7.6,24.1,24.1,0.4828,82.332,137.08,139718,4.55,80.51,3.59,47.86,18.49,16.91,5.71,11.03,Democrat,Republican
Montgomery County,indiana,4213,12659,2.7,8.2,41.2,20.0,7.1,13.1,7.7,0.4266,80.316,29.09,37936,6.01,88.96,0.9,26.44,17.96,16.45,11.41,27.73,Republican,Republican
Morgan County,indiana,7781,27512,2.0,8.5,38.8,20.9,9.6,13.6,6.7,0.419,97.771,68.61,71780,1.77,93.3,0.47,32.46,14.43,18.86,13.47,20.77,Republican,Republican
Newton County,indiana,1509,4942,4.6,8.4,45.3,20.9,7.3,10.0,3.4,0.3945,73.581,13.29,13830,7.51,87.15,0.3,23.43,14.41,18.76,16.05,27.34,Republican,Republican
Noble County,indiana,4660,14195,9.0,7.8,39.6,17.7,8.2,12.3,5.4,0.3826,82.166,44.57,47457,11.06,84.78,0.46,26.59,13.03,16.21,9.2,34.97,Republican,Republican
Ohio County,indiana,750,2392,1.3,6.0,45.2,21.6,10.2,11.1,4.5,0.417,81.019,26.77,5940,1.33,94.76,0.27,32.07,17.75,16.34,12.55,21.29,Republican,Republican
Orange County,indiana,2224,6432,5.3,9.4,44.7,18.1,8.5,9.3,4.6,0.446,75.798,19.16,19867,1.54,93.26,1.01,27.45,19.04,17.36,11.8,24.35,Republican,Republican
Owen County,indiana,2420,7286,4.1,9.5,42.9,19.5,8.6,10.7,4.6,0.4386,74.786,21.41,21321,1.39,93.21,0.37,27.05,17.05,14.42,15.74,25.74,Republican,Republican
Parke County,indiana,1503,5398,7.5,7.2,37.9,21.2,11.0,9.0,6.1,0.4307,79.566,14.17,16156,1.39,94.88,1.23,27.62,17.3,19.23,13.83,22.02,Republican,Republican
Perry County,indiana,3203,5345,2.0,6.8,45.9,19.7,9.5,11.3,4.9,0.4053,72.08,19.41,19170,1.15,93.13,2.07,27.24,15.32,15.07,12.41,29.97,Republican,Republican
Pike County,indiana,1415,4692,3.2,6.4,47.8,19.8,8.7,9.3,4.8,0.3944,75.704,14.12,12250,1.47,95.23,0.25,24.11,16.51,14.31,13.07,32.01,Republican,Republican
Porter County,indiana,39746,45008,1.9,4.1,34.5,20.9,8.7,18.6,11.4,0.4276,76.763,160.08,173215,10.91,79.09,4.18,39.48,14.45,18.34,11.79,15.94,Republican,Republican
Posey County,indiana,3811,9206,2.0,4.2,36.3,20.4,11.6,16.9,8.6,0.3976,91.501,23.79,25222,1.49,93.73,0.84,35.91,13.72,21.5,10.84,18.02,Republican,Republican
Pulaski County,indiana,1463,4246,3.0,8.9,45.3,21.3,7.4,8.8,5.2,0.4256,73.33,11.13,12514,3.66,91.43,0.52,27.44,15.03,20.69,10.96,25.89,Republican,Republican
Putnam County,indiana,3946,12278,2.9,6.2,38.8,23.5,9.2,12.9,6.6,0.3807,82.803,29.68,36726,2.13,90.26,2.79,31.87,14.86,18.41,10.85,24.01,Republican,Republican
Randolph County,indiana,2513,8312,2.6,7.5,42.3,23.7,8.7,9.4,5.8,0.4211,71.761,20.98,24502,4.72,91.12,0.49,29.62,20.33,14.85,11.15,24.05,Republican,Republican
Ripley County,indiana,2774,11261,2.9,6.5,42.5,18.6,10.5,10.7,8.3,0.4408,88.962,25.07,28995,1.87,93.85,0.25,29.47,15.99,17.07,13.06,24.41,Republican,Republican
Rush County,indiana,1754,6035,3.2,7.4,45.8,19.5,8.4,10.4,5.3,0.3788,72.784,15.81,16752,1.5,94.77,0.54,30.83,15.73,15.62,11.22,26.6,Republican,Republican
Scott County,indiana,2698,7328,5.1,13.0,44.8,17.0,8.6,7.8,3.7,0.4192,63.4,49.48,24384,2.19,93.62,0.38,23.7,13.02,19.74,8.79,34.75,Republican,Republican
Shelby County,indiana,5023,14568,3.4,7.5,42.1,18.7,8.7,13.4,6.2,0.4273,83.754,42.2,45055,5.28,89.46,1.19,32.35,18.54,18.09,9.66,21.36,Republican,Republican
Spencer County,indiana,3213,7357,2.0,5.5,40.3,19.1,13.2,12.4,7.5,0.4166,84.229,19.39,19810,3.41,92.72,0.65,33.16,14.13,16.73,12.65,23.34,Republican,Republican
St. Joseph County,indiana,59896,53164,2.5,6.7,29.9,20.1,8.9,19.2,12.8,0.4718,84.995,229.74,272912,9.74,69.09,12.98,39.31,15.52,20.76,7.29,17.12,Democrat,Republican
Starke County,indiana,2650,7466,5.7,9.2,43.4,20.4,8.2,8.6,4.5,0.4304,74.265,29.11,23371,3.86,91.55,0.29,29.19,14.28,18.21,12.22,26.11,Republican,Republican
Steuben County,indiana,4513,11327,1.9,5.4,39.2,20.5,8.6,15.9,8.5,0.4273,90.1,43.15,34435,4.14,91.3,0.68,28.77,15.17,19.29,9.14,27.63,Republican,Republican
Sullivan County,indiana,2153,6691,3.2,7.9,42.1,19.1,13.8,9.4,4.4,0.4105,70.658,17.95,20817,1.6,90.58,4.21,31.22,20.43,16.26,11.19,20.91,Republican,Republican
Switzerland County,indiana,964,3133,5.7,11.1,45.6,19.0,7.6,8.3,2.6,0.3801,74.029,17.31,9737,1.17,95.12,0.14,23.29,22.13,18.1,13.12,23.36,Republican,Republican
Tippecanoe County,indiana,35017,34581,3.0,5.0,27.1,17.7,8.2,22.2,16.9,0.4776,76.83,144.69,186251,10.01,70.58,5.95,42.48,16.99,17.16,6.2,17.18,Democrat,Republican
Tipton County,indiana,1834,6110,2.6,6.6,37.1,18.9,9.9,17.2,7.6,0.3712,85.471,22.71,15359,2.83,93.54,0.3,32.93,14.16,18.15,10.5,24.26,Republican,Republican
Union County,indiana,736,2688,1.8,9.4,36.5,21.0,11.5,14.3,5.6,0.3795,83.247,16.87,7087,1.04,95.46,0.3,33.15,16.7,20.23,8.15,21.77,Republican,Republican
Vanderburgh County,indiana,34415,41844,2.3,6.5,32.4,20.9,10.9,17.9,9.2,0.4504,78.153,297.6,180136,3.5,79.63,9.69,33.97,18.96,21.52,7.1,18.45,Republican,Republican
Vermillion County,indiana,2145,5184,1.5,6.0,40.7,20.8,13.1,12.6,5.2,0.4119,72.538,23.28,15439,1.09,95.16,0.24,28.97,17.65,16.62,11.25,25.51,Republican,Republican
Vigo County,indiana,18123,24545,2.4,7.2,33.2,22.0,9.6,15.1,10.5,0.4743,72.845,101.74,106153,3.05,83.03,6.67,35.02,20.11,19.92,7.41,17.53,Republican,Republican
Wabash County,indiana,3494,10762,2.4,6.2,41.8,18.8,9.1,13.6,8.1,0.4054,79.536,29.04,30976,2.9,92.44,0.51,28.31,17.6,18.87,9.87,25.36,Republican,Republican
Warren County,indiana,974,3401,1.5,5.9,41.3,22.1,10.0,13.6,5.6,0.4404,96.729,8.95,8440,2.29,95.0,0.08,28.55,11.44,20.37,14.9,24.74,Republican,Republican
Warrick County,indiana,11923,21326,1.4,3.6,28.3,19.6,12.6,20.7,13.8,0.4621,76.763,64.31,63898,2.16,89.75,1.62,44.81,13.64,18.53,8.09,14.94,Republican,Republican
Washington County,indiana,2784,9114,4.8,7.7,41.9,20.6,10.9,10.4,3.7,0.4087,73.702,21.15,28182,1.42,94.39,0.4,26.33,13.7,18.36,12.73,28.87,Republican,Republican
Wayne County,indiana,9524,17567,4.2,7.7,36.3,22.5,10.2,11.7,7.3,0.4477,70.847,63.93,66553,3.75,85.18,4.55,31.05,18.01,19.53,9.88,21.53,Republican,Republican
Wells County,indiana,2928,10855,1.5,5.2,42.7,20.0,11.5,13.6,5.5,0.3911,80.657,29.55,28180,3.62,92.26,0.78,33.25,13.34,20.78,9.87,22.75,Republican,Republican
White County,indiana,3032,7957,2.8,6.8,39.9,23.3,8.9,12.5,5.7,0.3964,78.827,18.83,24688,9.94,85.88,0.45,28.37,15.34,18.42,9.29,28.57,Republican,Republican
Whitley County,indiana,4234,12862,2.6,5.5,37.2,20.0,11.8,16.7,6.0,0.3995,89.6,39.41,34191,2.46,93.1,0.44,30.4,13.86,18.53,12.26,24.95,Republican,Republican
Adair County,iowa,1198,2917,1.5,2.8,41.1,21.8,13.8,14.3,4.7,0.4342,81.199,5.07,7496,2.48,94.26,0.6,33.32,13.88,20.37,14.7,17.72,Republican,Republican
Adams County,iowa,590,1530,2.8,3.1,35.4,20.2,16.9,16.7,4.7,0.4948,92.745,3.36,3704,1.13,94.98,0.32,40.27,17.75,15.31,4.76,21.89,Republican,Republican
Allamakee County,iowa,2576,4735,3.5,4.8,41.5,18.6,13.2,13.6,4.9,0.42,80.279,8.49,14061,8.68,88.19,1.04,30.04,12.91,22.68,18.05,16.31,Republican,Republican
Appanoose County,iowa,1891,4512,4.2,3.9,37.6,22.3,13.3,14.0,4.8,0.4426,66.726,9.53,12317,1.88,94.07,0.61,29.63,14.45,21.19,11.55,23.19,Republican,Republican
Audubon County,iowa,1071,2295,3.0,6.5,35.9,21.3,11.7,16.0,5.7,0.4189,72.306,4.93,5674,1.52,95.93,0.3,34.93,15.47,18.15,15.51,15.93,Republican,Republican
Benton County,iowa,5160,9188,1.6,4.0,34.5,21.3,15.3,16.1,7.2,0.389,92.655,13.83,25575,1.81,94.14,0.44,33.45,15.02,19.36,14.83,17.34,Republican,Republican
Black Hawk County,iowa,35647,29640,2.5,4.6,30.2,20.9,11.8,19.5,10.5,0.4644,85.13,89.43,131144,4.92,77.13,10.32,35.23,18.41,19.45,7.4,19.51,Democrat,Republican
Boone County,iowa,6303,8695,0.8,4.0,32.3,21.6,14.8,19.2,7.2,0.4046,91.134,18.07,26715,2.65,92.53,1.08,34.23,16.55,19.56,12.25,17.4,Republican,Republican
Bremer County,iowa,5958,8294,1.1,2.8,30.7,17.4,14.0,23.2,10.8,0.4116,76.763,22.18,24988,2.04,93.66,0.96,38.13,16.58,17.44,8.33,19.53,Republican,Republican
Buchanan County,iowa,4169,6420,2.8,3.6,35.6,23.0,13.9,14.9,6.2,0.404,86.635,13.95,20565,1.64,95.14,0.34,32.17,16.31,18.18,11.75,21.59,Republican,Republican
Buena Vista County,iowa,2961,5056,11.3,9.3,31.4,15.7,10.7,14.5,7.2,0.4165,85.747,13.89,20823,28.45,54.64,2.69,24.78,12.22,17.41,10.11,35.48,Republican,Republican
Butler County,iowa,2424,5542,1.4,5.1,37.1,21.7,15.5,15.2,4.2,0.4066,81.283,9.57,14334,1.28,95.93,0.18,34.03,15.55,17.59,12.43,20.41,Republican,Republican
Calhoun County,iowa,1470,3689,1.1,5.0,36.6,21.8,14.1,15.2,6.2,0.4499,84.083,6.7,9927,2.38,93.29,1.52,37.53,17.87,17.18,13.15,14.28,Republican,Republican
Carroll County,iowa,3454,7737,2.5,2.9,36.0,21.8,14.8,16.4,5.7,0.4197,84.303,14.05,20760,2.86,93.49,1.26,31.64,16.32,21.47,10.35,20.22,Republican,Republican
Cass County,iowa,2201,4969,1.9,6.9,37.3,23.0,10.0,15.2,5.7,0.4694,80.614,8.97,13127,2.33,93.83,0.21,34.03,15.61,22.48,10.8,17.07,Republican,Republican
Cedar County,iowa,4337,6161,1.6,2.8,40.1,20.2,14.4,15.2,5.7,0.3806,88.121,12.31,18505,2.5,93.67,0.43,30.89,16.62,22.07,14.49,15.93,Republican,Republican
Cerro Gordo County,iowa,10941,12442,2.1,4.1,34.4,20.2,15.2,16.4,7.5,0.4515,85.095,29.2,43127,5.2,87.69,1.97,31.3,19.04,20.95,7.3,21.42,Republican,Republican
Cherokee County,iowa,1936,4495,2.1,4.7,40.5,18.8,12.2,14.3,7.4,0.4244,81.329,7.76,11658,4.55,91.51,0.72,33.93,15.18,19.25,10.78,20.86,Republican,Republican
Chickasaw County,iowa,2233,4308,2.9,3.4,45.2,16.8,13.0,14.0,4.6,0.3917,85.021,9.15,12012,4.0,93.02,0.62,28.05,12.76,18.03,13.54,27.62,Republican,Republican
Clarke County,iowa,1466,3144,3.6,11.9,42.3,18.1,8.8,9.7,5.6,0.4501,78.632,8.72,9748,15.74,80.4,0.44,31.7,16.18,13.88,12.01,26.22,Republican,Republican
Clay County,iowa,2662,6137,0.6,3.9,32.1,24.3,13.1,18.3,7.7,0.4236,78.126,11.18,16384,4.3,91.71,0.6,34.12,14.3,24.35,10.42,16.82,Republican,Republican
Clayton County,iowa,3340,6106,3.4,5.9,43.0,19.7,10.8,12.8,4.4,0.4299,79.375,8.49,17043,2.01,94.53,0.93,28.35,16.51,19.16,14.83,21.15,Republican,Republican
Clinton County,iowa,10812,13361,1.6,6.4,37.2,21.1,12.1,15.0,6.6,0.4319,80.62,25.83,46460,3.31,88.73,3.0,31.94,14.16,21.25,10.32,22.33,Republican,Republican
Crawford County,iowa,2220,4854,9.5,8.0,34.9,21.7,9.8,12.6,3.5,0.4389,78.927,8.89,16525,29.72,64.3,2.32,21.1,18.61,19.13,12.16,29.0,Republican,Republican
Dallas County,iowa,26879,27987,1.6,2.1,18.6,16.9,9.2,34.8,16.8,0.4354,76.763,65.88,99678,6.54,81.97,2.67,53.89,11.27,19.11,5.92,9.81,Republican,Republican
Davis County,iowa,1013,3032,16.5,4.4,29.4,18.0,12.7,13.7,5.2,0.401,91.815,6.99,9110,1.58,95.88,0.09,37.01,10.88,18.7,14.07,19.33,Republican,Republican
Decatur County,iowa,1120,2615,4.4,6.5,37.2,18.6,8.4,14.4,10.5,0.4237,67.612,5.58,7645,2.76,91.69,1.27,36.39,17.51,18.17,14.23,13.71,Republican,Republican
Delaware County,iowa,3157,6666,2.3,5.6,42.6,17.2,13.8,13.6,4.9,0.4374,97.812,11.71,17488,1.4,95.53,0.7,31.43,15.91,17.37,12.88,22.41,Republican,Republican
Des Moines County,iowa,8893,10592,1.6,5.5,34.9,21.1,13.6,15.3,8.0,0.4749,80.551,36.02,38910,3.2,84.18,6.43,32.57,16.66,20.76,7.93,22.08,Republican,Republican
Dickinson County,iowa,3661,7438,1.6,1.9,28.6,21.6,13.6,24.6,8.1,0.4414,97.496,17.95,17703,2.29,94.39,0.43,33.53,15.44,24.02,9.94,17.07,Republican,Republican
Dubuque County,iowa,25657,27214,1.9,4.1,33.4,17.8,10.8,21.3,10.7,0.4432,95.084,62.72,99266,3.0,87.99,4.06,37.43,16.12,20.17,7.48,18.8,Republican,Republican
Emmet County,iowa,1520,3265,4.2,8.6,33.4,21.4,17.3,11.0,4.2,0.428,77.456,9.12,9388,9.45,86.64,0.95,27.82,17.92,17.37,9.92,26.98,Republican,Republican
Fayette County,iowa,3835,6145,2.6,4.6,42.1,21.2,12.4,12.4,4.8,0.4482,72.851,10.31,19509,2.67,92.54,1.03,30.56,15.3,18.86,14.02,21.26,Republican,Republican
Floyd County,iowa,3172,4732,3.6,3.2,40.8,20.0,14.1,13.1,5.1,0.4419,81.04,12.03,15627,3.52,88.99,2.66,35.97,15.82,16.0,12.81,19.4,Republican,Republican
Franklin County,iowa,1626,3422,3.6,4.0,38.9,22.7,12.2,15.2,3.4,0.4214,72.225,6.64,10019,16.31,80.19,0.32,27.9,16.24,20.25,13.5,22.11,Republican,Republican
Fremont County,iowa,1080,2711,1.4,3.7,35.9,24.4,15.4,16.1,3.0,0.432,88.553,5.01,6605,2.88,93.04,0.15,36.59,19.4,15.37,11.63,17.0,Republican,Republican
Greene County,iowa,1769,3223,1.9,5.0,35.1,23.4,15.0,14.4,5.3,0.4073,72.184,5.97,8771,2.92,93.35,0.25,35.15,15.0,16.53,10.19,23.13,Republican,Republican
Grundy County,iowa,2206,4929,1.2,3.0,33.4,20.5,15.8,19.6,6.6,0.3727,93.098,9.5,12329,1.18,95.64,0.35,39.43,13.83,17.1,12.18,17.47,Republican,Republican
Guthrie County,iowa,1985,4272,1.5,4.3,34.2,23.7,14.8,15.4,6.3,0.4266,92.867,6.94,10623,2.58,93.76,0.25,34.04,13.9,23.09,15.63,13.34,Republican,Republican
Hamilton County,iowa,2843,4956,3.4,4.0,34.4,20.4,15.4,17.7,4.9,0.4293,83.101,10.03,15039,9.74,84.46,0.59,31.85,12.67,24.35,13.74,17.39,Republican,Republican
Hancock County,iowa,1683,4390,1.4,7.2,36.1,20.7,14.3,16.4,3.8,0.4104,81.776,7.3,10795,5.69,90.9,0.7,34.04,14.49,15.15,13.41,22.9,Republican,Republican
Hardin County,iowa,2976,5850,2.1,4.5,34.9,23.5,14.1,15.0,5.8,0.4078,73.266,11.44,16878,4.85,90.6,0.85,31.86,15.64,19.73,15.66,17.12,Republican,Republican
Harrison County,iowa,2440,5569,1.8,5.1,37.8,24.6,10.1,15.0,5.6,0.4097,89.903,8.1,14582,2.01,94.76,0.19,36.62,14.15,20.97,13.45,14.81,Republican,Republican
Henry County,iowa,3275,6507,3.3,5.5,34.4,22.0,11.9,15.9,6.9,0.3963,76.704,18.17,20482,5.29,86.14,2.45,29.68,18.71,18.41,10.45,22.74,Republican,Republican
Howard County,iowa,1772,3127,4.6,3.4,41.1,18.7,13.0,15.4,3.8,0.4194,80.838,7.73,9469,2.72,93.89,0.24,27.51,11.18,20.03,16.71,24.57,Republican,Republican
Humboldt County,iowa,1442,3819,1.4,4.5,37.1,19.6,19.1,14.5,3.9,0.4353,81.193,8.54,9597,4.48,91.93,0.55,33.14,13.46,20.08,11.13,22.2,Republican,Republican
Ida County,iowa,917,2880,1.4,5.5,39.4,19.6,14.4,15.3,4.4,0.4329,82.137,6.24,7005,3.64,93.56,0.4,31.44,15.79,19.83,15.53,17.41,Republican,Republican
Iowa County,iowa,3547,6009,2.0,4.3,35.5,21.7,13.7,16.2,6.5,0.4503,97.019,10.91,16662,2.97,92.39,0.67,36.97,16.46,15.97,12.81,17.79,Republican,Republican
Jackson County,iowa,4029,6940,2.2,3.8,42.0,22.7,10.8,13.2,5.2,0.4173,82.447,11.82,19485,1.22,94.27,0.72,30.2,14.53,20.25,14.75,20.27,Republican,Republican
Jasper County,iowa,7737,12084,2.1,3.7,40.6,20.9,13.0,13.8,5.9,0.4237,87.626,19.99,37813,2.87,91.09,1.81,33.84,15.6,19.96,11.17,19.43,Republican,Republican
Jefferson County,iowa,4319,4443,2.8,3.9,23.8,18.9,11.1,22.6,16.9,0.5262,80.266,13.99,15663,3.89,85.71,2.61,40.75,16.77,15.33,10.02,17.14,Republican,Republican
Johnson County,iowa,59177,22925,1.9,2.0,15.6,17.6,8.8,29.5,24.7,0.4945,76.763,96.59,152854,6.67,74.9,8.27,50.21,16.3,17.75,5.41,10.32,Democrat,Republican
Jones County,iowa,4213,6572,1.5,4.3,38.6,19.0,14.2,15.5,7.0,0.395,83.469,13.91,20646,2.41,92.04,2.12,35.4,12.71,21.12,10.49,20.29,Republican,Republican
Keokuk County,iowa,1414,3797,2.0,4.5,44.2,20.3,12.6,11.7,4.7,0.444,78.499,6.68,10033,2.14,94.45,0.47,32.97,12.91,18.14,14.14,21.83,Republican,Republican
Kossuth County,iowa,2696,6275,1.7,4.6,34.6,23.5,15.8,14.5,5.4,0.406,77.186,5.84,14828,4.07,92.78,0.48,30.02,14.12,18.42,14.79,22.65,Republican,Republican
Lee County,iowa,6541,9773,1.5,4.4,37.9,21.6,14.3,14.6,5.8,0.4478,75.411,24.95,33555,3.31,89.07,2.67,33.66,18.23,18.4,10.07,19.65,Republican,Republican
Linn County,iowa,70874,53364,1.4,3.6,26.2,20.8,13.3,23.7,10.9,0.4456,99.589,123.48,230299,3.87,81.59,7.03,40.15,14.63,22.0,7.74,15.47,Democrat,Republican
Louisa County,iowa,1726,3500,4.9,9.1,39.1,20.7,11.9,11.4,3.0,0.4264,90.256,10.4,10837,15.95,78.3,0.67,27.49,15.89,16.45,15.17,25.0,Republican,Republican
Lucas County,iowa,1284,3287,3.6,4.1,44.1,23.5,9.9,10.7,4.2,0.4386,77.054,7.77,8634,2.29,94.44,0.21,27.09,14.18,21.27,12.42,25.04,Republican,Republican
Lyon County,iowa,1067,5707,3.0,2.3,41.6,18.1,15.6,15.2,4.2,0.3879,89.292,7.9,11934,3.41,93.64,0.32,37.59,13.58,20.44,10.68,17.71,Republican,Republican
Madison County,iowa,3134,6507,1.0,2.0,34.0,25.6,11.5,19.3,6.5,0.3697,98.671,11.43,16548,1.91,93.69,0.27,39.96,11.67,22.0,14.15,12.23,Republican,Republican
Mahaska County,iowa,2894,8297,2.4,4.4,38.3,20.7,11.8,16.7,5.7,0.4256,81.121,14.92,22190,2.16,91.3,1.73,35.05,15.29,16.37,11.57,21.73,Republican,Republican
Marion County,iowa,6178,12663,2.0,4.0,32.1,19.2,11.1,21.4,10.4,0.4294,94.589,23.32,33414,2.09,92.53,0.84,38.53,14.66,18.84,8.37,19.6,Republican,Republican
Marshall County,iowa,8176,9571,9.1,5.7,33.5,19.5,11.2,14.9,6.1,0.3947,82.035,27.01,40105,22.79,68.42,1.96,30.42,15.93,17.06,11.46,25.13,Republican,Republican
Mills County,iowa,2508,5585,1.2,3.7,29.0,23.4,12.2,21.0,9.5,0.4349,76.763,12.89,14484,3.18,92.03,0.53,43.13,14.77,18.46,9.39,14.25,Republican,Republican
Mitchell County,iowa,2053,3677,3.5,4.2,35.6,19.1,16.1,15.7,5.7,0.4128,82.619,8.67,10565,1.83,95.41,0.4,35.03,14.07,15.49,13.5,21.91,Republican,Republican
Monona County,iowa,1407,3248,1.8,5.1,39.7,26.6,11.0,11.2,4.5,0.3996,73.609,4.82,8751,2.7,92.0,0.32,32.85,17.22,20.21,14.88,14.84,Republican,Republican
Monroe County,iowa,1078,2975,2.6,4.4,39.7,18.8,11.8,18.5,4.2,0.3977,82.311,6.74,7577,1.54,94.92,0.24,37.71,11.57,19.45,11.99,19.28,Republican,Republican
Montgomery County,iowa,1583,3659,2.2,6.2,34.7,23.5,14.9,13.5,5.1,0.4739,83.161,9.36,10330,3.59,92.96,0.24,29.35,15.43,22.89,11.65,20.69,Republican,Republican
Muscatine County,iowa,9372,10823,3.6,6.3,35.0,20.1,11.8,16.4,6.9,0.4073,84.799,37.93,43235,17.97,75.48,2.51,30.69,16.28,15.72,8.95,28.36,Republican,Republican
O'Brien County,iowa,1569,5861,2.2,7.1,37.1,17.6,14.4,17.0,4.5,0.3961,77.922,9.53,14182,6.95,88.91,1.12,33.67,15.53,15.37,13.3,22.13,Republican,Republican
Osceola County,iowa,601,2690,6.6,7.2,38.1,20.0,13.9,9.9,4.3,0.4037,81.183,5.95,6192,9.74,86.26,0.45,30.24,12.29,15.65,17.26,24.56,Republican,Republican
Page County,iowa,2086,5319,2.0,5.2,40.8,22.2,12.2,12.2,5.5,0.4564,76.013,10.99,15211,3.05,89.97,2.4,31.79,14.78,17.97,8.27,27.18,Republican,Republican
Palo Alto County,iowa,1519,3370,2.2,4.8,30.2,28.6,14.0,14.6,5.6,0.421,80.71,6.12,8996,3.05,93.27,0.58,29.91,11.86,22.17,14.24,21.81,Republican,Republican
Plymouth County,iowa,3494,10492,2.8,2.9,36.0,19.8,14.4,17.9,6.2,0.4083,98.322,11.46,25698,5.82,89.27,1.38,34.55,15.13,17.75,11.93,20.64,Republican,Republican
Pocahontas County,iowa,933,2826,1.4,7.1,37.7,22.1,14.6,13.0,4.0,0.3999,76.294,4.72,7078,5.0,90.18,0.93,30.79,14.35,18.79,13.42,22.65,Republican,Republican
Polk County,iowa,146250,106800,3.6,3.8,24.7,18.8,10.3,26.5,12.4,0.4331,76.763,332.81,492401,9.76,73.57,7.11,44.03,14.89,21.29,7.3,12.49,Democrat,Republican
Pottawattamie County,iowa,18575,26247,2.9,6.5,33.6,22.3,11.3,16.1,7.3,0.43,85.937,37.97,93667,8.18,84.53,1.96,34.5,17.19,21.26,10.39,16.67,Republican,Republican
Poweshiek County,iowa,4306,5657,2.4,2.8,39.0,17.6,9.4,16.3,12.6,0.4801,87.55,12.28,18662,2.83,91.12,1.71,36.55,15.14,19.14,11.06,18.1,Republican,Republican
Ringgold County,iowa,709,1968,1.9,4.1,37.5,22.4,11.5,15.8,6.8,0.424,85.147,3.38,4663,1.52,95.37,0.04,41.61,13.71,15.55,14.94,14.19,Republican,Republican
Sac County,iowa,1389,4061,2.7,3.7,34.4,23.4,14.2,16.1,5.6,0.4398,88.446,6.57,9814,3.61,93.35,0.47,33.93,13.48,20.0,12.31,20.28,Republican,Republican
Scott County,iowa,46926,43683,2.0,4.1,26.6,21.1,11.4,22.3,12.6,0.4606,98.29,146.92,174669,6.92,77.05,7.84,41.11,15.03,19.68,8.6,15.57,Democrat,Republican
Shelby County,iowa,1959,4697,1.7,4.0,34.7,22.0,14.7,16.3,6.5,0.4503,91.452,7.67,11746,3.51,92.71,0.45,38.8,10.78,20.62,10.21,19.58,Republican,Republican
Sioux County,iowa,3019,15680,4.5,3.9,28.8,17.6,13.9,22.3,8.9,0.4063,98.083,18.01,35872,13.7,83.4,0.51,37.38,14.12,19.7,12.65,16.14,Republican,Republican
Story County,iowa,29175,20340,0.8,2.1,16.2,17.3,11.0,30.1,22.4,0.4779,89.244,66.47,98537,5.11,81.13,3.02,46.39,17.96,18.58,6.67,10.41,Democrat,Republican
Tama County,iowa,3577,5303,3.5,5.5,41.6,18.8,12.3,12.8,5.5,0.4298,81.745,9.11,17135,10.53,77.53,0.73,28.03,16.88,20.23,12.71,22.14,Republican,Republican
Taylor County,iowa,746,2463,3.8,5.2,41.3,22.0,12.2,11.8,3.7,0.4101,79.167,4.29,5896,6.77,89.96,0.02,31.01,16.81,13.72,15.25,23.21,Republican,Republican
Union County,iowa,2061,4010,1.5,5.7,34.5,25.0,9.2,17.3,6.8,0.4209,72.41,11.03,12138,3.29,92.46,0.94,30.23,16.54,19.74,11.24,22.25,Republican,Republican
Van Buren County,iowa,875,2859,8.5,3.1,38.7,21.2,10.1,12.6,5.9,0.4639,79.818,5.74,7203,1.58,95.49,0.36,30.03,11.96,17.42,17.55,23.04,Republican,Republican
Wapello County,iowa,5821,9516,4.8,7.3,38.0,19.5,12.0,11.6,6.9,0.4312,72.293,31.55,35437,12.22,77.02,4.07,27.68,15.04,19.23,9.95,28.11,Republican,Republican
Warren County,iowa,12574,17782,0.9,2.6,30.0,21.1,13.2,22.3,9.8,0.3973,76.763,35.72,52403,3.16,91.4,0.86,39.39,14.23,21.27,11.92,13.18,Republican,Republican
Washington County,iowa,4561,6971,3.4,4.3,36.3,21.7,10.0,16.2,8.2,0.3939,87.585,15.3,22565,7.14,88.45,0.78,34.53,18.14,18.08,14.51,14.75,Republican,Republican
Wayne County,iowa,727,2338,6.7,3.8,41.5,20.4,12.6,11.2,3.8,0.4598,80.36,4.76,6497,0.94,95.86,0.15,29.77,13.01,14.94,17.7,24.59,Republican,Republican
Webster County,iowa,6613,10938,1.9,6.3,33.7,24.3,13.1,15.4,5.3,0.438,79.761,19.95,36999,5.58,84.79,4.79,30.07,18.31,20.31,12.93,18.37,Republican,Republican
Winnebago County,iowa,2135,3707,1.7,3.8,31.8,19.7,17.1,19.6,6.2,0.4392,81.985,10.32,10679,5.56,88.7,1.91,32.92,13.87,19.85,10.63,22.73,Republican,Republican
Winneshiek County,iowa,5617,6235,2.2,2.6,33.0,16.8,14.8,19.6,11.0,0.4404,90.134,11.22,20070,2.91,93.2,0.59,37.64,18.29,15.88,11.97,16.21,Republican,Republican
Woodbury County,iowa,18704,25736,6.1,6.3,32.7,20.0,11.0,15.8,8.1,0.4291,85.37,46.68,105941,17.69,68.19,4.79,31.66,16.4,19.26,10.25,22.44,Republican,Republican
Worth County,iowa,1596,2738,1.2,4.5,35.6,22.4,16.8,13.7,5.8,0.4028,85.65,7.16,7443,2.83,93.32,0.81,33.43,14.85,17.13,10.99,23.61,Republican,Republican
Wright County,iowa,1996,4136,2.1,5.2,35.3,25.2,11.2,16.7,4.3,0.4324,77.774,8.58,12943,18.5,78.09,0.56,35.84,14.49,15.94,13.89,19.84,Republican,Republican
Allen County,kansas,1559,4155,1.8,5.5,34.8,27.2,11.0,12.3,7.3,0.3881,65.234,9.69,12526,4.01,87.75,1.38,30.45,15.95,18.49,13.11,22.0,Republican,Republican
Anderson County,kansas,765,2874,8.8,4.7,40.5,21.5,9.2,9.0,6.2,0.4187,74.368,5.19,7836,1.98,92.64,0.33,32.19,19.32,13.38,21.97,13.15,Republican,Republican
Atchison County,kansas,2314,4826,2.3,4.0,41.9,22.3,7.4,13.3,8.9,0.4292,71.685,14.6,16348,3.57,85.18,4.8,34.89,21.11,20.46,9.98,13.56,Republican,Republican
Barber County,kansas,284,1992,1.4,7.1,33.7,23.3,10.9,17.9,5.7,0.4471,74.541,1.39,4228,3.83,90.21,0.17,37.19,15.96,14.1,16.74,16.01,Republican,Republican
Barton County,kansas,2302,8480,2.7,7.6,30.4,27.0,10.6,15.3,6.4,0.4307,72.632,10.99,25493,16.19,78.1,1.15,32.06,18.84,20.47,11.36,17.28,Republican,Republican
Bourbon County,kansas,1505,4910,3.0,7.3,30.3,24.7,11.0,15.6,8.1,0.4227,72.191,8.75,14360,2.69,86.71,3.16,29.46,14.49,19.58,9.83,26.63,Republican,Republican
Brown County,kansas,1088,3206,1.3,5.2,38.9,23.8,10.8,15.0,5.1,0.4191,72.853,6.42,9508,3.7,80.81,1.02,33.67,17.91,20.37,9.54,18.51,Republican,Republican
Butler County,kansas,9003,22250,1.6,4.2,27.6,24.0,10.5,20.8,11.2,0.4043,94.378,18.26,67380,5.31,84.37,2.07,41.27,15.27,20.37,9.75,13.34,Republican,Republican
Chase County,kansas,341,1114,1.8,4.9,36.0,21.8,9.0,20.6,5.9,0.4734,76.004,1.28,2572,8.63,86.63,0.7,30.87,14.24,19.47,12.44,22.98,Republican,Republican
Chautauqua County,kansas,212,1397,3.6,7.6,35.7,26.5,10.4,11.5,4.7,0.4404,67.791,2.05,3379,4.08,83.52,0.68,33.96,23.09,11.62,15.77,15.55,Republican,Republican
Cherokee County,kansas,2163,6622,2.7,7.3,32.4,28.5,9.2,13.0,6.7,0.4114,64.116,12.74,19362,2.65,83.88,0.41,27.59,18.98,19.56,11.96,21.91,Republican,Republican
Cheyenne County,kansas,220,1158,3.0,7.8,31.8,26.2,9.0,17.4,4.8,0.4536,71.667,0.99,2616,9.1,84.98,0.23,39.8,18.15,17.99,12.38,11.68,Republican,Republican
Clark County,kansas,143,885,1.9,3.9,27.2,27.7,13.2,21.2,4.9,0.3879,70.781,0.78,1991,10.2,83.78,0.05,37.32,15.96,17.55,13.95,15.22,Republican,Republican
Clay County,kansas,883,3129,2.6,3.2,34.8,25.0,8.1,17.7,8.6,0.4165,71.763,4.84,8117,2.69,92.23,0.62,38.35,14.39,16.21,12.92,18.13,Republican,Republican
Cloud County,kansas,893,3182,2.3,1.9,30.8,27.0,15.6,14.4,8.0,0.4229,66.846,4.86,9032,3.53,91.18,1.36,36.98,16.94,17.81,14.65,13.62,Republican,Republican
Coffey County,kansas,928,3407,2.4,3.8,32.5,28.7,10.4,15.4,6.8,0.3938,84.009,5.13,8360,2.64,91.75,0.54,34.13,18.15,18.38,12.75,16.59,Republican,Republican
Comanche County,kansas,126,745,1.7,1.8,31.4,34.6,9.4,17.0,4.1,0.4032,66.123,0.89,1689,5.8,89.99,0.59,39.07,13.55,18.91,15.49,12.98,Republican,Republican
Cowley County,kansas,4171,9442,2.2,6.1,29.4,25.8,12.0,15.8,8.7,0.4581,74.917,11.89,34549,11.49,75.91,2.5,32.46,19.62,16.89,11.65,19.38,Republican,Republican
Crawford County,kansas,6179,10045,2.1,3.6,29.2,24.9,9.4,19.6,11.3,0.4656,67.083,25.54,38972,6.97,81.95,2.31,34.07,18.55,19.84,9.49,18.05,Republican,Republican
Decatur County,kansas,208,1232,1.6,4.8,32.8,25.5,10.5,21.1,3.7,0.4254,67.705,1.2,2764,2.75,92.8,0.33,34.71,18.35,19.65,14.53,12.77,Republican,Republican
Dickinson County,kansas,2040,7045,2.0,4.4,31.7,27.4,11.0,16.8,6.7,0.4286,81.081,8.43,18402,4.92,89.4,0.57,36.63,15.74,18.25,12.82,16.56,Republican,Republican
Doniphan County,kansas,678,2949,2.9,6.0,33.6,29.6,9.1,11.0,7.8,0.4228,77.632,7.36,7510,2.72,88.07,3.54,33.27,19.13,15.69,11.74,20.16,Republican,Republican
Douglas County,kansas,39436,16737,1.5,2.4,19.3,18.3,6.2,29.0,23.3,0.4593,89.488,100.89,118785,6.98,76.0,4.3,46.41,17.58,19.24,6.23,10.54,Democrat,Republican
Edwards County,kansas,267,1127,5.5,7.0,35.1,25.2,9.4,13.5,4.3,0.4206,70.588,1.77,2907,21.43,74.2,0.48,31.86,16.04,17.44,17.14,17.51,Republican,Republican
Elk County,kansas,191,1130,3.9,9.1,36.3,26.5,5.9,12.6,5.6,0.4405,66.254,1.47,2483,4.07,89.17,0.04,38.43,17.91,18.43,13.82,11.41,Republican,Republican
Ellis County,kansas,3633,9569,1.4,3.3,27.9,19.8,9.0,24.0,14.7,0.4976,88.751,12.41,28934,6.97,86.78,1.1,39.92,19.67,20.99,8.99,10.43,Republican,Republican
Ellsworth County,kansas,646,2106,1.4,6.3,34.9,28.4,8.3,14.0,6.9,0.4007,75.676,3.44,6376,5.72,85.56,3.98,36.73,23.35,13.57,12.51,13.84,Republican,Republican
Finney County,kansas,4155,7079,17.1,10.8,24.2,21.6,7.9,12.3,6.2,0.4028,85.317,11.32,38470,51.68,37.73,3.54,27.6,14.28,18.22,13.03,26.87,Republican,Republican
Ford County,kansas,2926,5763,13.5,9.3,25.4,21.1,10.9,12.6,7.2,0.3966,81.063,12.03,34287,57.36,36.33,2.58,24.72,17.1,15.77,14.3,28.11,Republican,Republican
Franklin County,kansas,3623,8326,3.1,4.9,36.3,23.1,8.7,14.7,9.3,0.3897,81.761,17.54,25996,4.41,87.78,1.17,30.51,15.31,20.77,12.71,20.7,Republican,Republican
Geary County,kansas,3825,5193,2.7,3.6,26.3,29.9,13.7,14.5,9.4,0.3949,68.466,36.38,36739,15.72,54.32,16.5,31.15,19.62,19.06,15.04,15.13,Republican,Republican
Gove County,kansas,163,1256,2.2,4.0,39.4,22.4,12.4,15.2,4.5,0.4192,76.425,0.99,2718,3.05,91.46,0.11,41.09,15.57,14.96,15.34,13.03,Republican,Republican
Graham County,kansas,222,1052,2.6,3.5,33.7,23.7,12.1,18.1,6.2,0.3795,60.647,1.04,2415,2.57,90.23,2.28,31.34,16.14,22.2,16.05,14.26,Republican,Republican
Grant County,kansas,497,1910,19.2,1.6,26.9,23.8,8.2,13.1,7.2,0.3886,76.763,4.93,7352,52.53,43.68,0.14,22.85,16.35,20.39,26.56,13.86,Republican,Republican
Gray County,kansas,337,1871,19.1,5.5,23.9,20.5,9.1,17.8,4.1,0.4026,93.977,2.54,5653,14.84,81.89,0.34,33.13,15.46,20.09,16.58,14.74,Republican,Republican
Greeley County,kansas,77,537,8.9,2.1,25.1,19.0,16.0,17.5,11.3,0.3839,85.945,0.63,1284,15.5,80.69,0.0,39.1,12.94,22.22,15.33,10.41,Republican,Republican
Greenwood County,kansas,562,2404,2.8,5.6,36.9,29.9,8.8,10.4,5.5,0.4928,77.264,2.03,6016,3.39,89.86,0.47,27.08,21.12,18.63,16.03,17.15,Republican,Republican
Hamilton County,kansas,134,684,6.5,7.9,39.8,19.1,7.5,14.9,4.4,0.3883,72.397,0.98,2518,43.05,54.05,0.4,24.17,21.36,15.15,33.02,6.3,Republican,Republican
Harper County,kansas,453,2128,4.1,6.2,37.9,27.7,6.7,11.4,6.0,0.4387,67.153,2.63,5485,7.75,85.94,0.29,30.38,15.97,17.77,17.54,18.33,Republican,Republican
Harvey County,kansas,6652,10015,3.7,4.5,25.3,25.1,10.7,20.8,9.8,0.3938,84.841,24.29,34024,11.92,80.38,1.75,36.89,16.59,17.67,9.87,18.99,Republican,Republican
Haskell County,kansas,261,1103,18.3,6.6,25.6,25.6,8.2,9.7,6.0,0.4026,89.104,2.5,3780,29.6,68.2,0.24,31.86,16.01,11.76,22.31,18.06,Republican,Republican
Hodgeman County,kansas,151,866,3.6,3.8,28.0,23.3,10.8,23.3,7.2,0.3674,79.682,0.79,1723,5.57,89.73,0.81,46.03,14.37,12.62,17.41,9.58,Republican,Republican
Jackson County,kansas,1852,4435,2.1,4.1,38.0,27.0,7.9,13.3,7.6,0.3719,81.146,7.81,13232,4.76,79.61,0.72,31.82,17.42,15.55,18.48,16.73,Republican,Republican
Jefferson County,kansas,3106,6193,1.8,2.5,37.9,25.0,8.3,15.3,9.2,0.4053,93.904,13.33,18368,3.09,90.1,0.54,37.49,14.14,17.35,19.05,11.98,Republican,Republican
Jewell County,kansas,211,1369,1.2,6.4,37.5,26.2,10.3,12.7,5.8,0.4971,71.54,1.24,2932,2.11,93.55,0.14,39.65,14.97,19.56,10.24,15.58,Republican,Republican
Johnson County,kansas,184259,155631,1.5,2.0,14.0,18.4,7.4,34.3,22.4,0.4459,76.763,497.89,609863,8.92,75.49,4.61,54.35,11.87,21.11,4.45,8.22,Democrat,Republican
Kearny County,kansas,255,1134,10.0,9.7,36.3,19.2,8.3,10.4,6.2,0.3793,83.545,1.76,3983,35.05,59.7,0.85,32.7,13.14,16.26,22.75,15.14,Republican,Republican
Kingman County,kansas,745,3102,2.1,7.0,30.8,27.4,8.3,17.7,6.6,0.4103,79.373,3.3,7470,3.59,91.42,0.37,36.75,16.58,16.27,11.58,18.81,Republican,Republican
Kiowa County,kansas,153,957,3.4,7.7,29.4,22.3,11.9,20.0,5.3,0.4348,89.071,1.31,2460,3.54,87.72,1.75,34.64,22.69,19.01,12.83,10.83,Republican,Republican
Labette County,kansas,2607,5639,3.8,5.8,30.3,24.8,12.8,14.5,8.0,0.4345,71.778,12.02,20184,4.65,79.65,4.15,38.59,15.7,15.19,10.94,19.57,Republican,Republican
Lane County,kansas,114,757,0.1,4.1,25.3,39.9,10.7,10.0,9.9,0.4529,75.972,0.82,1574,9.09,87.36,0.0,40.12,17.38,15.75,16.88,9.88,Republican,Republican
Leavenworth County,kansas,13753,21378,2.4,4.3,28.3,21.4,8.2,20.8,14.7,0.4164,76.763,68.36,81881,6.84,76.33,8.13,42.29,15.91,20.36,7.95,13.48,Republican,Republican
Lincoln County,kansas,266,1273,2.6,2.8,25.4,33.0,12.5,13.8,9.9,0.4382,70.397,1.57,2939,4.42,91.56,0.2,35.05,17.56,21.05,10.52,15.82,Republican,Republican
Linn County,kansas,863,3940,1.7,4.8,37.3,26.7,7.5,14.7,7.3,0.4647,79.456,6.3,9591,2.48,91.57,0.65,29.29,16.57,20.9,18.35,14.9,Republican,Republican
Logan County,kansas,185,1231,4.9,2.7,28.8,21.5,15.4,20.2,6.5,0.4482,91.613,0.99,2762,7.06,88.96,0.14,38.61,16.86,19.51,12.61,12.4,Republican,Republican
Lyon County,kansas,5878,7381,6.7,5.5,32.2,21.9,7.0,15.4,11.3,0.434,71.99,14.66,32179,22.55,69.05,1.86,31.21,19.4,17.74,8.18,23.47,Republican,Republican
Marion County,kansas,1463,4377,3.1,4.8,32.2,22.5,9.7,18.8,8.9,0.4387,80.818,4.85,11823,3.74,90.92,1.0,37.38,15.03,17.89,12.65,17.04,Republican,Republican
Marshall County,kansas,1239,3662,3.1,4.7,38.8,21.1,11.5,13.5,7.3,0.4426,81.259,4.3,10038,2.26,93.74,0.39,35.12,12.34,20.4,9.84,22.3,Republican,Republican
McPherson County,kansas,3977,9562,4.3,3.0,25.1,24.8,11.4,21.2,10.2,0.3944,82.937,12.93,30223,5.27,87.74,1.57,38.16,17.13,17.51,8.84,18.36,Republican,Republican
Meade County,kansas,261,1508,6.5,7.2,25.0,23.4,13.9,16.0,8.0,0.5205,76.763,1.59,4055,19.65,75.29,0.91,45.16,15.38,14.99,14.39,10.07,Republican,Republican
Miami County,kansas,5133,12116,1.5,2.9,31.6,24.5,8.9,20.1,10.4,0.4017,76.763,23.0,34191,3.5,89.12,1.26,35.71,18.12,22.64,11.73,11.8,Republican,Republican
Mitchell County,kansas,547,2454,1.1,3.6,23.6,29.6,13.3,19.1,9.7,0.4206,76.546,3.21,5796,2.71,93.79,0.33,41.63,17.19,17.82,10.43,12.94,Republican,Republican
Montgomery County,kansas,3147,9768,2.6,7.4,33.8,24.6,11.5,13.2,6.9,0.431,66.032,18.87,31486,7.67,74.86,4.87,31.33,18.03,20.73,11.57,18.33,Republican,Republican
Morris County,kansas,721,2085,2.1,5.4,35.2,20.7,8.7,19.5,8.4,0.451,72.38,2.99,5386,4.21,90.92,0.3,37.5,14.18,17.11,12.39,18.83,Republican,Republican
Morton County,kansas,147,1004,8.6,3.6,36.1,22.3,11.9,13.2,4.3,0.3939,72.181,1.42,2701,21.88,71.83,0.63,36.61,14.75,11.19,19.24,18.22,Republican,Republican
Nemaha County,kansas,920,4612,3.4,3.5,36.2,16.4,12.3,18.8,9.5,0.4504,94.845,5.5,10273,2.59,93.66,0.62,38.39,15.12,16.73,8.78,20.98,Republican,Republican
Neosho County,kansas,1727,4795,2.6,6.4,29.7,27.1,13.1,14.4,6.7,0.4421,71.079,10.69,15904,5.72,86.56,0.82,35.91,15.29,20.66,11.56,16.58,Republican,Republican
Ness County,kansas,147,1315,3.1,5.5,34.9,23.7,11.9,17.9,3.0,0.4416,89.559,0.96,2687,11.35,85.78,0.07,33.43,16.89,16.68,18.23,14.78,Republican,Republican
Norton County,kansas,361,1977,2.0,7.2,31.2,28.4,10.4,14.8,6.0,0.4582,72.782,2.39,5459,5.7,85.91,3.65,28.4,22.48,25.76,12.4,10.96,Republican,Republican
Osage County,kansas,2099,5591,2.0,5.8,40.8,22.5,8.8,13.4,6.6,0.3839,76.953,8.64,15766,2.9,92.0,0.21,32.66,16.34,17.58,14.29,19.13,Republican,Republican
Osborne County,kansas,275,1590,2.3,2.2,31.8,25.0,15.4,17.5,5.7,0.4363,73.819,1.51,3500,1.89,93.86,0.03,41.24,16.2,18.93,11.78,11.84,Republican,Republican
Ottawa County,kansas,504,2581,1.1,4.1,30.4,30.2,10.4,17.2,6.5,0.3923,85.895,3.09,5735,2.51,91.86,0.52,37.61,12.89,20.9,10.18,18.43,Republican,Republican
Pawnee County,kansas,635,2028,2.4,7.9,33.7,28.7,9.0,12.6,5.8,0.4342,75.01,3.22,6253,8.35,82.42,3.93,31.85,27.08,14.53,11.42,15.11,Republican,Republican
Phillips County,kansas,318,2388,3.1,5.8,34.3,24.3,12.3,14.0,6.1,0.4433,74.849,2.16,4981,2.85,92.75,0.38,40.78,16.47,13.53,14.4,14.83,Republican,Republican
Pottawatomie County,kansas,3257,9247,0.6,3.4,27.0,20.1,11.1,24.2,13.6,0.3858,97.13,11.7,25348,5.64,87.05,1.07,47.05,13.55,16.18,9.37,13.86,Republican,Republican
Pratt County,kansas,924,3087,2.5,5.6,28.7,25.5,9.8,17.7,10.2,0.4353,79.91,4.82,9157,8.09,85.97,1.16,38.64,17.02,20.13,10.44,13.78,Republican,Republican
Rawlins County,kansas,214,1253,2.2,3.2,30.3,31.2,15.7,13.4,4.0,0.4135,71.305,0.92,2561,6.21,87.54,0.7,36.46,14.58,18.82,16.59,13.54,Republican,Republican
Reno County,kansas,8602,17948,2.1,6.2,31.1,28.0,12.2,13.4,7.1,0.4366,74.762,19.03,61898,9.85,81.29,2.82,30.65,17.39,22.33,9.72,19.92,Republican,Republican
Republic County,kansas,420,2172,1.6,3.0,32.1,21.7,15.1,16.7,9.7,0.4172,70.275,2.52,4674,1.95,94.18,0.32,40.38,10.44,22.05,11.84,15.29,Republican,Republican
Rice County,kansas,953,3187,2.2,5.8,29.5,29.5,9.3,15.8,7.9,0.4203,74.985,5.02,9427,13.68,79.77,1.38,32.27,16.29,18.71,10.98,21.74,Republican,Republican
Riley County,kansas,11940,11174,1.7,2.5,16.4,23.2,8.4,26.0,21.9,0.4844,79.585,45.66,71959,10.38,72.0,6.61,43.55,20.07,20.51,7.04,8.83,Democrat,Republican
Rooks County,kansas,332,2294,1.4,6.0,31.9,23.0,15.0,16.6,6.0,0.3685,77.922,2.14,4919,2.36,92.66,0.57,36.87,19.49,17.09,16.93,9.62,Republican,Republican
Rush County,kansas,291,1425,2.0,7.1,32.1,29.4,9.9,14.9,4.7,0.4829,74.989,1.58,2956,4.47,92.86,0.2,32.05,16.33,18.69,15.11,17.81,Republican,Republican
Russell County,kansas,591,2765,1.9,4.7,30.6,29.3,13.4,15.4,4.7,0.4734,68.506,2.92,6691,3.53,90.26,0.9,32.99,19.86,23.28,6.1,17.77,Republican,Republican
Saline County,kansas,8022,15313,1.4,4.9,29.6,26.0,9.9,18.1,10.1,0.4369,76.189,29.03,54303,12.23,76.43,3.19,33.04,19.02,21.82,8.45,17.66,Republican,Republican
Scott County,kansas,290,1991,7.1,7.9,29.5,28.7,6.7,12.7,7.2,0.4034,71.235,2.76,5151,19.94,75.62,0.25,29.42,21.51,19.65,15.35,14.07,Republican,Republican
Sedgwick County,kansas,90820,117653,4.4,6.1,25.8,23.4,8.6,20.2,11.6,0.4614,88.589,202.42,523824,15.77,64.2,8.61,37.64,16.25,20.38,10.05,15.68,Republican,Republican
Seward County,kansas,1736,3285,18.6,11.6,30.1,20.7,7.7,8.3,3.0,0.3949,72.107,13.24,21964,65.59,26.99,2.78,22.26,14.26,16.27,18.38,28.82,Republican,Republican
Shawnee County,kansas,43015,40443,2.6,4.5,30.1,23.2,7.9,20.4,11.4,0.4508,84.874,126.77,178909,13.34,70.36,7.56,39.31,16.99,20.73,9.06,13.92,Democrat,Republican
Sheridan County,kansas,144,1237,1.6,2.1,34.6,22.7,14.6,17.7,6.6,0.4939,95.576,1.06,2447,5.93,90.4,0.0,40.67,16.17,17.26,15.22,10.68,Republican,Republican
Sherman County,kansas,386,2222,3.9,6.4,28.7,23.3,11.6,20.2,5.9,0.5011,89.437,2.17,5927,13.04,80.95,1.74,38.58,11.56,21.26,13.1,15.49,Republican,Republican
Smith County,kansas,328,1734,1.9,2.7,39.3,21.8,11.3,17.1,6.0,0.4405,74.345,1.54,3570,1.88,94.4,0.34,39.31,14.18,20.69,12.1,13.72,Republican,Republican
Stafford County,kansas,355,1631,2.2,4.6,29.5,23.6,14.0,19.2,6.9,0.4405,82.699,1.98,4072,12.35,82.61,0.34,35.51,16.34,20.4,13.7,14.05,Republican,Republican
Stanton County,kansas,147,607,12.9,7.1,37.6,15.5,9.5,12.9,4.5,0.4437,87.817,1.17,2084,43.62,51.54,0.34,29.28,12.68,17.3,30.38,10.36,Republican,Republican
Stevens County,kansas,233,1731,9.8,15.8,25.7,27.6,8.5,10.3,2.2,0.3483,76.991,2.8,5250,38.48,57.28,0.38,20.87,10.83,22.37,26.06,19.88,Republican,Republican
Sumner County,kansas,2551,7998,1.7,4.8,36.2,24.3,9.0,15.7,8.2,0.4077,75.973,7.36,22382,5.6,86.44,0.89,31.46,17.24,21.35,10.92,19.03,Republican,Republican
Thomas County,kansas,622,3106,1.9,3.7,23.2,31.1,13.8,16.6,9.9,0.4644,95.662,2.84,7930,7.97,87.14,1.34,35.4,16.28,26.61,10.57,11.13,Republican,Republican
Trego County,kansas,238,1341,0.2,5.2,31.0,20.6,17.9,18.7,6.3,0.423,90.516,1.21,2808,2.28,93.55,0.14,26.48,14.73,20.85,21.85,16.09,Republican,Republican
Wabaunsee County,kansas,956,2813,1.0,2.4,38.2,22.8,10.5,17.1,8.1,0.3928,87.718,3.36,6877,4.61,89.94,0.45,36.64,13.35,17.83,17.2,14.98,Republican,Republican
Wallace County,kansas,44,762,4.0,3.4,28.9,22.4,15.4,21.0,4.9,0.4079,72.338,0.63,1512,5.29,88.89,0.2,43.28,16.67,15.69,12.61,11.76,Republican,Republican
Washington County,kansas,467,2332,2.7,3.8,40.0,19.9,11.2,15.2,7.3,0.4135,74.689,2.39,5530,4.97,91.93,0.24,38.35,15.62,16.65,11.88,17.5,Republican,Republican
Wichita County,kansas,147,803,3.8,8.1,29.4,27.1,10.3,16.7,4.7,0.455,94.598,1.15,2152,29.55,65.61,0.05,46.87,8.29,15.94,14.56,14.35,Republican,Republican
Wilson County,kansas,711,3111,2.9,5.8,37.4,22.8,11.6,14.6,4.9,0.4788,75.208,5.87,8624,3.03,89.04,0.24,37.95,13.17,17.36,10.71,20.82,Republican,Republican
Woodson County,kansas,283,1189,1.1,6.9,38.0,23.5,9.4,15.3,5.8,0.4322,68.094,2.43,3115,2.28,91.94,0.26,33.68,18.12,15.41,14.96,17.82,Republican,Republican
Wyandotte County,kansas,35566,18512,9.6,9.1,32.0,20.9,8.5,12.9,7.1,0.4272,72.423,427.74,169245,32.98,37.27,20.06,27.12,18.35,18.76,12.55,23.22,Democrat,Republican
Adair County,kentucky,1392,7276,6.6,7.3,39.8,16.5,11.1,9.0,9.7,0.464,65.724,17.99,18903,3.4,90.17,2.63,33.1,14.15,19.07,10.63,23.05,Republican,Republican
Allen County,kentucky,1642,7587,6.9,6.6,39.9,19.0,9.4,11.0,7.3,0.4433,70.978,23.33,20588,2.79,92.22,0.99,31.63,15.48,18.74,10.49,23.66,Republican,Republican
Anderson County,kentucky,3348,9661,3.8,5.1,35.1,21.7,9.0,16.5,8.8,0.4107,85.85,45.51,23852,2.18,90.78,2.02,37.65,13.02,19.79,9.4,20.14,Republican,Republican
Ballard County,kentucky,825,3356,2.7,5.2,40.6,19.2,15.0,11.7,5.6,0.4581,77.04,12.1,7728,1.2,91.54,2.69,33.96,14.16,22.35,14.84,14.69,Republican,Republican
Barren County,kentucky,5127,14654,6.7,8.6,42.0,17.3,8.0,10.6,6.8,0.4696,67.977,35.26,44485,4.25,87.23,3.81,31.19,15.97,19.19,10.6,23.04,Republican,Republican
Bath County,kentucky,1573,3986,9.8,8.8,44.2,16.2,6.8,8.1,6.3,0.5191,75.187,17.69,12750,1.43,95.1,1.0,24.04,17.81,20.22,7.63,30.3,Republican,Republican
Bell County,kentucky,1789,8140,9.2,12.6,40.3,17.7,8.5,7.2,4.5,0.4755,46.786,26.08,24097,1.01,92.59,2.29,28.29,20.98,20.7,7.8,22.23,Republican,Republican
Boone County,kentucky,20901,44814,2.3,3.8,29.1,20.8,9.3,21.7,12.9,0.3906,76.763,213.46,135968,5.67,82.82,4.13,39.03,13.47,21.12,8.39,17.99,Republican,Republican
Bourbon County,kentucky,3296,6190,6.5,8.2,34.4,20.9,6.7,12.8,10.4,0.452,74.117,26.95,20252,7.34,82.81,5.1,37.32,17.81,19.89,10.63,14.35,Republican,Republican
Boyd County,kentucky,7083,14295,2.8,8.5,32.0,23.3,12.6,11.3,9.5,0.4632,76.156,116.51,48261,1.48,91.24,2.71,38.41,15.47,23.0,8.96,14.16,Republican,Republican
Boyle County,kentucky,5298,8872,2.8,6.8,35.2,20.8,7.7,15.1,11.6,0.4723,76.729,65.54,30614,4.87,81.9,7.04,34.96,13.41,20.98,8.7,21.95,Republican,Republican
Bracken County,kentucky,800,3398,4.2,7.8,43.5,17.4,9.5,11.1,6.4,0.4308,78.058,16.04,8400,1.07,94.81,0.57,31.11,12.52,17.24,11.39,27.74,Republican,Republican
Breathitt County,kentucky,1301,4265,7.5,13.0,40.1,16.2,6.1,8.2,8.8,0.4553,50.811,10.65,13718,0.68,95.04,0.42,37.21,16.74,16.78,11.66,17.61,Republican,Republican
Breckinridge County,kentucky,2350,7701,4.5,10.4,42.1,20.6,8.1,8.2,6.1,0.4622,69.871,13.91,20432,1.39,91.73,2.07,25.11,12.93,21.17,11.18,29.62,Republican,Republican
Bullitt County,kentucky,10552,30708,3.0,7.7,40.8,21.5,9.6,11.3,6.2,0.3947,88.496,107.2,82217,2.57,90.96,1.25,30.61,12.34,23.16,10.37,23.52,Republican,Republican
Butler County,kentucky,1079,4960,8.6,10.7,46.0,17.0,6.5,5.4,5.9,0.4309,59.302,11.2,12371,4.79,91.91,0.12,28.5,13.03,20.74,16.26,21.46,Republican,Republican
Caldwell County,kentucky,1433,4906,2.4,9.9,42.6,19.7,9.3,9.0,7.2,0.472,71.682,14.15,12649,1.57,88.47,5.17,28.98,20.45,13.56,11.7,25.3,Republican,Republican
Calloway County,kentucky,5797,11352,3.4,6.3,31.9,19.7,7.2,17.7,13.9,0.479,68.254,37.47,37103,3.65,86.88,3.48,33.77,19.7,21.37,8.07,17.1,Republican,Republican
Campbell County,kentucky,19374,28482,2.1,4.6,26.5,19.1,8.4,24.4,14.9,0.4896,76.763,237.6,93076,2.48,88.9,3.0,47.29,13.45,20.35,7.28,11.62,Republican,Republican
Carlisle County,kentucky,463,2159,5.0,8.0,44.7,19.9,8.9,8.6,4.7,0.5083,77.657,9.75,4826,2.76,92.06,1.22,26.53,17.5,22.12,12.27,21.57,Republican,Republican
Carroll County,kentucky,1116,2954,5.9,11.4,43.3,25.2,8.5,3.0,2.8,0.4584,70.237,32.53,10810,7.35,86.97,1.56,15.44,21.48,21.4,13.86,27.81,Republican,Republican
Carter County,kentucky,2642,8775,8.0,10.8,40.2,17.1,9.4,8.4,6.1,0.5126,67.304,25.15,26627,0.95,95.49,0.78,29.94,20.3,17.3,11.15,21.3,Republican,Republican
Casey County,kentucky,918,6179,13.6,9.2,43.5,15.1,6.5,6.4,5.8,0.4816,58.686,13.86,15941,3.38,93.07,0.51,29.51,14.74,17.85,13.72,24.19,Republican,Republican
Christian County,kentucky,8296,15080,5.3,8.4,32.3,24.7,10.2,13.1,6.0,0.4676,65.876,39.15,72748,7.91,63.78,20.92,27.32,19.47,20.15,11.32,21.74,Republican,Republican
Clark County,kentucky,6004,11811,4.1,7.0,37.6,21.8,9.5,12.7,7.2,0.4921,87.594,56.42,36972,3.99,87.27,4.42,35.54,13.55,23.29,9.55,18.07,Republican,Republican
Clay County,kentucky,831,6677,14.3,13.6,38.2,14.2,5.5,7.2,7.1,0.4617,49.866,16.72,20345,1.74,91.85,4.01,30.05,19.8,21.2,13.43,15.51,Republican,Republican
Clinton County,kentucky,603,4280,9.2,9.9,40.3,16.1,10.5,8.2,5.8,0.4601,57.13,18.21,9253,2.65,93.81,0.42,27.2,19.99,20.9,12.47,19.43,Republican,Republican
Crittenden County,kentucky,731,3451,5.8,7.8,45.5,20.0,8.5,7.4,5.0,0.469,67.82,9.64,8990,1.26,94.82,0.91,25.82,19.25,18.34,18.82,17.76,Republican,Republican
Cumberland County,kentucky,508,2769,7.0,12.7,43.1,16.4,3.7,11.6,5.5,0.4635,52.191,7.56,5888,1.31,92.48,2.55,24.9,13.38,17.24,18.64,25.84,Republican,Republican
Daviess County,kentucky,17286,31025,2.8,6.0,33.9,21.2,10.7,15.7,9.7,0.4574,83.578,86.69,103312,4.01,84.53,4.67,33.02,16.22,21.98,8.35,20.43,Republican,Republican
Edmonson County,kentucky,1227,4828,8.1,10.3,43.5,20.1,6.5,5.3,6.1,0.4201,65.087,15.53,12126,1.29,94.72,0.81,27.82,21.01,16.29,15.38,19.5,Republican,Republican
Elliott County,kentucky,712,2246,12.2,12.4,45.5,14.6,5.2,7.0,3.2,0.4343,51.37,12.16,7354,1.24,93.49,3.35,30.79,12.0,11.41,21.23,24.58,Republican,Republican
Estill County,kentucky,1355,5100,10.9,12.7,43.3,13.1,8.9,7.7,3.4,0.4599,52.548,21.57,14163,0.92,96.16,0.21,20.6,13.64,24.32,8.56,32.88,Republican,Republican
Fayette County,kentucky,90600,58860,3.2,4.6,18.8,19.0,7.8,26.0,20.6,0.4901,96.124,437.0,322570,9.22,66.76,14.73,46.44,16.16,20.76,5.46,11.18,Democrat,Republican
Fleming County,kentucky,1474,5534,7.9,10.7,42.4,14.1,9.1,9.8,6.0,0.465,65.181,16.73,15082,1.45,94.91,0.98,33.23,13.75,16.45,12.61,23.95,Republican,Republican
Floyd County,kentucky,3884,12250,8.8,11.9,39.3,20.1,6.8,7.6,5.5,0.4739,55.243,35.13,35942,0.86,96.42,0.34,34.64,19.15,20.68,11.01,14.52,Republican,Republican
Franklin County,kentucky,12652,12900,3.6,4.4,29.6,22.4,8.3,18.5,13.1,0.4526,86.369,95.59,51541,3.97,80.1,8.62,41.73,16.5,19.27,6.85,15.65,Republican,Republican
Fulton County,kentucky,794,1606,6.6,13.0,39.8,21.7,4.9,11.5,2.5,0.4221,46.463,12.15,6515,2.32,70.08,22.0,27.14,17.49,19.76,8.74,26.87,Republican,Republican
Gallatin County,kentucky,822,2955,5.6,9.9,45.8,19.7,6.0,9.8,3.3,0.4101,72.527,34.26,8690,5.66,89.32,0.85,21.12,18.45,14.64,12.79,32.99,Republican,Republican
Garrard County,kentucky,1830,6754,4.9,10.2,37.2,19.5,8.2,9.9,10.0,0.4498,79.557,28.84,16953,2.66,91.03,1.78,30.96,17.92,20.25,11.68,19.18,Republican,Republican
Grant County,kentucky,2205,8725,2.9,8.2,44.6,21.8,6.7,10.1,5.6,0.4209,77.012,37.54,24941,2.97,91.51,0.72,25.31,14.97,20.67,10.38,28.67,Republican,Republican
Graves County,kentucky,3560,13206,3.3,6.6,41.5,18.9,11.2,10.6,8.0,0.483,71.04,25.68,36649,7.57,83.3,4.23,31.05,12.26,19.81,16.67,20.21,Republican,Republican
Grayson County,kentucky,2400,9453,6.4,10.1,44.6,18.4,7.3,7.5,5.7,0.4834,65.162,20.46,26420,1.38,93.7,1.17,28.49,14.33,18.39,15.57,23.22,Republican,Republican
Green County,kentucky,920,4838,9.7,7.3,41.3,19.9,8.1,6.9,6.7,0.4671,58.189,15.12,11107,1.79,93.28,1.44,24.19,18.62,22.87,12.33,21.99,Republican,Republican
Greenup County,kentucky,4873,13064,4.4,5.7,36.8,22.0,13.4,9.1,8.5,0.4768,79.161,40.19,35962,0.88,94.47,0.61,38.79,14.97,17.92,12.94,15.38,Republican,Republican
Hancock County,kentucky,1351,3145,3.8,9.0,40.9,17.2,11.6,11.8,5.6,0.4057,79.132,18.63,9095,1.78,94.4,0.87,23.46,15.58,19.51,11.68,29.78,Republican,Republican
Hardin County,kentucky,18101,29832,2.2,5.5,30.9,26.6,10.9,14.3,9.6,0.4627,89.362,68.7,110702,6.05,73.25,11.3,34.5,16.67,19.77,9.3,19.76,Republican,Republican
Harlan County,kentucky,1494,9367,8.8,14.2,35.9,20.4,10.1,5.2,5.3,0.4837,51.132,22.04,26831,0.99,93.18,2.02,30.46,20.3,22.62,13.16,13.47,Republican,Republican
Harrison County,kentucky,2400,6334,4.0,9.5,42.9,18.4,7.1,9.6,8.5,0.4545,74.05,23.69,18692,2.07,92.1,1.64,28.87,14.39,16.74,13.73,26.27,Republican,Republican
Hart County,kentucky,1908,6345,8.8,12.8,43.8,17.2,7.0,6.3,4.2,0.4626,60.803,18.1,19288,1.73,90.69,3.66,22.47,22.15,17.46,14.76,23.16,Republican,Republican
Henderson County,kentucky,7639,12730,3.1,7.7,37.5,23.9,9.1,12.0,6.8,0.4472,72.697,39.61,44793,3.05,83.32,8.11,29.36,19.43,18.15,11.91,21.16,Republican,Republican
Henry County,kentucky,2142,5843,5.9,9.9,42.1,20.7,6.6,9.7,5.1,0.4471,75.226,21.22,15678,3.48,89.71,2.23,26.69,22.28,17.52,12.85,20.65,Republican,Republican
Hickman County,kentucky,458,1714,5.4,6.3,38.7,20.4,7.0,17.5,4.8,0.4987,97.007,7.16,4521,2.26,85.51,8.41,39.86,15.09,22.69,6.18,16.18,Republican,Republican
Hopkins County,kentucky,5439,15757,4.4,7.1,40.3,22.4,10.5,8.5,7.0,0.4291,67.816,32.2,45423,2.48,85.98,6.39,33.34,15.33,16.61,13.04,21.68,Republican,Republican
Jackson County,kentucky,605,5453,11.5,15.5,40.8,14.6,6.4,6.9,4.3,0.4302,52.075,14.54,12955,0.74,96.56,0.09,22.4,18.38,20.67,10.44,28.12,Republican,Republican
Jefferson County,kentucky,228358,150646,2.7,6.0,25.8,21.1,8.3,21.3,14.8,0.4798,93.367,790.02,782969,7.54,62.61,21.34,40.32,14.4,20.71,6.1,18.47,Democrat,Republican
Jessamine County,kentucky,8567,17096,3.0,7.4,31.0,18.7,9.7,17.4,12.9,0.5101,76.763,119.75,52991,4.5,85.28,4.24,38.12,15.75,24.18,8.86,13.09,Republican,Republican
Johnson County,kentucky,1608,8450,6.1,11.1,41.1,19.2,7.9,8.1,6.5,0.4626,59.346,33.35,22680,0.87,96.38,0.19,33.09,19.83,20.75,8.21,18.13,Republican,Republican
Kenton County,kentucky,32271,48129,2.9,5.2,27.2,19.3,8.9,23.4,13.1,0.4512,76.763,407.03,169064,4.58,84.09,4.77,43.1,14.01,21.36,6.53,15.01,Republican,Republican
Knott County,kentucky,1412,4780,12.6,15.6,27.9,17.8,9.7,7.5,8.8,0.4605,51.962,15.69,14251,0.63,96.93,0.46,35.41,23.82,16.38,11.23,13.15,Republican,Republican
Knox County,kentucky,2114,11012,10.7,10.3,39.2,17.8,5.3,9.0,7.7,0.5194,52.729,30.19,30193,1.15,94.42,0.93,29.89,23.28,23.75,8.27,14.8,Republican,Republican
Larue County,kentucky,1504,5685,5.3,10.3,35.0,23.7,10.5,5.9,9.3,0.4324,69.024,22.04,14867,3.22,89.45,2.54,32.03,13.83,18.71,10.09,25.35,Republican,Republican
Laurel County,kentucky,4475,23237,5.9,10.1,40.3,19.5,7.7,8.9,7.7,0.4548,68.97,55.59,62613,1.61,93.44,0.7,30.33,15.3,24.24,7.75,22.37,Republican,Republican
Lawrence County,kentucky,1238,5633,9.6,13.4,43.6,17.1,5.4,5.8,5.1,0.4676,57.756,15.08,16293,0.91,96.49,0.22,32.21,13.17,19.6,13.76,21.26,Republican,Republican
Lee County,kentucky,481,2273,12.8,13.7,41.4,19.3,5.5,5.1,2.2,0.4963,45.719,13.57,7395,0.81,93.13,3.79,24.02,18.42,18.33,14.87,24.37,Republican,Republican
Leslie County,kentucky,446,4321,6.8,11.2,41.4,22.3,6.8,7.2,4.4,0.416,48.176,10.08,10513,0.68,96.74,0.37,24.67,19.59,19.98,17.55,18.21,Republican,Republican
Letcher County,kentucky,1799,7226,9.7,11.4,36.0,20.0,9.8,7.4,5.7,0.4985,55.991,24.55,21548,0.62,96.4,0.4,34.18,19.04,22.99,10.26,13.52,Republican,Republican
Lewis County,kentucky,823,4986,11.8,9.6,44.4,15.1,9.0,5.9,4.3,0.464,51.822,10.45,13080,0.63,96.32,0.28,25.97,17.05,16.85,18.42,21.71,Republican,Republican
Lincoln County,kentucky,2254,8489,6.1,11.3,43.5,17.1,6.5,9.3,6.1,0.4523,65.27,28.21,24275,1.96,92.66,1.89,31.44,16.85,14.93,12.68,24.1,Republican,Republican
Livingston County,kentucky,939,4010,3.7,9.2,44.0,22.8,7.1,7.4,5.8,0.4688,72.767,11.08,8888,2.09,92.62,0.28,27.03,16.26,16.89,16.45,23.38,Republican,Republican
Logan County,kentucky,3094,9067,4.9,7.3,42.9,19.8,7.8,10.6,6.5,0.4166,69.316,19.23,27432,3.11,86.33,6.12,30.71,13.31,20.85,12.93,22.2,Republican,Republican
Lyon County,kentucky,1092,3100,2.9,6.6,46.6,18.8,10.6,7.3,7.2,0.4063,78.816,15.75,8680,1.75,89.09,5.84,26.68,22.61,15.43,10.57,24.71,Republican,Republican
Madison County,kentucky,15581,27356,3.6,5.7,28.5,19.5,9.4,20.0,13.4,0.4484,79.635,81.95,92701,3.31,85.86,4.19,37.18,19.03,20.33,7.06,16.4,Republican,Republican
Magoffin County,kentucky,1214,4174,12.8,14.7,39.8,16.6,5.2,3.6,7.2,0.4905,48.375,14.58,11637,0.57,97.4,0.12,26.32,23.37,17.2,14.48,18.64,Republican,Republican
Marion County,kentucky,2722,6113,6.1,9.6,43.6,16.9,11.0,6.3,6.6,0.4178,62.201,22.06,19581,3.48,85.69,6.17,30.99,11.95,16.22,9.81,31.03,Republican,Republican
Marshall County,kentucky,4071,13297,2.4,5.3,35.0,25.7,9.1,13.0,9.4,0.4351,79.257,40.52,31659,1.7,93.8,0.32,31.28,13.41,25.86,11.19,18.26,Republican,Republican
Martin County,kentucky,403,3496,11.4,13.3,36.9,18.2,9.4,6.8,4.0,0.4928,60.039,19.0,11287,2.57,88.62,6.91,31.07,17.88,22.99,14.35,13.72,Republican,Republican
Mason County,kentucky,2362,5477,6.8,7.7,31.8,18.9,12.3,12.0,10.6,0.5442,81.916,27.44,17120,2.08,86.31,5.94,31.29,17.73,19.42,10.99,20.57,Republican,Republican
McCracken County,kentucky,11195,21820,2.1,5.2,31.6,22.6,10.4,16.7,11.5,0.5105,87.475,104.87,67875,3.15,79.26,11.11,35.73,19.3,25.37,7.0,12.6,Republican,Republican
McCreary County,kentucky,725,5664,10.0,12.0,43.5,17.9,9.7,3.8,3.0,0.4746,46.836,15.28,16888,2.16,89.25,5.38,31.2,20.77,17.93,11.0,19.09,Republican,Republican
McLean County,kentucky,1074,3633,4.1,4.6,40.4,22.3,10.6,11.1,6.8,0.4267,81.719,14.03,9152,1.79,94.96,0.51,35.39,11.31,16.54,15.96,20.8,Republican,Republican
Meade County,kentucky,3632,10185,3.2,7.2,39.6,22.6,9.6,10.3,7.5,0.4367,91.215,37.87,30003,3.78,86.36,3.17,31.84,14.89,18.14,14.5,20.63,Republican,Republican
Menifee County,kentucky,750,2311,11.3,9.0,42.9,17.9,8.2,7.5,3.3,0.447,57.311,11.71,6113,0.93,96.07,0.49,30.37,9.03,27.58,14.56,18.45,Republican,Republican
Mercer County,kentucky,3033,8506,4.5,5.4,35.2,22.2,11.1,13.1,8.6,0.3959,71.935,35.09,22641,3.1,88.78,3.3,33.93,14.58,17.36,10.14,23.99,Republican,Republican
Metcalfe County,kentucky,975,3959,8.9,7.8,42.3,18.6,8.3,7.7,6.4,0.424,58.208,13.75,10286,2.24,93.53,1.11,28.18,17.36,12.18,17.52,24.75,Republican,Republican
Monroe County,kentucky,657,4628,8.6,9.8,42.4,16.8,6.4,5.8,10.2,0.4713,63.36,13.28,11338,4.17,91.63,1.92,29.99,10.58,21.49,14.68,23.26,Republican,Republican
Montgomery County,kentucky,3630,8993,6.5,8.3,41.5,18.5,7.1,10.7,7.4,0.4243,66.798,55.14,28114,3.29,90.21,2.18,25.32,13.87,23.5,7.38,29.93,Republican,Republican
Morgan County,kentucky,1175,4301,10.9,11.6,37.9,16.2,5.7,9.1,8.7,0.4893,65.134,14.02,13726,3.04,91.14,3.58,32.01,12.66,23.31,13.99,18.02,Republican,Republican
Muhlenberg County,kentucky,3545,10497,5.0,10.8,41.9,18.1,10.9,7.5,5.8,0.506,78.421,25.4,30928,1.84,91.19,3.89,31.31,16.05,20.15,9.64,22.84,Republican,Republican
Nelson County,kentucky,7188,15703,2.2,5.5,36.6,20.9,12.2,13.7,8.9,0.4313,86.041,43.14,46738,2.6,87.96,4.67,32.17,14.37,17.92,10.37,25.17,Republican,Republican
Nicholas County,kentucky,955,2408,5.4,13.0,45.4,19.4,9.7,3.3,3.8,0.4152,66.212,15.05,7537,2.04,94.52,0.54,24.22,19.0,19.64,12.26,24.89,Republican,Republican
Ohio County,kentucky,2404,8582,8.3,9.9,39.8,18.0,9.6,8.1,6.3,0.4291,67.297,15.64,23772,4.18,92.01,0.65,28.73,17.14,16.78,14.07,23.28,Republican,Republican
Oldham County,kentucky,14505,22654,1.8,4.0,19.7,19.9,9.3,25.9,19.5,0.4397,76.763,140.17,67607,4.79,85.55,3.25,49.33,12.39,20.37,6.28,11.63,Republican,Republican
Owen County,kentucky,1098,4292,7.1,9.1,44.1,12.1,8.8,14.7,4.2,0.4422,72.858,12.37,11278,2.23,92.98,0.74,29.54,15.81,18.66,13.33,22.66,Republican,Republican
Owsley County,kentucky,216,1671,15.9,12.7,43.7,13.7,2.9,7.5,3.6,0.4641,47.393,7.93,4051,1.04,96.4,0.27,29.23,25.59,13.57,15.85,15.76,Republican,Republican
Pendleton County,kentucky,1322,5515,4.3,10.2,43.2,16.9,8.9,10.9,5.7,0.4582,74.375,20.39,14644,1.37,94.46,0.38,28.33,15.12,20.23,14.56,21.76,Republican,Republican
Perry County,kentucky,2356,8129,8.4,12.0,34.3,21.7,10.4,5.8,7.4,0.5322,70.429,31.98,28473,0.78,93.94,1.31,30.55,21.84,24.57,12.14,10.89,Republican,Republican
Pike County,kentucky,4866,20284,9.2,11.1,38.7,17.7,7.6,8.4,7.4,0.5012,59.24,28.58,58669,1.18,94.83,0.83,36.85,16.3,22.59,10.57,13.68,Republican,Republican
Powell County,kentucky,1367,4041,7.9,10.2,43.5,16.6,6.7,9.4,5.7,0.4818,59.213,28.24,13129,1.5,95.26,0.49,26.63,14.57,23.12,10.74,24.94,Republican,Republican
Pulaski County,kentucky,5666,25442,7.4,8.9,35.0,21.5,9.4,9.9,7.9,0.5008,70.298,38.22,65034,2.89,91.64,1.04,31.23,17.24,25.03,9.82,16.68,Republican,Republican
Robertson County,kentucky,253,884,6.6,9.2,39.1,19.9,13.0,9.8,2.4,0.4758,68.07,8.56,2193,0.87,96.03,0.27,32.09,13.46,22.36,15.26,16.83,Republican,Republican
Rockcastle County,kentucky,1134,6577,8.3,9.8,45.5,19.7,4.7,5.6,6.5,0.5043,63.53,19.72,16037,1.07,95.5,0.32,28.45,14.44,21.81,11.77,23.52,Republican,Republican
Rowan County,kentucky,3880,5994,5.6,7.6,34.2,18.7,6.9,12.7,14.4,0.5228,75.092,33.87,24662,2.19,92.34,1.51,39.47,18.58,17.91,6.63,17.41,Republican,Republican
Russell County,kentucky,1331,7519,7.7,9.7,38.6,17.7,9.9,9.0,7.4,0.4507,61.985,27.47,17991,4.34,91.7,0.63,31.33,16.41,19.77,11.56,20.92,Republican,Republican
Scott County,kentucky,10567,17767,1.7,4.0,29.3,23.9,9.2,19.5,12.4,0.3978,99.498,78.38,57155,5.43,83.46,5.09,37.59,13.18,18.35,7.19,23.69,Republican,Republican
Shelby County,kentucky,8077,15055,4.0,7.5,30.1,18.6,9.7,18.6,11.6,0.4254,76.763,48.9,48065,11.02,77.73,5.62,35.39,14.63,20.22,9.22,20.53,Republican,Republican
Simpson County,kentucky,2681,5888,2.3,7.4,43.9,19.9,11.9,8.4,6.2,0.4206,69.02,32.27,19594,3.31,82.68,8.28,25.5,15.42,20.49,9.47,29.13,Republican,Republican
Spencer County,kentucky,2530,8737,2.3,5.2,39.2,21.7,9.6,14.2,7.9,0.3819,76.763,40.43,19490,2.31,91.14,1.52,34.63,14.13,21.3,12.53,17.41,Republican,Republican
Taylor County,kentucky,2963,9376,4.1,7.6,34.9,22.6,7.9,14.2,8.8,0.4457,76.987,37.76,26023,2.77,87.32,4.81,30.3,14.11,22.85,10.58,22.16,Republican,Republican
Todd County,kentucky,1205,4062,12.1,9.4,38.7,16.6,6.8,9.5,7.0,0.4947,81.451,12.66,12243,4.88,83.59,7.19,31.7,10.84,17.12,14.32,26.03,Republican,Republican
Trigg County,kentucky,1791,5487,4.9,7.3,32.3,25.3,9.8,11.9,8.6,0.4444,70.898,12.38,14061,2.25,86.78,6.76,31.59,15.32,15.95,13.44,23.7,Republican,Republican
Trimble County,kentucky,1012,3227,2.2,12.3,43.2,15.9,12.8,9.3,4.4,0.428,74.263,22.24,8474,2.27,93.39,0.33,25.09,16.55,13.27,17.57,27.51,Republican,Republican
Union County,kentucky,1529,4965,2.9,6.6,45.6,20.7,14.1,6.5,3.7,0.4249,70.108,15.2,13668,1.38,86.35,7.53,25.38,16.25,18.34,18.2,21.83,Republican,Republican
Warren County,kentucky,22479,31791,5.5,5.9,27.3,19.8,8.6,20.2,12.8,0.4839,87.002,96.44,134554,7.02,72.64,9.52,34.83,17.73,21.22,7.36,18.86,Republican,Republican
Washington County,kentucky,1644,4482,6.2,5.7,42.4,17.6,8.3,11.0,8.8,0.4223,76.39,15.62,12027,3.91,86.45,5.42,33.58,13.87,17.14,10.44,24.96,Republican,Republican
Wayne County,kentucky,1700,7430,12.5,11.1,39.6,16.5,6.5,7.6,6.2,0.5169,62.297,16.58,19555,4.61,91.39,1.17,23.21,14.71,25.6,9.25,27.24,Republican,Republican
Webster County,kentucky,1412,4506,5.2,9.2,46.4,18.5,9.3,7.2,4.2,0.4168,65.556,15.06,13017,6.49,85.62,3.66,23.43,13.67,15.03,13.82,34.05,Republican,Republican
Whitley County,kentucky,2552,12567,6.4,11.6,39.4,18.6,5.4,9.4,9.3,0.4868,61.934,32.31,36712,1.87,92.82,1.45,32.55,21.18,19.81,7.26,19.2,Republican,Republican
Wolfe County,kentucky,839,2097,14.4,22.0,32.5,18.6,5.4,2.3,4.7,0.3956,36.089,11.42,6562,0.93,96.86,0.41,22.53,32.74,24.1,7.01,13.62,Republican,Republican
Woodford County,kentucky,6530,8362,2.9,5.9,26.2,15.8,8.5,24.5,16.1,0.4121,95.331,54.76,26871,7.49,83.22,4.51,42.59,14.91,19.71,8.77,14.02,Republican,Republican
Acadia Parish,louisiana,5443,22596,8.6,11.3,43.5,15.4,7.5,9.9,3.8,0.4783,66.417,33.98,57576,2.85,76.62,17.27,26.78,19.99,22.84,13.64,16.76,Republican,Republican
Allen Parish,louisiana,2108,7574,5.4,15.0,43.3,17.8,6.5,8.1,3.9,0.4618,68.154,11.55,22750,8.32,66.58,17.65,29.79,22.53,17.98,14.24,15.47,Republican,Republican
Ascension Parish,louisiana,20399,40687,3.7,7.5,29.4,21.4,8.9,19.6,9.4,0.4186,76.763,169.07,126500,8.21,62.96,23.95,39.49,12.59,21.93,10.05,15.94,Republican,Republican
Assumption Parish,louisiana,3833,7271,8.0,12.9,43.9,16.9,4.8,8.2,5.2,0.4833,71.916,23.64,21039,4.34,64.55,28.39,28.52,11.38,26.33,15.7,18.07,Republican,Republican
Avoyelles Parish,louisiana,4979,12028,6.8,15.2,35.8,22.4,7.5,7.4,4.8,0.5077,59.355,18.35,39693,3.74,63.58,26.83,27.54,28.42,18.04,15.87,10.13,Republican,Republican
Beauregard Parish,louisiana,2542,13575,3.9,8.0,40.6,21.0,8.6,12.2,5.7,0.4211,85.994,12.19,36549,3.48,79.45,11.17,34.91,11.16,17.48,18.54,17.92,Republican,Republican
Bienville Parish,louisiana,3067,3891,3.4,10.9,48.2,18.3,6.8,9.0,3.4,0.4695,50.794,6.17,12981,1.63,53.16,40.62,21.4,22.46,15.73,16.77,23.64,Republican,Republican
Bossier Parish,louisiana,15662,38074,2.8,6.9,29.3,24.4,9.1,17.7,9.9,0.4587,85.431,59.27,128746,7.95,61.35,23.2,38.14,18.68,21.9,9.82,11.47,Republican,Republican
Caddo Parish,louisiana,55110,48021,3.4,9.3,32.6,22.9,7.4,14.2,10.1,0.5237,75.055,103.72,237848,3.52,42.77,48.25,36.26,22.01,21.08,8.05,12.59,Democrat,Republican
Calcasieu Parish,louisiana,25982,55066,3.2,8.1,34.0,22.1,9.0,15.5,8.1,0.4742,88.202,76.48,216785,5.25,63.25,25.29,33.6,19.75,20.36,13.84,12.46,Republican,Republican
Caldwell Parish,louisiana,745,3976,6.3,13.7,48.7,15.5,3.6,9.3,2.7,0.525,75.489,7.04,9645,2.29,78.29,15.84,29.01,12.86,13.75,24.2,20.18,Republican,Republican
Cameron Parish,louisiana,324,3671,2.3,7.4,40.9,26.8,8.1,9.7,4.7,0.3732,87.243,1.64,5617,3.51,92.11,1.26,31.31,18.69,16.33,10.29,23.37,Republican,Republican
Catahoula Parish,louisiana,1269,3541,8.2,16.9,40.5,12.7,4.3,11.0,6.5,0.4571,66.583,4.85,8906,6.89,64.43,25.54,33.85,18.24,17.73,13.9,16.29,Republican,Republican
Claiborne Parish,louisiana,2731,3770,4.4,17.0,47.0,16.3,3.6,7.6,4.1,0.51,49.243,7.27,14170,3.38,49.85,43.32,24.7,28.68,18.0,14.47,14.16,Republican,Republican
Concordia Parish,louisiana,3177,5550,5.2,9.0,44.3,17.0,6.9,11.2,6.3,0.495,57.685,10.34,18687,2.46,54.35,40.01,30.67,23.43,20.13,17.54,8.23,Republican,Republican
De Soto Parish,louisiana,5457,9112,5.8,11.9,39.6,18.1,8.4,11.0,5.3,0.4924,72.336,11.82,26812,2.84,56.4,35.75,33.24,15.74,19.35,14.25,17.41,Republican,Republican
East Baton Rouge Parish,louisiana,115577,88420,3.1,6.1,26.0,21.0,5.7,22.7,15.5,0.5115,93.99,385.14,456781,6.69,41.89,45.0,42.15,17.89,20.63,7.58,11.75,Democrat,Republican
East Carroll Parish,louisiana,1900,1080,6.6,25.7,34.8,17.8,3.3,10.0,1.8,0.6062,60.044,6.76,7459,1.54,27.27,69.23,24.69,37.98,19.37,4.84,13.11,Democrat,Republican
East Feliciana Parish,louisiana,4280,6064,2.8,12.8,42.1,18.3,7.9,11.9,4.2,0.4895,92.942,16.57,19539,2.0,58.4,36.38,30.46,20.61,19.66,14.17,15.09,Republican,Republican
Evangeline Parish,louisiana,4158,11053,10.2,13.3,40.6,17.0,6.7,9.4,2.9,0.4893,54.793,18.85,32350,4.13,65.42,26.61,30.33,19.41,17.07,15.73,17.45,Republican,Republican
Franklin Parish,louisiana,2658,6970,8.1,13.7,42.1,15.7,5.0,9.9,5.4,0.5046,62.149,12.22,19774,1.4,62.86,32.91,29.61,17.22,20.57,20.25,12.35,Republican,Republican
Grant Parish,louisiana,1157,8117,6.1,13.5,43.2,18.8,6.5,9.2,2.9,0.4331,75.336,13.31,22169,6.01,75.23,13.8,28.46,17.46,17.48,19.64,16.96,Republican,Republican
Iberia Parish,louisiana,11027,21251,5.6,11.7,41.9,18.1,8.5,10.6,3.6,0.4724,72.619,47.0,69929,5.57,55.16,32.87,29.26,19.6,21.37,14.22,15.54,Republican,Republican
Iberville Parish,louisiana,8514,7893,8.2,12.1,37.9,16.6,10.2,9.7,5.3,0.4576,77.666,18.85,30241,4.69,48.38,44.02,35.87,16.89,17.69,13.27,16.28,Democrat,Republican
Jackson Parish,louisiana,2143,5394,4.9,11.8,44.0,17.5,8.9,9.2,3.7,0.4597,57.124,10.23,15031,3.11,65.84,26.25,28.98,19.61,20.67,12.07,18.68,Republican,Republican
Jefferson Davis Parish,louisiana,3208,11423,5.9,11.0,42.4,19.3,6.2,9.1,6.1,0.459,73.722,19.13,32250,2.28,77.07,15.91,28.67,22.87,18.24,17.68,12.54,Republican,Republican
Jefferson Parish,louisiana,84477,105949,5.3,7.5,28.4,22.2,6.9,19.4,10.4,0.4779,87.728,559.75,440781,17.94,47.28,26.29,37.63,18.93,21.56,10.87,11.01,Republican,Republican
LaSalle Parish,louisiana,638,6378,5.1,12.0,39.9,16.9,8.4,12.0,5.7,0.4512,79.073,9.12,14791,9.48,76.15,8.67,29.19,16.9,19.92,23.76,10.24,Republican,Republican
Lafayette Parish,louisiana,39685,72519,3.4,7.0,29.2,19.3,6.3,23.6,11.1,0.4969,93.264,349.26,241753,6.61,62.24,25.1,42.04,16.51,22.87,8.34,10.23,Republican,Republican
Lafourche Parish,louisiana,8672,36024,7.0,10.9,40.5,16.4,6.5,12.5,6.1,0.4829,83.072,35.15,97557,5.81,72.49,14.9,31.75,17.0,21.31,13.14,16.8,Republican,Republican
Lincoln Parish,louisiana,7559,11311,3.2,8.1,29.4,17.3,5.4,20.9,15.7,0.5244,62.188,39.56,48396,3.62,53.05,38.49,37.04,21.39,21.83,8.54,11.2,Republican,Republican
Livingston Parish,louisiana,9249,54877,3.8,7.5,36.8,22.9,7.3,15.7,6.0,0.4108,93.117,85.44,142282,6.18,80.74,7.86,37.71,14.75,19.74,15.39,12.41,Republican,Republican
Madison Parish,louisiana,2654,1930,7.3,16.2,34.1,24.1,4.3,10.3,3.7,0.538,56.215,6.21,10017,2.04,34.08,61.63,33.15,28.63,15.67,10.97,11.58,Democrat,Republican
Morehouse Parish,louisiana,4946,6510,6.5,12.6,38.5,20.4,9.2,8.5,4.4,0.507,57.055,12.36,25629,1.49,47.68,46.73,25.75,23.05,17.15,14.24,19.82,Republican,Republican
Natchitoches Parish,louisiana,6896,9358,2.6,9.8,38.1,17.8,8.9,13.5,9.4,0.5324,65.033,11.55,37515,3.97,50.37,39.6,34.85,16.99,23.06,8.69,16.42,Republican,Republican
Orleans Parish,louisiana,147854,26664,3.4,7.9,21.8,21.2,4.9,22.4,18.3,0.5601,84.158,866.53,383997,8.08,31.61,53.61,46.76,20.91,18.64,5.84,7.84,Democrat,Republican
Ouachita Parish,louisiana,25913,42255,3.2,8.8,32.5,23.8,5.9,16.3,9.5,0.5187,74.687,100.95,160368,3.53,54.52,36.67,37.79,19.73,21.25,8.35,12.88,Republican,Republican
Plaquemines Parish,louisiana,3414,7412,7.4,6.3,31.6,27.9,7.7,13.0,6.0,0.469,98.008,11.53,23515,9.51,58.53,20.68,35.24,17.63,18.58,15.13,13.42,Republican,Republican
Pointe Coupee Parish,louisiana,4683,7503,7.7,11.3,37.0,21.3,7.9,11.3,3.5,0.5059,75.386,14.32,20758,3.01,58.99,34.79,31.7,18.38,18.97,12.91,18.04,Republican,Republican
Rapides Parish,louisiana,19475,38347,4.2,8.2,37.5,21.0,6.8,14.2,8.1,0.4792,78.704,37.77,130023,3.91,58.7,30.96,34.36,20.53,21.62,10.74,12.75,Republican,Republican
Red River Parish,louisiana,1644,2413,3.9,16.5,49.3,14.7,5.0,7.1,3.5,0.4551,58.82,7.57,7620,2.47,54.46,38.74,22.92,24.87,14.55,18.59,19.07,Republican,Republican
Richland Parish,louisiana,3225,6607,5.2,14.7,39.2,19.0,5.7,9.7,6.6,0.4896,66.114,13.92,20043,2.0,58.21,36.44,29.38,18.37,24.2,18.03,10.02,Republican,Republican
Sabine Parish,louisiana,1731,8776,4.2,10.0,46.2,20.1,6.2,9.8,3.5,0.4882,60.497,9.89,22155,3.2,67.03,15.89,27.71,12.77,21.73,18.48,19.32,Republican,Republican
St. Bernard Parish,louisiana,6151,11179,5.2,13.6,29.5,26.1,8.7,11.4,5.4,0.4755,73.752,45.04,43764,13.73,52.93,25.98,31.86,20.99,21.31,12.66,13.19,Republican,Republican
St. Charles Parish,louisiana,9800,18233,2.9,6.4,31.9,22.5,9.1,19.9,7.2,0.4376,76.763,72.55,52549,7.88,62.24,24.78,39.96,13.12,19.91,11.46,15.54,Republican,Republican
St. Helena Parish,louisiana,3346,2714,6.9,14.0,46.3,16.0,4.9,8.3,3.7,0.4978,59.719,10.28,10920,1.98,41.15,53.53,23.78,23.96,15.16,19.04,18.06,Democrat,Republican
St. James Parish,louisiana,6510,5954,2.3,8.8,39.7,20.4,10.1,12.7,6.0,0.4349,85.748,32.61,20192,1.7,49.11,46.98,32.28,16.03,19.55,10.62,21.53,Democrat,Republican
St. John the Baptist Parish,louisiana,13582,7538,3.0,10.5,41.1,19.9,9.0,10.3,6.1,0.4433,82.424,75.59,42477,7.75,31.42,56.68,30.08,21.17,19.47,12.44,16.83,Democrat,Republican
St. Landry Parish,louisiana,17372,23171,8.1,13.3,39.6,18.0,6.8,9.2,4.9,0.5008,62.361,34.5,82540,2.64,52.37,41.46,26.06,20.5,21.12,15.07,17.24,Republican,Republican
St. Martin Parish,louisiana,8439,18203,6.1,11.1,46.1,16.9,5.6,10.3,3.9,0.4774,71.266,27.15,51767,3.24,63.59,29.07,26.38,16.52,23.97,15.83,17.3,Republican,Republican
St. Mary Parish,louisiana,8055,14811,6.5,13.4,45.5,15.9,6.4,8.4,4.0,0.4828,66.683,33.95,49406,9.16,53.3,30.26,26.11,17.24,25.18,12.52,18.95,Republican,Republican
St. Tammany Parish,louisiana,37746,99666,3.0,5.7,24.0,23.4,7.5,23.5,12.9,0.4626,76.763,121.58,264570,7.88,72.63,12.84,43.87,15.91,21.37,9.58,9.26,Republican,Republican
Tangipahoa Parish,louisiana,18887,37806,6.3,10.5,35.9,18.8,7.0,14.7,6.8,0.475,75.429,65.37,133157,5.44,59.95,29.87,33.8,21.2,18.25,9.89,16.86,Republican,Republican
Tensas Parish,louisiana,1329,1197,5.1,16.6,44.2,16.9,3.1,8.9,5.3,0.5117,52.353,2.64,4147,1.62,41.67,53.82,24.28,21.64,30.66,14.48,8.94,Democrat,Republican
Terrebonne Parish,louisiana,11198,34339,7.4,10.3,38.9,19.9,6.5,11.2,5.9,0.4745,83.074,34.18,109580,6.71,62.79,19.22,32.23,16.9,22.87,12.3,15.71,Republican,Republican
Union Parish,louisiana,2654,8407,3.5,10.6,43.0,20.5,5.0,13.6,3.8,0.5112,67.629,9.27,21107,5.38,67.7,23.59,29.42,12.05,25.54,16.95,16.04,Republican,Republican
Vermilion Parish,louisiana,5009,21930,5.1,10.1,40.6,17.8,7.7,13.8,4.9,0.4667,74.911,18.84,57359,4.0,76.74,13.7,33.85,15.57,22.99,14.63,12.96,Republican,Republican
Vernon Parish,louisiana,2898,14107,3.6,8.6,39.3,22.1,7.7,13.6,5.1,0.4552,72.993,14.1,48750,8.56,68.92,12.97,31.09,18.82,20.98,14.38,14.74,Republican,Republican
Washington Parish,louisiana,5970,13307,5.4,11.5,46.2,19.1,6.0,8.0,3.8,0.4816,62.46,26.24,45463,3.1,65.08,28.06,27.62,23.5,20.9,13.9,14.08,Republican,Republican
Webster Parish,louisiana,6172,11830,4.4,8.9,43.1,20.5,8.7,10.1,4.3,0.503,54.821,23.92,36967,1.86,61.01,32.85,30.84,16.78,21.8,13.71,16.86,Republican,Republican
West Baton Rouge Parish,louisiana,6200,7684,3.1,8.4,36.9,21.1,7.4,16.9,6.2,0.3873,88.67,54.96,27199,4.57,51.89,39.39,37.63,15.33,24.09,9.67,13.28,Republican,Republican
West Carroll Parish,louisiana,710,4317,7.1,11.3,46.8,20.2,3.2,6.9,4.6,0.4452,63.099,10.52,9751,3.33,79.98,13.72,35.88,20.01,14.71,18.24,11.16,Republican,Republican
West Feliciana Parish,louisiana,2298,3863,4.9,11.7,37.6,19.2,5.3,14.4,6.8,0.4787,76.763,14.7,15310,4.25,69.14,23.44,40.73,22.64,13.95,10.86,11.82,Republican,Republican
Winn Parish,louisiana,1543,4619,5.9,10.2,46.8,17.9,5.9,8.6,4.7,0.4906,67.4,5.55,13755,7.44,61.78,25.58,31.01,22.92,13.9,14.84,17.34,Republican,Republican
Androscoggin County,maine,27617,29268,3.3,4.7,35.6,21.0,12.5,15.3,7.5,0.4299,82.809,92.02,111139,2.0,86.27,5.79,35.81,17.23,22.6,9.96,14.39,Republican,Democrat
Aroostook County,maine,13956,21080,3.8,5.5,38.6,20.0,10.7,14.6,6.8,0.4588,68.346,3.89,67105,1.36,92.64,0.63,33.54,16.72,21.16,13.51,15.07,Republican,Democrat
Cumberland County,maine,128759,59584,1.4,2.3,20.6,16.3,8.7,30.2,20.4,0.4668,76.763,140.07,303069,2.64,86.49,3.93,50.27,14.12,19.81,6.32,9.48,Democrat,Democrat
Franklin County,maine,8069,8754,0.9,5.2,36.0,19.3,9.8,18.8,10.0,0.4501,77.513,6.79,29456,1.38,92.38,0.56,33.28,20.1,19.71,12.59,14.31,Republican,Democrat
Hancock County,maine,19369,14982,1.5,3.5,30.6,18.6,9.3,23.3,13.3,0.451,84.942,13.59,55478,1.75,92.1,0.63,37.44,17.49,18.75,14.22,12.1,Democrat,Democrat
Kennebec County,maine,34902,34721,2.0,3.5,35.3,19.8,9.7,18.5,11.3,0.4414,81.937,55.19,123642,2.06,91.14,0.69,41.14,15.51,21.23,10.77,11.35,Democrat,Democrat
Knox County,maine,15110,9982,1.4,4.9,30.5,17.5,7.8,23.7,14.2,0.436,88.889,43.07,40607,1.65,92.43,0.63,37.71,16.55,18.32,14.83,12.6,Democrat,Democrat
Lincoln County,maine,12684,10256,1.4,3.8,31.1,16.4,8.1,23.8,15.4,0.4588,95.969,30.04,35237,1.12,93.85,0.44,40.84,15.25,16.95,14.76,12.2,Democrat,Democrat
Oxford County,maine,14755,17698,2.3,6.6,40.9,17.1,11.6,14.5,7.0,0.4416,72.619,10.83,57777,1.5,92.52,0.36,30.4,19.19,18.93,13.72,17.75,Republican,Democrat
Penobscot County,maine,37713,44825,1.8,4.3,32.9,19.7,11.5,18.9,10.9,0.4559,79.488,17.35,152199,1.78,90.87,0.95,38.54,19.11,21.23,10.54,10.59,Republican,Democrat
Piscataquis County,maine,3517,6143,3.7,4.3,37.2,22.1,11.8,15.2,5.6,0.464,72.016,1.65,16800,1.55,92.11,0.34,32.89,15.52,19.03,12.55,20.0,Republican,Democrat
Sagadahoc County,maine,13528,9755,1.8,3.9,27.9,18.0,9.7,22.3,16.3,0.4167,92.47,56.05,36699,1.77,92.18,0.8,42.2,15.86,20.55,11.91,9.47,Democrat,Democrat
Somerset County,maine,10199,16644,2.5,5.7,41.9,18.6,11.6,14.3,5.5,0.461,71.414,4.98,50477,1.3,92.94,0.49,29.36,16.94,22.26,14.56,16.88,Republican,Democrat
Waldo County,maine,12345,11196,1.8,5.1,32.4,18.6,8.9,20.0,13.2,0.4304,80.694,21.04,39607,1.41,93.12,0.34,40.38,15.34,20.9,11.1,12.28,Democrat,Democrat
Washington County,maine,6761,10194,3.2,5.9,35.9,20.7,9.7,15.8,8.8,0.4587,68.265,4.68,31095,2.15,88.72,0.5,32.49,18.64,17.26,17.69,13.93,Republican,Democrat
York County,maine,71189,54817,1.5,3.8,30.2,19.9,11.4,21.2,12.0,0.4179,98.768,82.85,211972,1.93,91.54,0.95,38.99,16.46,20.7,10.9,12.95,Democrat,Democrat
Allegany County,maryland,9158,20886,2.2,7.3,40.6,19.4,9.7,12.0,8.9,0.4506,70.741,62.33,68106,1.69,85.09,7.76,34.8,21.39,20.88,8.63,14.3,Republican,Democrat
Anne Arundel County,maryland,172823,127821,2.2,4.2,21.9,20.1,7.3,25.1,19.0,0.4219,76.763,547.41,588261,9.65,62.54,17.43,50.87,13.63,19.76,7.93,7.83,Democrat,Democrat
Baltimore County,maryland,258409,146202,3.3,5.0,24.3,18.9,7.3,23.1,18.1,0.4559,76.763,548.95,854535,7.2,51.87,29.57,47.53,15.44,20.1,6.33,10.6,Democrat,Democrat
Baltimore city,maryland,207260,25374,4.0,9.0,28.2,18.8,5.2,17.7,17.2,0.5153,85.857,2788.21,585708,7.84,26.86,57.3,47.23,17.72,18.45,5.0,11.59,Democrat,Democrat
Calvert County,maryland,22587,25346,1.1,4.4,28.5,21.7,8.7,19.4,16.2,0.3768,76.763,168.87,92783,4.53,74.11,12.85,48.51,15.25,16.63,12.78,6.83,Republican,Democrat
Caroline County,maryland,5095,10283,5.4,10.2,39.5,20.9,6.4,10.3,7.4,0.457,90.691,40.27,33293,8.47,72.43,13.12,31.92,20.24,19.19,15.2,13.45,Republican,Democrat
Carroll County,maryland,36456,60218,1.7,4.1,28.2,18.8,8.5,23.8,14.9,0.4011,76.763,149.42,172891,4.48,84.85,3.68,49.05,13.65,18.73,10.05,8.52,Republican,Democrat
Cecil County,maryland,16809,29439,2.3,6.2,36.3,20.6,7.8,16.3,10.4,0.426,76.763,115.82,103725,5.25,80.49,7.23,37.73,14.84,21.71,11.1,14.62,Republican,Democrat
Charles County,maryland,62171,25579,2.1,3.4,30.2,24.3,8.9,18.2,12.9,0.3752,76.763,140.87,166617,7.01,34.11,48.52,43.41,16.75,21.03,9.13,9.69,Democrat,Democrat
Dorchester County,maryland,6857,8764,3.5,8.8,40.3,21.1,7.2,10.4,8.8,0.4714,80.396,23.25,32531,5.46,61.14,27.72,32.47,23.47,19.21,11.09,13.77,Republican,Democrat
Frederick County,maryland,77675,63682,3.1,3.6,23.4,17.8,8.4,24.5,19.1,0.3957,76.763,160.04,271717,11.82,67.58,9.94,49.86,14.86,18.45,8.55,8.27,Democrat,Democrat
Garrett County,maryland,3281,12002,3.0,6.5,40.9,15.5,9.4,13.5,11.1,0.49,94.949,17.16,28806,1.11,95.13,0.83,34.27,18.49,19.82,13.22,14.21,Republican,Democrat
Harford County,maryland,63095,80930,1.7,4.1,26.2,20.7,8.5,22.0,16.7,0.4071,76.763,230.59,260924,5.37,71.66,14.12,47.96,13.9,20.71,7.61,9.82,Republican,Democrat
Howard County,maryland,129433,48390,2.3,2.5,12.6,13.0,5.7,30.8,33.2,0.4133,76.763,510.82,332317,8.23,46.71,19.26,65.0,11.12,14.96,3.47,5.44,Democrat,Democrat
Kent County,maryland,5329,5195,2.4,7.1,32.3,15.3,5.6,21.1,16.3,0.4542,98.025,26.89,19198,5.53,74.92,14.33,43.32,17.51,18.17,9.25,11.75,Democrat,Democrat
Montgomery County,maryland,419569,101222,4.9,3.8,13.3,12.4,5.5,27.3,32.8,0.4689,76.763,827.5,1062061,20.47,40.58,18.15,58.97,14.29,15.17,5.95,5.62,Democrat,Democrat
Prince George's County,maryland,379208,37090,7.1,5.8,25.0,20.0,6.5,20.0,15.6,0.4076,76.763,765.73,967201,21.24,11.28,59.13,42.41,18.92,18.45,10.62,9.6,Democrat,Democrat
Queen Anne's County,maryland,10709,18741,1.6,5.1,29.0,19.9,7.7,22.9,13.7,0.4339,76.763,52.27,49874,5.09,83.78,5.56,42.61,16.45,21.76,10.68,8.5,Republican,Democrat
Somerset County,maryland,4241,5739,3.2,12.1,38.8,21.2,7.8,11.6,5.3,0.4568,66.829,29.79,24620,4.37,52.34,38.38,29.78,21.62,21.47,12.89,14.24,Republican,Democrat
St. Mary's County,maryland,23138,30826,2.6,5.6,29.6,19.8,7.5,19.8,15.1,0.4102,76.763,122.55,113777,5.75,70.52,14.06,49.9,14.12,16.3,10.29,9.39,Republican,Democrat
Talbot County,maryland,11062,10946,2.3,5.5,23.9,19.6,7.3,22.9,18.5,0.4975,76.763,54.15,37526,8.93,74.79,11.15,43.88,17.6,19.39,10.38,8.75,Democrat,Democrat
Washington County,maryland,26044,40224,3.1,8.5,36.5,20.9,8.0,13.6,9.4,0.441,93.605,130.43,154705,6.65,74.48,11.14,37.15,16.81,21.15,10.66,14.22,Republican,Democrat
Wicomico County,maryland,22054,22944,3.8,7.7,32.0,19.3,8.3,17.5,11.5,0.4552,92.407,107.05,103588,6.85,58.25,26.63,34.71,22.14,20.99,8.88,13.29,Republican,Democrat
Worcester County,maryland,12560,18571,1.6,4.9,30.1,23.6,7.7,20.0,12.1,0.4844,76.763,43.54,52460,3.96,78.88,11.75,39.66,22.83,21.03,10.42,6.07,Republican,Democrat
Barnstable County,massachusetts,91994,55311,1.5,2.6,21.4,18.5,10.0,25.2,20.9,0.4658,76.763,224.72,228996,3.45,84.96,2.8,41.94,18.76,20.32,10.81,8.17,Democrat,Democrat
Berkshire County,massachusetts,51705,18064,2.1,4.5,28.8,18.0,8.7,20.5,17.5,0.491,76.763,53.64,129026,5.47,84.68,3.15,45.15,18.72,17.67,8.14,10.32,Democrat,Democrat
Bristol County,massachusetts,153377,119872,7.0,6.9,30.5,16.7,9.2,19.2,10.5,0.4576,76.763,402.57,579200,9.45,76.94,3.99,38.44,17.72,20.55,9.82,13.47,Democrat,Democrat
Dukes County,massachusetts,9914,2631,2.8,3.0,25.5,17.2,8.3,23.5,19.7,0.538,76.763,76.86,20600,2.59,78.79,3.86,43.6,17.76,15.64,15.21,7.79,Democrat,Democrat
Essex County,massachusetts,267198,144837,5.2,4.8,24.2,15.7,8.3,24.7,17.1,0.4828,76.763,631.94,809829,22.58,66.24,3.34,45.07,16.43,19.9,7.26,11.34,Democrat,Democrat
Franklin County,massachusetts,30030,11201,1.8,4.5,27.0,16.6,10.3,21.3,18.5,0.4373,89.416,39.2,71029,5.06,86.53,1.36,43.98,16.63,16.69,10.14,12.55,Democrat,Democrat
Hampden County,massachusetts,125948,87318,5.3,8.0,30.1,18.1,9.8,17.2,11.4,0.4705,89.616,290.72,465825,26.04,59.78,7.73,38.12,20.25,19.47,7.23,14.93,Democrat,Democrat
Hampshire County,massachusetts,63362,22281,1.7,3.1,20.9,15.0,8.9,24.7,25.7,0.4606,76.763,112.73,162308,7.16,78.6,2.69,50.24,16.81,17.95,6.18,8.82,Democrat,Democrat
Middlesex County,massachusetts,617196,226956,3.3,3.2,17.6,11.6,5.8,28.9,29.6,0.4723,76.763,766.25,1632002,8.78,66.54,4.96,60.18,12.35,15.62,5.32,6.54,Democrat,Democrat
Nantucket County,massachusetts,5241,1914,1.8,0.9,17.2,17.3,5.4,35.0,22.4,0.4578,76.763,117.56,14255,16.22,69.37,7.06,44.57,17.18,14.12,15.75,8.38,Democrat,Democrat
Norfolk County,massachusetts,273312,125294,2.9,2.8,18.0,13.0,7.0,29.2,27.1,0.4885,76.763,703.88,725981,5.25,70.58,6.79,57.78,12.98,18.04,5.23,5.97,Democrat,Democrat
Plymouth County,massachusetts,173630,121227,3.2,3.7,26.6,16.8,9.2,25.2,15.3,0.4648,76.763,310.49,530819,4.51,76.66,8.19,44.14,17.25,20.05,8.89,9.66,Democrat,Democrat
Suffolk County,massachusetts,270522,58613,7.6,5.3,20.4,12.5,5.0,26.6,22.6,0.5281,76.763,5205.75,797936,22.37,44.23,16.95,51.85,18.5,17.85,4.36,7.45,Democrat,Democrat
Worcester County,massachusetts,248773,171683,3.4,5.2,26.7,17.4,9.0,22.4,16.0,0.4556,76.763,219.52,862111,12.98,70.9,5.13,45.42,16.35,19.03,7.67,11.52,Democrat,Democrat
Alcona County,michigan,2142,4848,2.0,6.8,38.6,23.1,9.5,12.3,7.6,0.4275,64.847,5.86,10167,1.2,94.35,0.23,30.51,18.16,20.93,12.46,17.94,Republican,Democrat
Alger County,michigan,2053,3014,1.9,4.4,42.7,21.9,8.4,14.7,6.0,0.3895,64.943,3.74,8842,1.3,82.82,6.62,28.89,22.33,18.52,9.74,20.51,Republican,Democrat
Allegan County,michigan,24449,41392,2.4,5.9,36.5,22.5,8.5,16.1,8.1,0.4102,93.47,56.23,120502,7.79,85.55,1.2,32.03,14.86,19.33,11.31,22.46,Republican,Democrat
Alpena County,michigan,6000,10686,2.0,5.2,36.2,25.3,14.5,10.3,6.4,0.461,68.111,19.52,28907,1.44,93.42,0.34,31.16,20.2,21.14,11.25,16.26,Republican,Democrat
Antrim County,michigan,5960,9748,1.8,4.0,29.2,22.7,9.8,19.9,12.5,0.4283,87.433,19.21,23431,1.96,92.8,0.17,31.31,17.27,20.48,13.52,17.42,Republican,Democrat
Arenac County,michigan,2774,5928,2.2,8.4,37.2,25.5,12.1,9.6,5.0,0.4037,65.772,15.98,15002,1.8,92.78,0.23,24.66,17.99,20.8,13.01,23.54,Republican,Democrat
Baraga County,michigan,1478,2512,2.2,6.5,39.2,25.7,10.8,10.3,5.2,0.4563,70.068,3.54,8158,1.25,70.52,7.33,31.42,19.97,18.83,13.59,16.19,Republican,Democrat
Barry County,michigan,11797,23471,2.1,4.8,36.5,23.8,9.2,16.4,7.2,0.4452,97.693,43.69,62423,3.43,90.96,0.47,33.62,13.15,18.24,13.06,21.93,Republican,Democrat
Bay County,michigan,26151,33125,2.2,6.8,33.7,25.0,12.2,13.9,6.2,0.4378,75.302,90.55,103856,5.71,87.44,1.54,31.28,18.44,22.97,10.5,16.82,Republican,Democrat
Benzie County,michigan,5480,6601,2.1,4.5,29.6,22.0,9.4,19.7,12.8,0.445,92.315,21.81,17970,2.18,92.36,0.31,35.01,20.3,20.34,9.22,15.13,Republican,Democrat
Berrien County,michigan,37438,43519,2.6,5.8,27.7,23.7,10.2,18.4,11.7,0.4823,86.184,104.68,154316,5.97,72.32,13.74,36.93,17.26,20.24,9.06,16.52,Republican,Democrat
Branch County,michigan,6159,14064,5.6,5.6,39.7,23.5,9.5,11.3,4.8,0.4201,76.834,34.15,44862,5.76,86.99,2.51,25.68,14.87,19.3,10.85,29.29,Republican,Democrat
Calhoun County,michigan,28877,36221,2.5,6.4,35.2,24.1,9.8,14.5,7.6,0.4438,77.674,73.26,134310,5.53,74.74,10.63,31.88,18.18,18.7,8.65,22.58,Republican,Democrat
Cass County,michigan,9130,16699,2.6,7.7,33.9,23.4,11.2,13.6,7.5,0.4654,90.773,40.65,51589,4.19,83.95,4.4,31.44,15.54,18.32,11.75,22.95,Republican,Democrat
Charlevoix County,michigan,6939,9841,1.2,4.1,27.6,23.3,10.8,20.0,13.0,0.4553,94.468,24.27,26054,1.63,91.66,0.28,35.7,19.72,17.69,9.73,17.17,Republican,Democrat
Cheboygan County,michigan,5437,10186,1.9,8.4,34.5,22.2,10.4,13.4,9.1,0.4294,75.863,13.88,25579,1.33,89.42,0.35,26.5,19.68,22.96,13.99,16.87,Republican,Democrat
Chippewa County,michigan,6648,10681,1.9,5.8,34.1,26.2,9.1,14.4,8.4,0.4823,78.556,9.08,36785,2.06,66.72,7.1,31.63,25.16,22.03,8.28,12.9,Republican,Democrat
Clare County,michigan,5199,10861,4.5,8.4,40.4,24.2,10.4,7.2,4.9,0.4619,65.699,21.21,30856,2.01,92.78,0.45,27.17,20.1,20.91,12.22,19.6,Republican,Democrat
Clinton County,michigan,21968,25098,1.8,3.1,25.7,24.7,12.5,20.4,11.9,0.4278,76.763,53.93,79128,4.98,85.83,2.07,40.59,14.89,21.68,9.11,13.73,Republican,Democrat
Crawford County,michigan,2672,5087,1.5,7.5,32.2,27.0,12.3,11.8,7.7,0.4008,67.054,9.16,12988,2.25,92.59,0.44,31.0,20.83,22.34,11.17,14.66,Republican,Democrat
Delta County,michigan,7606,13207,1.2,6.5,35.5,22.3,14.8,13.8,5.9,0.4505,72.837,12.15,36903,1.47,90.62,0.25,28.24,18.92,21.38,12.24,19.22,Republican,Democrat
Dickinson County,michigan,4744,9617,0.6,3.5,32.4,25.9,13.8,16.5,7.4,0.4346,79.478,13.16,25947,1.7,93.26,0.24,33.3,18.09,22.26,8.27,18.08,Republican,Democrat
Eaton County,michigan,31299,31798,1.7,3.5,26.8,26.6,11.1,20.4,9.9,0.3989,93.124,73.21,109175,5.98,79.87,6.84,38.07,15.6,20.64,7.93,17.76,Republican,Democrat
Emmet County,michigan,9662,12135,0.9,3.5,25.6,21.9,10.2,22.2,15.7,0.4633,98.07,28.14,34112,1.74,89.0,0.47,36.57,21.22,21.14,9.35,11.71,Republican,Democrat
Genesee County,michigan,119390,98714,2.3,6.7,31.4,25.9,10.9,14.8,8.0,0.4666,80.414,245.67,406211,4.0,69.79,19.47,33.68,18.55,20.39,8.39,18.98,Democrat,Democrat
Gladwin County,michigan,4524,9893,4.4,6.5,38.2,26.3,10.2,9.4,5.0,0.4468,71.643,19.59,25386,1.9,93.87,0.27,27.79,17.56,20.73,13.4,20.51,Republican,Democrat
Gogebic County,michigan,3570,4600,0.8,2.9,32.8,24.3,16.7,14.7,7.6,0.4793,68.14,5.11,14380,1.54,90.27,0.45,32.22,18.81,21.11,12.73,15.13,Republican,Democrat
Grand Traverse County,michigan,28683,30502,1.5,3.6,22.3,22.9,11.0,23.0,15.6,0.4372,96.733,79.26,95238,3.16,89.82,0.61,39.42,17.14,21.68,9.15,12.61,Republican,Democrat
Gratiot County,michigan,6693,12102,2.4,5.7,40.6,24.4,8.8,12.3,5.8,0.4447,77.56,28.21,41761,7.55,83.36,5.26,31.05,19.64,20.92,10.39,18.0,Republican,Democrat
Hillsdale County,michigan,5883,17037,3.6,6.1,40.9,21.4,8.4,11.5,8.0,0.4215,75.959,29.5,45746,2.56,92.13,0.43,30.84,16.31,18.87,10.19,23.79,Republican,Democrat
Houghton County,michigan,7750,10378,1.8,4.0,30.0,19.9,8.5,19.0,16.7,0.4795,73.321,14.32,37361,1.79,90.61,0.75,39.41,19.91,19.83,10.28,10.56,Republican,Democrat
Huron County,michigan,5490,12731,2.5,6.2,42.4,20.8,11.6,11.0,5.6,0.4339,71.283,14.53,31407,2.67,93.95,0.25,28.92,17.09,20.11,12.92,20.97,Republican,Democrat
Ingham County,michigan,94212,47639,2.2,4.2,21.4,22.3,9.2,22.4,18.3,0.476,85.939,196.17,284900,8.57,67.23,12.09,43.13,17.92,20.26,5.51,13.18,Democrat,Democrat
Ionia County,michigan,10901,20657,2.4,6.2,39.7,24.5,10.2,12.1,4.7,0.3762,80.108,45.05,66804,5.04,86.25,4.81,28.72,15.22,18.75,13.9,23.41,Republican,Democrat
Iosco County,michigan,5373,9759,1.8,8.4,37.5,25.8,10.3,9.6,6.7,0.434,58.793,17.79,25237,2.42,92.1,0.65,25.53,19.12,20.73,16.78,17.84,Republican,Democrat
Iron County,michigan,2493,4216,1.7,5.6,42.2,20.5,10.1,12.8,7.0,0.4341,65.979,3.84,11631,1.77,93.05,0.21,27.9,19.53,18.51,12.18,21.88,Republican,Democrat
Isabella County,michigan,14072,14815,2.7,4.7,30.9,22.2,8.9,16.5,14.2,0.4801,71.46,43.78,64394,4.67,82.26,3.22,32.15,24.39,19.89,8.43,15.15,Republican,Democrat
Jackson County,michigan,31995,47372,1.8,6.2,35.5,23.6,10.5,14.9,7.6,0.4456,82.443,88.36,160366,3.86,81.75,7.72,34.69,18.09,20.05,9.33,17.84,Republican,Democrat
Kalamazoo County,michigan,83686,56823,1.6,4.0,22.9,21.7,9.2,24.6,15.9,0.4609,92.248,179.62,261670,5.65,73.92,11.34,42.3,18.19,19.04,6.43,14.04,Democrat,Democrat
Kalkaska County,michigan,3002,7436,2.5,9.1,38.2,24.7,8.2,10.8,6.5,0.4287,73.664,12.37,17939,1.98,92.11,0.22,25.61,19.19,22.35,15.28,17.58,Republican,Democrat
Kent County,michigan,187915,165741,3.2,4.3,23.9,20.7,9.2,24.9,13.7,0.4509,76.763,298.96,657974,11.43,70.75,9.48,40.92,14.88,20.52,6.71,16.97,Democrat,Democrat
Keweenaw County,michigan,672,862,1.2,0.7,28.5,19.5,11.8,21.9,16.4,0.4573,81.422,1.49,2046,1.32,95.21,0.2,47.49,16.83,15.58,11.81,8.29,Republican,Democrat
Lake County,michigan,2288,3946,4.9,12.9,41.3,22.4,6.4,8.8,3.3,0.4451,58.943,8.36,12096,9.88,77.38,6.57,23.69,25.25,19.76,12.19,19.11,Republican,Democrat
Lapeer County,michigan,16367,35482,2.3,5.7,36.6,25.5,10.8,12.7,6.4,0.4293,94.615,52.93,88619,4.79,89.0,1.09,33.94,14.32,18.02,13.93,19.79,Republican,Democrat
Leelanau County,michigan,8795,7916,0.9,2.8,19.5,18.5,9.6,28.1,20.5,0.4635,76.763,24.94,22301,4.11,88.7,0.29,44.75,17.19,18.99,9.57,9.5,Democrat,Democrat
Lenawee County,michigan,20918,31541,2.4,6.5,35.7,22.9,10.0,14.4,8.1,0.4205,81.943,51.13,99423,8.54,83.61,2.45,31.01,19.68,18.08,9.88,21.35,Republican,Democrat
Livingston County,michigan,48220,76982,0.9,3.0,24.9,23.1,9.9,25.8,12.3,0.4097,76.763,132.71,193866,2.84,91.17,0.58,44.16,13.89,21.11,9.66,11.19,Republican,Democrat
Luce County,michigan,842,2109,1.8,6.4,40.2,22.6,11.7,10.0,7.3,0.4133,63.279,2.34,5339,1.39,84.55,0.22,40.85,22.55,22.34,7.61,6.65,Republican,Democrat
Mackinac County,michigan,2632,4304,2.1,5.3,36.3,22.8,7.8,16.0,9.7,0.4461,76.023,4.1,10834,1.54,73.98,0.52,36.4,23.27,18.79,10.78,10.76,Republican,Democrat
Macomb County,michigan,223952,263863,3.4,6.0,29.2,23.9,10.7,17.3,9.5,0.4261,93.292,707.57,881217,2.97,75.49,12.32,36.89,16.28,21.97,7.61,17.25,Republican,Democrat
Manistee County,michigan,6107,8321,2.3,7.3,32.9,25.1,9.8,15.8,6.7,0.4601,81.418,17.84,25032,3.32,87.23,2.42,31.42,22.29,19.53,12.54,14.22,Republican,Democrat
Marquette County,michigan,20465,16286,0.9,3.7,28.2,22.1,10.4,23.8,10.9,0.4148,77.317,14.17,66017,2.04,89.43,1.2,34.23,22.87,21.57,10.09,11.23,Democrat,Democrat
Mason County,michigan,6802,10207,1.8,4.7,34.6,21.8,12.9,14.4,9.8,0.4419,79.695,22.76,29052,4.44,89.3,0.57,32.84,16.28,20.93,11.29,18.65,Republican,Democrat
Mecosta County,michigan,7375,13267,2.4,5.7,37.5,21.7,9.0,14.8,8.9,0.4199,68.387,27.91,39714,2.58,89.44,1.94,31.4,18.88,17.95,11.57,20.21,Republican,Democrat
Menominee County,michigan,4316,8117,2.3,5.0,42.4,21.3,12.3,11.1,5.5,0.426,69.402,8.67,23502,2.07,90.74,0.42,27.18,17.55,17.28,11.74,26.25,Republican,Democrat
Midland County,michigan,20493,27675,1.3,3.7,27.8,19.9,11.7,21.3,14.3,0.4615,99.402,62.26,83494,3.18,88.42,1.13,42.81,17.08,19.51,7.72,12.88,Republican,Democrat
Missaukee County,michigan,1967,6648,2.4,7.3,41.2,21.3,11.0,11.9,5.0,0.4221,74.849,10.32,15052,3.32,92.61,0.22,27.07,16.47,19.26,17.46,19.75,Republican,Democrat
Monroe County,michigan,32975,52710,1.8,6.5,33.4,23.9,11.8,14.5,8.1,0.4237,92.489,108.81,154809,4.02,87.44,2.61,33.97,16.06,18.02,11.24,20.7,Republican,Democrat
Montcalm County,michigan,9703,21815,3.3,8.5,40.4,23.6,9.9,9.9,4.5,0.396,73.32,36.62,66614,4.05,88.39,3.18,23.76,16.57,20.59,14.37,24.71,Republican,Democrat
Montmorency County,michigan,1628,4171,2.1,9.7,39.8,22.8,10.3,10.1,5.1,0.4227,58.223,6.54,9153,1.37,93.42,0.13,27.18,16.86,24.28,14.12,17.55,Republican,Democrat
Muskegon County,michigan,45643,45133,2.4,5.5,35.2,24.1,12.1,14.4,6.3,0.4367,78.993,134.81,175824,5.85,74.02,13.44,29.63,18.57,18.65,8.29,24.87,Democrat,Democrat
Newaygo County,michigan,7873,18857,3.1,7.5,40.0,21.5,9.6,12.4,5.8,0.4254,74.773,23.07,49978,5.94,87.87,0.85,27.95,16.31,19.1,13.11,23.54,Republican,Democrat
Oakland County,michigan,434148,325971,1.9,3.4,18.0,18.9,8.3,27.9,21.6,0.4667,76.763,566.32,1274395,4.77,68.98,13.25,52.61,12.89,19.52,5.16,9.82,Democrat,Democrat
Oceana County,michigan,4944,8892,3.8,6.5,37.9,21.9,10.3,12.5,7.1,0.4053,73.788,19.16,26659,15.41,79.49,0.46,26.96,16.48,17.11,15.25,24.2,Republican,Democrat
Ogemaw County,michigan,3475,8253,2.0,9.8,38.0,24.2,11.5,9.8,4.8,0.4414,65.133,14.27,20770,2.1,92.77,0.28,30.02,20.41,22.42,10.68,16.46,Republican,Democrat
Ontonagon County,michigan,1391,2358,1.1,5.3,42.7,23.9,11.7,10.3,4.9,0.4147,61.107,1.73,5816,1.17,93.43,0.14,31.19,22.77,17.97,12.48,15.59,Republican,Democrat
Osceola County,michigan,3214,8928,3.7,7.0,39.8,23.3,9.7,11.1,5.5,0.4062,68.119,15.7,22891,1.75,92.56,0.68,26.04,17.88,16.64,13.4,26.04,Republican,Democrat
Oscoda County,michigan,1342,3466,5.4,9.1,37.7,26.2,7.8,9.4,4.4,0.4052,59.781,5.64,8219,1.87,93.49,0.1,25.14,22.29,19.22,13.19,20.16,Republican,Democrat
Otsego County,michigan,4743,9779,1.7,3.9,32.1,24.9,11.2,17.3,8.9,0.4263,79.912,18.91,25091,1.78,92.29,0.4,33.15,20.42,21.36,8.88,16.2,Republican,Democrat
Ottawa County,michigan,64705,100913,2.0,3.9,26.6,21.0,10.1,24.2,12.3,0.4185,76.763,202.93,296200,9.92,81.54,1.71,39.48,14.93,19.56,7.77,18.26,Republican,Democrat
Presque Isle County,michigan,2911,5342,2.4,5.5,36.8,23.3,12.2,13.5,6.3,0.435,73.66,7.67,12982,1.19,94.61,0.22,32.17,15.79,20.93,15.94,15.17,Republican,Democrat
Roscommon County,michigan,5166,9670,2.3,7.0,33.8,26.6,11.8,10.5,8.0,0.4684,70.516,17.49,23459,1.85,93.28,0.26,31.31,21.79,22.19,10.7,14.01,Republican,Democrat
Saginaw County,michigan,51088,50785,2.3,7.1,32.7,23.5,11.5,14.9,8.0,0.4747,79.21,91.52,190124,8.89,67.7,17.65,33.96,19.92,21.38,7.51,17.22,Democrat,Democrat
Sanilac County,michigan,5966,16194,3.1,6.1,42.8,22.7,10.0,10.1,5.2,0.426,72.456,16.35,40611,4.12,91.62,0.37,29.34,15.08,18.68,15.64,21.26,Republican,Democrat
Schoolcraft County,michigan,1589,3090,3.0,8.1,38.3,20.2,10.4,13.0,7.1,0.4589,72.108,2.66,8047,1.19,83.6,0.12,29.22,23.38,19.24,11.42,16.73,Republican,Democrat
Shiawassee County,michigan,15347,23149,1.8,6.1,34.4,26.8,11.8,12.8,6.3,0.4141,79.801,49.54,68094,2.97,91.4,0.47,29.68,18.34,20.52,11.61,19.85,Republican,Democrat
St. Clair County,michigan,31363,59185,1.8,6.3,33.4,26.2,12.4,12.5,7.4,0.4255,85.544,85.76,160383,3.43,88.78,2.35,31.85,17.87,18.56,12.32,19.4,Republican,Democrat
St. Joseph County,michigan,9262,18127,6.0,6.7,36.1,23.6,10.4,10.7,6.4,0.409,76.121,46.96,60939,8.91,83.16,2.2,25.43,13.75,17.19,10.67,32.96,Republican,Democrat
Tuscola County,michigan,8712,20297,1.9,6.6,45.5,20.7,10.1,10.3,5.0,0.4037,73.29,25.53,53323,3.39,91.16,0.75,26.69,18.19,19.85,14.26,21.01,Republican,Democrat
Van Buren County,michigan,16803,21591,4.5,7.1,32.7,23.5,10.1,14.2,8.0,0.4286,81.574,48.05,75587,11.86,78.58,3.11,31.23,18.01,18.68,11.96,20.12,Republican,Democrat
Washtenaw County,michigan,157136,56241,1.4,2.9,14.4,17.2,6.8,26.9,30.6,0.489,76.763,202.47,372258,5.57,67.75,11.32,56.54,14.59,15.86,4.04,8.98,Democrat,Democrat
Wayne County,michigan,597170,264553,3.9,8.3,29.6,23.2,8.5,16.0,10.5,0.4903,81.036,1124.32,1793561,6.56,47.79,37.32,35.85,18.38,20.18,6.61,18.98,Democrat,Democrat
Wexford County,michigan,5838,12102,2.6,7.4,36.3,23.7,10.2,13.0,6.9,0.4359,74.61,23.08,33673,2.35,91.42,0.56,30.93,15.36,18.98,9.14,25.59,Republican,Democrat
Aitkin County,minnesota,3607,6258,1.6,5.8,37.2,24.9,12.1,12.5,5.8,0.4357,71.757,3.36,15697,1.4,92.24,0.37,30.6,18.29,22.09,13.65,15.37,Republican,Democrat
Anoka County,minnesota,100893,104902,2.3,3.5,27.4,22.7,12.7,22.7,8.8,0.3883,76.763,333.04,363887,5.36,75.9,7.8,39.28,14.71,21.57,8.47,15.97,Republican,Democrat
Becker County,minnesota,6589,12438,2.0,4.8,28.8,23.4,14.6,18.1,8.2,0.4721,93.555,10.34,35183,1.63,84.26,0.57,37.42,17.87,17.43,11.77,15.52,Republican,Democrat
Beltrami County,minnesota,11426,12188,1.9,5.7,26.5,21.7,12.8,19.3,12.2,0.4375,81.939,7.13,46228,2.4,70.18,1.12,37.64,20.91,20.38,9.51,11.56,Republican,Democrat
Benton County,minnesota,7280,14382,2.0,6.3,28.8,23.9,15.3,16.5,7.1,0.3927,87.758,39.05,41379,2.94,86.57,4.81,34.13,17.34,21.16,10.25,17.11,Republican,Democrat
Big Stone County,minnesota,1053,1863,3.2,3.4,38.9,17.9,16.2,12.7,7.7,0.4411,79.511,3.99,5166,2.71,93.09,0.37,38.94,14.92,20.13,10.72,15.3,Republican,Democrat
Blue Earth County,minnesota,18330,16731,2.0,3.1,24.8,20.5,14.4,23.2,12.0,0.4346,87.952,35.64,69112,4.66,82.8,5.6,36.92,21.09,17.91,7.5,16.58,Democrat,Democrat
Brown County,minnesota,4753,9552,2.2,4.8,35.2,21.8,12.0,17.0,6.9,0.4,82.692,16.35,25912,4.52,92.5,0.46,34.13,16.17,19.24,10.06,20.4,Republican,Democrat
Carlton County,minnesota,10098,9791,2.0,3.9,31.6,24.0,13.5,16.7,8.4,0.4073,91.973,16.3,36207,1.69,85.37,1.54,36.18,20.18,18.32,10.18,15.13,Democrat,Democrat
Carver County,minnesota,30774,34009,1.9,1.8,18.0,17.3,11.2,33.0,16.8,0.4152,76.763,116.98,106922,4.96,85.52,2.03,50.67,11.42,20.5,7.24,10.17,Republican,Democrat
Cass County,minnesota,6342,11620,1.6,4.5,31.7,25.3,12.0,17.6,7.2,0.4327,81.8,5.79,30066,1.42,82.07,0.21,31.55,19.8,22.32,11.98,14.35,Republican,Democrat
Chippewa County,minnesota,2226,4250,3.4,5.8,33.3,21.8,15.8,13.2,6.6,0.4267,76.829,8.28,12598,9.87,83.13,0.6,33.3,14.65,24.34,10.14,17.58,Republican,Democrat
Chisago County,minnesota,11806,21916,1.0,3.8,32.2,24.2,15.3,16.7,6.8,0.3781,76.763,52.98,56621,2.56,89.73,1.49,36.27,16.48,18.04,13.21,16.0,Republican,Democrat
Clay County,minnesota,16357,15043,2.0,3.7,22.7,20.5,14.4,25.1,11.6,0.443,92.12,24.13,65318,4.61,83.32,4.81,40.67,17.4,21.06,9.06,11.82,Democrat,Democrat
Clearwater County,minnesota,1260,3372,3.6,8.9,36.9,21.4,11.0,12.9,5.4,0.4451,81.621,3.3,8524,1.18,83.89,0.22,31.28,17.67,20.31,14.42,16.32,Republican,Democrat
Cook County,minnesota,2496,1203,0.5,2.3,23.2,18.0,9.6,28.1,18.3,0.4064,93.044,1.49,5600,2.2,83.39,0.45,44.61,13.66,24.2,8.07,9.46,Democrat,Democrat
Cottonwood County,minnesota,1834,4165,3.3,5.4,33.9,22.4,12.5,16.9,5.6,0.415,79.763,6.93,11517,9.68,81.77,1.17,35.09,14.3,19.66,12.41,18.54,Republican,Democrat
Crow Wing County,minnesota,13726,25676,1.2,4.5,29.0,24.9,13.3,17.8,9.3,0.4293,85.233,25.74,66123,1.38,92.63,0.58,36.74,18.46,19.5,9.82,15.47,Republican,Democrat
Dakota County,minnesota,146155,109638,1.8,2.6,19.8,19.9,11.8,30.1,14.0,0.4105,76.763,301.42,439882,8.25,73.57,7.32,46.77,14.0,20.71,6.4,12.12,Democrat,Democrat
Dodge County,minnesota,4079,7783,1.2,3.0,29.4,20.4,15.7,22.4,7.9,0.3857,76.763,18.36,20867,5.07,90.13,0.6,38.76,13.75,18.58,13.42,15.49,Republican,Democrat
Douglas County,minnesota,7868,15799,1.4,2.9,30.0,19.4,17.8,19.8,8.6,0.4377,95.293,23.69,39006,2.09,93.91,0.57,36.8,17.05,19.79,8.15,18.2,Republican,Democrat
Faribault County,minnesota,2531,5191,2.0,4.8,33.9,23.9,14.0,16.3,5.1,0.4244,81.221,7.55,13921,7.28,89.09,0.4,32.38,15.36,18.84,14.72,18.7,Republican,Democrat
Fillmore County,minnesota,4551,7301,3.8,4.3,31.9,21.7,15.1,15.6,7.7,0.4003,88.442,9.53,21228,1.61,95.03,0.46,36.49,16.23,17.91,13.48,15.89,Republican,Democrat
Freeborn County,minnesota,6889,9578,4.6,6.8,33.4,23.6,14.4,12.0,5.1,0.4478,86.121,16.85,30895,10.3,81.15,1.49,30.16,15.73,19.65,11.09,23.38,Republican,Democrat
Goodhue County,minnesota,11806,16052,1.5,4.0,33.5,20.5,12.7,18.3,9.5,0.4212,94.882,24.34,47582,3.78,89.35,1.39,37.3,16.33,16.89,12.61,16.87,Republican,Democrat
Grant County,minnesota,1300,2269,1.6,5.2,31.8,24.2,18.2,14.0,5.1,0.4532,86.753,4.29,6074,2.22,93.83,0.21,32.98,18.12,19.33,14.2,15.37,Republican,Democrat
Hennepin County,minnesota,532623,205973,3.2,2.9,15.3,17.3,8.6,33.0,19.6,0.4792,76.763,885.65,1281565,7.67,65.61,13.23,53.89,13.28,18.81,3.91,10.11,Democrat,Democrat
Houston County,minnesota,4853,6334,1.2,4.0,33.4,18.3,16.4,19.9,6.8,0.4059,90.338,13.17,18843,1.29,94.68,0.48,34.91,14.24,18.56,13.02,19.27,Republican,Democrat
Hubbard County,minnesota,4462,8202,1.2,4.7,28.1,23.0,13.4,19.4,10.2,0.4489,88.072,8.96,21344,2.29,89.67,0.38,32.81,16.55,20.44,13.09,17.1,Republican,Democrat
Isanti County,minnesota,7138,16491,1.5,6.0,34.6,26.0,12.1,14.5,5.2,0.3926,98.379,36.55,41135,2.18,91.31,0.76,32.94,14.22,18.44,16.53,17.87,Republican,Democrat
Itasca County,minnesota,10786,15239,1.0,4.6,30.4,24.8,14.6,16.0,8.7,0.432,82.091,6.52,45014,1.37,89.23,0.39,33.7,18.89,19.98,12.58,14.85,Republican,Democrat
Jackson County,minnesota,1745,3948,1.9,4.6,33.5,21.9,15.0,17.5,5.6,0.4162,84.048,5.49,9989,4.01,90.36,1.2,34.14,17.03,14.64,13.69,20.49,Republican,Democrat
Kanabec County,minnesota,2774,6278,2.7,6.0,38.8,26.9,10.7,9.3,5.7,0.3964,82.961,11.95,16032,1.48,93.28,0.41,28.3,19.58,18.14,16.63,17.35,Republican,Democrat
Kandiyohi County,minnesota,8440,14437,5.5,4.4,26.9,22.3,15.1,18.3,7.6,0.4175,89.005,21.15,43732,13.53,76.15,5.99,34.91,15.86,20.26,11.0,17.96,Republican,Democrat
Kittson County,minnesota,1006,1546,2.0,2.0,35.6,22.1,11.1,18.9,8.3,0.4156,83.162,1.47,4207,1.97,94.46,0.02,36.46,16.46,18.16,12.77,16.17,Republican,Democrat
Koochiching County,minnesota,2659,4131,1.7,5.6,33.3,28.3,14.1,13.0,4.1,0.4024,76.411,1.5,12062,1.38,90.53,0.36,29.68,15.92,22.05,14.52,17.84,Republican,Democrat
Lac qui Parle County,minnesota,1446,2528,1.1,4.8,36.9,21.7,14.7,15.7,5.0,0.4437,86.77,3.4,6719,3.01,92.93,0.48,43.68,13.2,14.32,13.51,15.29,Republican,Democrat
Lake County,minnesota,3647,3393,1.4,5.8,30.8,21.8,14.3,17.0,9.0,0.3973,85.459,2.0,10905,1.04,94.28,0.1,34.06,20.97,15.49,13.34,16.14,Democrat,Democrat
Lake of the Woods County,minnesota,671,1704,0.4,3.6,32.1,29.7,12.9,16.0,5.2,0.4226,77.077,1.13,3763,1.49,92.93,0.32,24.51,18.69,16.84,13.54,26.42,Republican,Democrat
Le Sueur County,minnesota,5672,10775,1.4,3.7,33.7,21.8,14.8,17.4,7.3,0.3987,76.763,24.78,28674,6.53,88.8,0.91,35.36,15.67,17.78,12.43,18.75,Republican,Democrat
Lincoln County,minnesota,937,2121,2.7,4.0,35.8,21.8,13.3,15.7,6.7,0.4401,82.712,4.05,5640,1.9,95.18,0.18,38.86,15.41,20.25,11.78,13.7,Republican,Democrat
Lyon County,minnesota,4634,7979,3.3,3.9,28.1,23.8,13.3,19.8,7.7,0.4519,88.922,13.7,25269,6.9,81.27,3.59,37.54,17.09,20.13,9.56,15.67,Republican,Democrat
Mahnomen County,minnesota,1112,1142,3.5,9.5,35.2,25.6,12.4,9.7,4.0,0.4429,68.803,3.73,5411,2.85,42.1,0.15,34.24,23.84,18.08,14.29,9.56,Republican,Democrat
Marshall County,minnesota,1295,3721,2.2,5.2,39.1,21.2,13.8,14.5,4.0,0.3842,83.132,1.96,9040,4.31,92.17,0.13,36.26,11.99,19.86,13.51,18.38,Republican,Democrat
Martin County,minnesota,3305,7480,1.9,4.0,34.0,23.3,13.7,15.4,7.7,0.419,78.734,10.82,20025,6.59,89.62,0.56,33.66,16.79,20.42,11.27,17.87,Republican,Democrat
McLeod County,minnesota,6413,13986,1.7,4.8,34.4,24.1,16.1,12.4,6.5,0.4248,93.548,28.85,36771,6.95,88.55,0.61,30.07,14.25,19.48,12.41,23.79,Republican,Democrat
Meeker County,minnesota,3867,9359,1.6,4.4,35.4,23.0,15.7,13.8,6.2,0.4221,93.631,14.83,23400,4.06,92.38,0.4,32.59,14.35,18.96,13.29,20.82,Republican,Democrat
Mille Lacs County,minnesota,4404,9952,2.0,7.4,36.5,23.8,13.7,11.3,5.4,0.4209,83.413,18.0,26459,1.82,87.42,0.29,27.4,20.8,17.38,13.7,20.73,Republican,Democrat
Morrison County,minnesota,4367,14821,2.3,5.3,39.1,22.3,13.5,12.3,5.1,0.424,82.157,11.68,34010,1.86,94.18,0.53,28.27,18.36,19.57,13.66,20.13,Republican,Democrat
Mower County,minnesota,8899,10025,4.6,4.4,34.1,20.5,12.4,16.0,8.0,0.4189,86.37,21.76,40029,12.69,74.46,4.03,30.46,16.1,15.21,11.08,27.15,Republican,Democrat
Murray County,minnesota,1449,3363,3.5,5.3,35.8,21.8,12.1,16.7,4.9,0.4106,86.878,4.48,8179,4.67,91.49,0.32,36.22,14.93,16.7,13.37,18.78,Republican,Democrat
Nicollet County,minnesota,9622,9018,1.4,3.5,24.7,20.7,14.7,23.3,11.7,0.4596,76.763,29.6,34454,5.22,85.0,4.85,38.31,16.96,21.8,8.13,14.81,Democrat,Democrat
Nobles County,minnesota,2933,5600,14.9,5.8,31.2,20.6,10.5,13.2,3.9,0.4187,80.292,11.98,22290,32.62,54.5,4.39,27.37,16.35,16.22,10.65,29.42,Republican,Democrat
Norman County,minnesota,1404,1953,2.8,4.3,33.4,21.0,16.6,17.6,4.3,0.4416,83.804,2.86,6441,4.47,88.53,0.26,36.42,11.83,21.03,15.65,15.07,Republican,Democrat
Olmsted County,minnesota,49491,39692,2.5,2.6,19.6,15.8,11.8,26.6,21.0,0.4569,76.763,95.89,162847,5.65,76.61,6.73,53.31,14.96,16.56,5.94,9.24,Democrat,Democrat
Otter Tail County,minnesota,11958,23800,2.6,4.2,27.1,23.3,16.2,18.1,8.4,0.4343,86.947,11.76,60081,3.69,90.48,1.4,36.03,16.15,19.29,12.58,15.95,Republican,Democrat
Pennington County,minnesota,2568,4532,1.2,3.5,30.2,22.1,23.4,14.3,5.3,0.3882,84.891,8.76,13992,4.8,87.49,1.27,28.32,15.12,24.36,7.2,25.0,Republican,Democrat
Pine County,minnesota,5419,10256,1.9,6.9,40.9,22.6,12.3,10.8,4.6,0.4154,78.804,7.96,28876,2.47,86.99,1.63,29.42,22.13,17.09,14.2,17.16,Republican,Democrat
Pipestone County,minnesota,1306,3553,2.7,4.6,36.7,22.7,12.7,14.1,6.4,0.425,84.111,7.79,9424,8.53,85.49,1.14,34.93,16.72,16.08,15.28,16.99,Republican,Democrat
Polk County,minnesota,5439,9865,2.6,4.0,29.2,23.3,14.2,19.5,7.1,0.4196,83.41,6.1,31192,6.41,85.08,3.07,34.42,17.18,20.58,13.6,14.21,Republican,Democrat
Pope County,minnesota,2477,4417,2.0,2.7,30.6,23.2,19.0,15.2,7.2,0.4201,89.07,6.47,11308,1.69,95.07,0.3,37.6,14.46,19.57,11.77,16.6,Republican,Democrat
Ramsey County,minnesota,211620,77376,4.8,4.0,20.3,17.5,8.7,27.1,17.6,0.4635,76.763,1387.71,552352,8.15,58.02,12.69,46.46,16.29,19.05,5.48,12.72,Democrat,Democrat
Red Lake County,minnesota,691,1454,1.8,3.1,36.5,24.5,16.8,14.4,3.0,0.4008,83.685,3.49,3935,2.62,92.12,0.38,32.33,12.96,21.35,13.17,20.18,Republican,Democrat
Redwood County,minnesota,2355,5771,2.6,4.4,36.2,25.1,11.7,15.0,5.0,0.4195,80.89,6.78,15425,3.22,85.08,0.49,34.48,16.25,17.92,16.21,15.13,Republican,Democrat
Renville County,minnesota,2496,5467,2.6,6.0,34.9,24.6,13.9,14.1,3.9,0.4123,82.725,5.78,14723,8.96,86.71,0.41,32.27,17.5,17.14,13.1,19.99,Republican,Democrat
Rice County,minnesota,17402,17464,2.9,4.6,32.3,19.1,11.2,18.8,11.1,0.4327,99.972,52.29,67097,10.11,76.79,6.49,35.18,18.14,19.14,11.17,16.36,Republican,Democrat
Rock County,minnesota,1556,3583,2.2,3.8,33.4,21.1,12.1,20.0,7.5,0.4401,93.192,7.73,9704,3.75,91.57,0.52,41.71,20.73,14.45,8.65,14.47,Republican,Democrat
Roseau County,minnesota,2188,6065,1.9,5.2,37.4,23.5,12.0,15.9,4.1,0.423,87.183,3.53,15331,1.55,89.36,0.55,30.36,11.91,16.65,9.45,31.63,Republican,Democrat
Scott County,minnesota,40040,45872,2.3,2.8,20.3,18.4,13.4,30.1,12.7,0.4083,76.763,164.09,150928,5.97,76.61,5.39,44.32,14.12,20.79,7.37,13.38,Republican,Democrat
Sherburne County,minnesota,18065,36222,1.6,4.0,28.4,24.2,14.5,19.4,7.8,0.3759,76.763,87.24,97183,2.9,87.22,3.75,36.14,14.93,18.78,11.82,18.32,Republican,Democrat
Sibley County,minnesota,2417,5864,2.9,3.9,37.6,24.5,13.3,14.3,3.5,0.4198,92.467,9.8,14836,8.86,87.23,0.55,31.51,14.45,17.0,15.3,21.74,Republican,Democrat
St. Louis County,minnesota,67704,49017,1.4,3.7,25.4,24.7,13.1,20.1,11.6,0.4531,86.713,12.37,200231,1.8,87.95,2.04,38.43,19.6,19.08,10.51,12.38,Democrat,Democrat
Stearns County,minnesota,31879,50959,3.7,3.6,27.4,22.5,14.4,18.7,9.8,0.4314,92.557,45.61,158292,4.39,81.67,8.35,36.18,17.19,20.78,9.26,16.59,Republican,Democrat
Steele County,minnesota,7917,12656,2.3,5.1,30.3,22.5,11.5,18.7,9.7,0.426,97.853,33.61,37406,8.39,83.88,3.63,36.27,13.61,19.21,10.21,20.71,Republican,Democrat
Stevens County,minnesota,1922,3044,3.5,2.9,30.7,20.8,13.5,20.3,8.3,0.4823,97.998,6.63,9671,10.2,83.68,0.87,33.87,18.84,19.13,13.65,14.51,Republican,Democrat
Swift County,minnesota,1784,3316,3.3,3.6,32.3,23.2,14.7,19.0,3.9,0.4586,81.827,5.1,9838,6.73,87.6,0.8,38.6,15.59,16.94,12.39,16.49,Republican,Democrat
Todd County,minnesota,3286,9753,5.5,5.5,40.6,21.5,12.1,10.5,4.4,0.4079,76.266,10.33,25262,8.74,87.55,0.38,29.82,14.62,16.18,13.75,25.63,Republican,Democrat
Traverse County,minnesota,661,1172,2.4,3.7,36.8,21.8,19.1,11.9,4.3,0.428,81.057,2.25,3360,5.86,84.85,0.62,41.18,16.39,18.26,11.65,12.52,Republican,Democrat
Wabasha County,minnesota,4696,8153,2.3,3.2,32.5,20.6,14.7,18.4,8.3,0.4119,93.379,15.85,21387,3.31,93.15,0.57,39.33,16.29,19.26,10.59,14.53,Republican,Democrat
Wadena County,minnesota,2023,5520,2.7,4.9,35.3,23.0,15.8,14.4,3.9,0.4064,68.445,10.16,14065,1.94,92.74,0.84,28.57,18.17,17.97,15.07,20.22,Republican,Democrat
Waseca County,minnesota,3496,6624,1.9,5.1,35.1,21.2,14.6,16.4,5.5,0.4226,91.089,17.28,18968,6.7,87.19,1.77,32.81,15.95,21.26,11.1,18.88,Republican,Democrat
Washington County,minnesota,89165,73764,1.4,2.4,19.0,18.8,10.4,30.8,17.0,0.426,76.763,269.62,267568,4.89,77.84,5.16,50.31,13.56,19.78,6.09,10.26,Democrat,Democrat
Watonwan County,minnesota,1987,3103,7.2,5.0,34.7,24.5,10.5,13.5,4.7,0.4458,84.276,9.95,11253,28.68,68.33,0.37,32.41,13.24,18.77,17.45,18.13,Republican,Democrat
Wilkin County,minnesota,1026,2328,1.9,4.7,30.8,21.4,16.9,18.8,5.4,0.4502,89.697,3.32,6506,3.24,90.96,0.63,35.12,14.48,18.82,16.85,14.73,Republican,Democrat
Winona County,minnesota,13333,13227,2.2,4.7,26.5,20.2,14.7,21.0,10.8,0.4347,83.555,30.7,49671,3.8,88.94,1.8,36.13,17.2,20.8,8.72,17.15,Democrat,Democrat
Wright County,minnesota,28430,51973,1.4,3.7,28.1,20.8,12.9,23.2,9.9,0.3789,76.763,83.24,141337,3.32,89.17,1.84,41.69,11.9,21.09,12.13,13.19,Republican,Democrat
Yellow Medicine County,minnesota,1688,3734,2.2,5.2,32.7,23.9,16.6,14.1,5.3,0.4221,87.454,4.87,9528,4.7,88.25,0.5,33.23,16.84,19.44,14.73,15.76,Republican,Democrat
Adams County,mississippi,7917,5696,6.0,11.4,33.1,20.3,8.9,12.0,8.3,0.51,55.372,24.57,29538,3.43,36.99,56.57,31.26,23.11,20.84,10.75,14.04,Democrat,Republican
Alcorn County,mississippi,2782,12818,7.0,11.1,34.1,21.0,9.2,11.3,6.3,0.4855,65.607,33.51,34740,3.59,79.84,12.42,30.22,17.1,21.04,8.15,23.49,Republican,Republican
Amite County,mississippi,2620,4503,1.7,10.8,42.3,23.2,12.8,4.4,4.8,0.5003,50.09,6.71,12720,1.01,58.44,38.01,26.16,16.1,19.17,13.7,24.87,Republican,Republican
Attala County,mississippi,3542,5178,5.3,10.6,36.7,20.3,10.9,11.5,4.7,0.5375,68.671,9.37,17889,1.85,52.6,42.72,24.84,19.48,19.92,10.87,24.89,Republican,Republican
Benton County,mississippi,1679,2570,9.2,12.8,33.8,25.0,8.2,6.1,4.9,0.4693,55.802,7.25,7646,1.9,59.7,34.71,21.33,17.15,15.92,15.62,29.97,Republican,Republican
Bolivar County,mississippi,8904,4671,6.5,11.3,25.4,18.7,11.0,15.0,12.2,0.5585,64.115,13.52,30985,2.56,32.1,62.15,34.67,20.48,20.55,10.27,14.04,Democrat,Republican
Calhoun County,mississippi,1902,4625,6.7,15.0,34.9,19.8,11.6,7.6,4.4,0.4158,55.856,8.68,13266,5.63,65.29,25.96,20.5,17.94,16.92,14.4,30.23,Republican,Republican
Carroll County,mississippi,1729,3924,6.6,14.6,31.2,18.6,11.0,14.1,3.9,0.4601,61.964,6.1,9998,1.54,65.3,30.31,32.75,12.5,20.93,20.11,13.71,Republican,Republican
Chickasaw County,mississippi,3810,4175,7.9,16.0,33.8,20.6,10.4,8.4,2.9,0.4667,52.908,13.1,17106,3.75,50.18,43.3,20.51,12.95,24.72,8.22,33.61,Republican,Republican
Choctaw County,mississippi,1185,3001,2.0,11.1,41.6,17.3,10.7,10.0,7.3,0.5014,66.543,7.58,8246,1.42,67.41,28.28,30.54,17.95,16.08,13.07,22.36,Republican,Republican
Claiborne County,mississippi,3772,603,4.8,13.1,29.4,23.5,7.0,8.4,13.9,0.5425,51.995,7.16,9135,0.79,10.66,87.13,31.38,17.92,22.65,10.36,17.69,Democrat,Republican
Clarke County,mississippi,2838,5417,3.8,10.5,35.9,23.6,13.5,8.6,4.1,0.4987,64.381,8.68,15615,0.85,63.72,32.68,28.99,17.69,19.8,12.43,21.09,Republican,Republican
Clay County,mississippi,5844,4181,5.3,13.0,33.4,17.7,12.6,11.3,6.7,0.5131,56.933,17.51,18636,1.0,38.61,57.87,24.96,17.3,21.03,9.33,27.38,Democrat,Republican
Coahoma County,mississippi,6020,2375,8.4,10.3,24.3,25.0,12.0,12.6,7.4,0.522,54.256,14.84,21390,1.64,20.03,75.78,34.96,25.49,16.92,10.24,12.4,Democrat,Republican
Copiah County,mississippi,6470,6250,5.0,10.2,31.9,20.1,11.6,15.5,5.8,0.535,75.649,14.01,28368,3.92,42.9,50.28,28.81,19.97,20.07,7.73,23.41,Democrat,Republican
Covington County,mississippi,3416,5854,4.6,12.5,32.3,22.4,12.4,11.0,4.7,0.4866,58.449,17.1,18340,2.28,60.23,34.81,29.41,13.83,21.46,10.45,24.85,Republican,Republican
DeSoto County,mississippi,28265,46462,3.0,5.8,28.8,23.7,11.3,18.0,9.4,0.3985,94.033,150.94,185314,5.48,58.53,30.2,36.95,13.56,21.42,9.04,19.03,Republican,Republican
Forrest County,mississippi,13755,17290,2.8,7.7,26.2,23.1,11.6,15.3,13.4,0.5008,71.069,64.55,78158,4.17,55.17,36.02,32.69,19.07,25.57,7.56,15.11,Republican,Republican
Franklin County,mississippi,1480,2923,7.5,8.1,31.4,24.9,11.5,11.8,4.7,0.5028,62.436,5.26,7675,0.78,63.97,33.39,34.77,15.43,19.34,10.93,19.53,Republican,Republican
George County,mississippi,1218,9713,4.2,9.8,36.2,22.1,11.7,11.7,4.3,0.4628,68.792,19.8,24350,2.76,85.95,7.29,34.17,15.28,16.51,19.87,14.16,Republican,Republican
Greene County,mississippi,966,4794,6.2,12.7,38.2,24.0,7.6,7.2,4.1,0.4685,62.953,7.41,13530,1.26,72.5,23.23,34.22,15.74,12.84,19.22,17.99,Republican,Republican
Grenada County,mississippi,4734,6081,4.4,13.6,31.8,18.3,9.8,13.2,8.8,0.4992,67.233,19.64,21629,1.43,52.05,43.24,37.52,12.01,18.75,13.1,18.62,Republican,Republican
Hancock County,mississippi,4504,16132,2.6,7.1,30.2,25.0,10.8,13.2,11.2,0.471,88.522,37.48,46053,4.16,81.08,8.49,37.83,15.68,22.21,12.95,11.32,Republican,Republican
Harrison County,mississippi,27728,46822,3.2,7.7,28.6,23.3,12.4,15.3,9.5,0.4597,75.018,140.5,208621,6.7,59.96,24.51,35.87,22.59,20.35,9.0,12.19,Republican,Republican
Hinds County,mississippi,73550,25141,3.6,7.4,23.0,24.5,10.2,17.9,13.5,0.483,68.871,100.56,227742,2.0,25.47,69.15,36.11,20.41,19.79,7.03,16.66,Democrat,Republican
Holmes County,mississippi,6588,1369,6.4,12.6,35.7,24.6,6.0,10.7,4.1,0.5722,49.164,8.6,17000,0.66,13.88,83.49,23.49,20.21,15.27,13.08,27.96,Democrat,Republican
Humphreys County,mississippi,3016,1118,7.8,17.4,28.7,17.9,9.6,9.2,9.4,0.5853,61.023,7.14,7785,1.17,18.28,78.0,26.18,23.62,15.35,14.96,19.89,Democrat,Republican
Issaquena County,mississippi,355,308,9.5,26.2,40.0,13.8,5.4,2.9,2.3,0.4862,36.134,1.13,1338,9.57,32.88,55.9,22.65,17.13,19.34,30.39,10.5,Democrat,Republican
Itawamba County,mississippi,1249,9438,4.7,10.0,34.8,25.5,9.7,9.0,6.3,0.489,82.383,17.31,23863,1.61,88.54,6.8,27.36,15.76,20.47,11.67,24.74,Republican,Republican
Jackson County,mississippi,17375,36295,4.3,7.0,27.7,25.6,11.9,15.4,8.2,0.4646,79.59,76.77,143252,7.02,64.84,20.74,36.05,17.74,20.89,12.15,13.16,Republican,Republican
Jasper County,mississippi,4341,4302,2.8,8.6,43.5,20.6,9.6,10.7,4.2,0.4432,58.265,9.32,16367,1.03,46.07,50.86,27.01,17.5,15.74,12.22,27.53,Democrat,Republican
Jefferson County,mississippi,3327,531,10.8,13.3,30.5,21.5,4.2,10.5,9.2,0.5051,50.112,5.35,7260,1.02,12.27,84.55,36.54,33.63,7.74,9.12,12.97,Democrat,Republican
Jefferson Davis County,mississippi,3599,2534,4.4,10.1,40.1,20.6,10.7,7.0,7.1,0.4553,54.515,10.67,11321,0.89,38.25,58.49,25.89,14.32,20.58,11.49,27.72,Democrat,Republican
Jones County,mississippi,8517,21226,6.1,7.8,31.6,23.2,10.6,12.5,8.2,0.4723,68.431,37.31,67246,6.16,61.98,28.46,29.84,15.83,21.41,12.44,20.47,Republican,Republican
Kemper County,mississippi,2887,1787,5.8,14.2,32.7,19.9,10.8,8.3,8.2,0.4647,55.545,4.53,8988,0.75,31.29,61.04,29.88,19.38,15.88,5.69,29.18,Democrat,Republican
Lafayette County,mississippi,10070,12949,2.5,5.7,21.6,16.2,8.9,24.2,20.9,0.5244,91.629,34.33,55813,3.84,69.46,20.25,42.1,17.12,22.9,6.2,11.69,Republican,Republican
Lamar County,mississippi,7340,20704,3.3,5.5,26.0,21.4,10.2,21.1,12.5,0.4715,94.973,50.09,64222,3.68,68.3,22.26,42.95,14.01,21.29,8.08,13.68,Republican,Republican
Lauderdale County,mississippi,12960,17967,4.4,11.4,27.5,23.1,13.2,13.0,7.5,0.5065,65.795,39.91,72984,2.45,50.06,43.82,36.14,19.06,20.61,9.12,15.07,Republican,Republican
Lawrence County,mississippi,2260,4285,6.7,10.4,38.0,19.3,11.7,7.4,6.5,0.4645,58.693,10.7,12016,1.72,64.97,30.71,23.88,16.16,20.86,20.51,18.59,Republican,Republican
Leake County,mississippi,3897,5228,6.5,12.2,36.6,19.3,8.5,10.0,6.9,0.5039,66.515,14.13,21275,5.78,47.33,38.49,25.58,20.63,17.42,15.31,21.07,Republican,Republican
Lee County,mississippi,12189,24207,3.8,8.9,27.0,21.5,10.5,18.2,10.1,0.4622,84.321,71.51,83343,3.39,63.42,28.95,36.03,12.36,21.66,8.27,21.67,Republican,Republican
Leflore County,mississippi,7648,3129,6.6,10.2,33.9,21.2,8.9,9.4,9.8,0.5734,60.87,18.15,28339,2.96,21.04,73.43,30.14,21.66,21.45,6.25,20.5,Democrat,Republican
Lincoln County,mississippi,5040,11596,3.6,9.1,38.0,19.2,11.0,12.4,6.8,0.4782,65.345,22.96,34907,1.16,65.88,30.03,34.68,14.78,17.4,13.62,19.52,Republican,Republican
Lowndes County,mississippi,13087,13800,3.9,8.1,32.7,20.5,8.7,16.2,10.0,0.487,72.963,44.72,58879,2.25,49.87,43.96,33.19,15.72,20.1,10.44,20.56,Republican,Republican
Madison County,mississippi,24440,31091,2.3,5.2,17.2,18.3,7.5,28.4,21.2,0.4921,76.763,59.06,109145,3.77,55.22,35.3,47.63,13.04,20.71,6.18,12.44,Republican,Republican
Marion County,mississippi,3787,8273,7.2,10.0,37.6,21.0,12.9,6.3,5.0,0.4888,58.278,17.34,24441,1.66,64.32,31.03,23.66,14.22,22.95,19.63,19.55,Republican,Republican
Marshall County,mississippi,8057,7566,6.1,11.2,37.8,23.7,7.3,8.7,5.3,0.472,74.061,18.58,33752,4.56,48.25,44.09,24.85,14.43,19.49,13.3,27.93,Democrat,Republican
Monroe County,mississippi,5874,11177,6.2,8.9,40.3,19.2,9.3,10.5,5.6,0.4536,67.885,17.24,34180,1.38,65.79,30.17,26.22,15.26,19.99,10.54,27.98,Republican,Republican
Montgomery County,mississippi,2121,2917,7.0,17.3,28.9,21.5,8.4,9.0,7.8,0.5178,57.329,9.3,9822,1.08,51.86,44.43,27.74,21.82,18.41,11.34,20.69,Republican,Republican
Neshoba County,mississippi,3260,8320,5.5,12.2,33.5,23.2,10.3,7.5,7.8,0.4654,64.183,19.62,29087,1.49,56.47,21.93,29.47,21.63,19.65,10.31,18.95,Republican,Republican
Newton County,mississippi,3075,6997,4.4,9.8,32.4,21.9,15.2,9.9,6.2,0.5041,72.151,14.22,21291,1.55,60.1,30.28,34.11,8.91,18.57,10.91,27.51,Republican,Republican
Noxubee County,mississippi,4040,1240,7.0,11.9,41.6,14.3,11.8,9.6,3.7,0.4443,50.54,5.7,10285,1.67,25.66,69.91,20.17,22.88,16.3,11.74,28.91,Democrat,Republican
Oktibbeha County,mississippi,10299,9004,3.4,5.7,21.4,16.4,8.7,22.4,22.0,0.5485,67.684,43.3,51788,2.45,56.43,35.2,42.36,16.69,20.18,6.71,14.06,Democrat,Republican
Panola County,mississippi,7403,8060,6.4,11.7,32.2,20.1,13.6,9.8,6.2,0.4835,67.859,18.68,33208,2.04,47.1,48.29,27.6,17.49,23.77,12.68,18.46,Republican,Republican
Pearl River County,mississippi,4148,19595,5.0,8.1,34.9,24.7,11.3,11.3,4.7,0.4413,70.309,26.82,56145,4.07,78.55,11.87,31.62,16.87,19.95,12.63,18.93,Republican,Republican
Perry County,mississippi,1362,4500,5.6,8.5,42.6,23.8,8.8,6.8,4.0,0.4072,61.035,6.87,11511,1.34,77.04,18.22,21.5,24.98,19.93,13.19,20.4,Republican,Republican
Pike County,mississippi,8646,8479,4.6,12.7,34.9,20.3,10.8,9.5,7.2,0.5437,59.232,37.84,40324,1.55,41.59,53.21,29.28,17.93,17.26,8.38,27.16,Democrat,Republican
Pontotoc County,mississippi,2614,11550,7.9,12.1,28.8,23.6,9.8,10.9,7.0,0.4241,70.049,24.2,31184,6.57,76.51,13.49,26.75,14.11,21.84,9.69,27.61,Republican,Republican
Prentiss County,mississippi,2153,8370,4.7,11.8,31.7,20.2,13.1,11.5,7.0,0.4824,71.102,23.21,25008,1.62,80.64,14.18,28.83,11.83,20.34,9.06,29.95,Republican,Republican
Quitman County,mississippi,2150,1026,8.2,16.6,31.1,18.8,10.9,10.2,4.2,0.4647,43.369,5.83,6176,0.34,24.03,73.61,22.86,28.62,15.04,10.38,23.09,Democrat,Republican
Rankin County,mississippi,18847,50895,3.3,6.6,23.6,22.3,11.4,21.1,11.7,0.4105,95.038,78.26,157031,3.23,71.32,20.65,42.52,12.98,23.6,10.36,10.54,Republican,Republican
Scott County,mississippi,4330,6285,10.8,11.5,31.8,27.2,7.6,7.2,3.9,0.473,62.217,17.71,27990,14.82,46.96,35.45,25.99,14.51,19.78,14.06,25.67,Republican,Republican
Sharkey County,mississippi,1465,688,10.1,10.2,39.7,18.1,5.8,11.3,4.8,0.4737,59.008,3.5,3800,1.61,25.32,70.29,20.35,19.04,25.87,14.45,20.29,Democrat,Republican
Simpson County,mississippi,4037,7635,5.8,14.1,32.7,19.5,11.5,11.6,4.9,0.4825,73.08,16.97,25949,1.49,61.38,33.92,29.58,21.77,20.03,14.18,14.43,Republican,Republican
Smith County,mississippi,1791,6458,7.5,10.4,36.8,22.4,8.4,7.6,6.9,0.4493,63.109,8.68,14209,1.39,74.47,21.89,32.65,13.44,17.63,9.94,26.34,Republican,Republican
Stone County,mississippi,1802,5964,4.2,10.2,34.8,23.3,13.2,8.3,6.0,0.4236,69.312,15.91,18333,2.42,75.39,17.67,30.92,22.6,16.19,13.32,16.98,Republican,Republican
Sunflower County,mississippi,6781,2799,6.8,16.2,31.0,19.6,9.1,10.0,7.3,0.489,54.272,14.31,25971,2.55,25.91,69.6,32.67,22.63,17.94,9.85,16.9,Democrat,Republican
Tallahatchie County,mississippi,3105,2488,7.2,14.7,34.4,19.2,12.9,6.8,4.9,0.4398,50.959,7.55,12715,3.34,37.18,58.12,28.76,19.16,11.88,11.01,29.19,Democrat,Republican
Tate County,mississippi,4183,8707,6.4,10.1,32.7,21.4,11.4,9.6,8.4,0.4322,74.352,26.8,28064,2.87,64.21,29.33,29.42,15.56,23.35,12.75,18.92,Republican,Republican
Tippah County,mississippi,1937,8054,6.8,13.9,30.5,22.3,10.7,10.0,5.9,0.4595,65.718,18.36,21815,5.12,76.14,15.8,25.37,10.28,17.41,11.46,35.48,Republican,Republican
Tishomingo County,mississippi,1059,7933,8.9,9.7,32.3,21.3,13.1,8.1,6.7,0.4654,60.901,17.14,18850,2.85,91.08,2.3,31.53,12.1,17.78,11.98,26.62,Republican,Republican
Tunica County,mississippi,2580,926,3.7,12.7,41.1,16.5,9.1,12.5,4.4,0.4517,51.004,8.32,9782,1.95,18.94,76.84,17.76,35.41,20.04,6.27,20.52,Democrat,Republican
Union County,mississippi,2160,10373,6.7,15.7,31.1,17.9,10.8,12.3,5.3,0.4287,73.173,25.9,27777,4.68,77.62,14.22,29.52,12.39,20.48,11.16,26.46,Republican,Republican
Walthall County,mississippi,2835,4220,6.7,11.8,35.1,18.1,10.0,11.0,7.3,0.5057,59.917,13.28,13884,1.46,54.36,41.1,34.21,8.57,11.76,19.54,25.91,Republican,Republican
Warren County,mississippi,10442,10365,3.8,8.5,26.1,21.6,13.1,16.6,10.2,0.4743,77.799,29.09,44722,1.96,46.75,47.61,34.77,21.69,19.27,9.92,14.35,Democrat,Republican
Washington County,mississippi,12503,5300,8.1,11.8,31.5,18.8,9.2,13.0,7.6,0.4957,56.945,23.79,44922,1.3,24.89,71.05,30.36,18.91,20.36,8.93,21.44,Democrat,Republican
Wayne County,mississippi,3624,6307,7.7,9.9,36.8,18.9,6.9,10.0,9.8,0.5054,58.691,9.41,19779,1.73,57.2,38.97,30.86,17.53,20.74,11.8,19.06,Republican,Republican
Webster County,mississippi,1043,4291,3.8,11.3,36.9,16.5,13.5,10.8,7.2,0.4068,65.778,9.11,9926,1.56,77.48,17.95,29.45,19.5,19.84,13.52,17.68,Republican,Republican
Wilkinson County,mississippi,2749,1324,3.1,11.6,49.0,17.1,7.8,7.3,4.2,0.4887,57.637,4.86,8587,0.82,29.4,67.12,20.76,27.23,22.37,17.48,12.15,Democrat,Republican
Winston County,mississippi,4040,5112,5.0,9.6,36.8,21.9,9.3,12.1,5.3,0.4979,66.607,11.28,17714,1.28,49.99,45.6,25.49,17.26,19.14,11.79,26.32,Republican,Republican
Yalobusha County,mississippi,2785,3671,5.7,9.8,46.1,18.2,7.8,7.0,5.3,0.4282,58.196,10.33,12481,1.31,58.74,36.98,26.04,20.31,17.25,12.9,23.5,Republican,Republican
Yazoo County,mississippi,5496,4832,7.5,15.5,38.3,20.9,5.9,8.7,3.2,0.4815,58.124,11.5,26743,4.02,34.34,59.13,25.34,21.71,17.67,16.2,19.07,Democrat,Republican
Adair County,missouri,3710,6413,2.5,5.5,32.2,17.8,7.7,15.4,18.9,0.5621,79.229,17.22,25314,2.61,85.29,5.0,39.52,15.67,20.99,9.52,14.3,Republican,Republican
Andrew County,missouri,2351,7255,2.0,3.5,38.7,21.9,7.8,16.5,9.6,0.4011,83.098,16.13,18135,2.16,92.4,0.76,35.97,12.41,20.68,12.04,18.9,Republican,Republican
Atchison County,missouri,564,2199,3.0,6.3,42.4,22.9,4.0,15.8,5.5,0.423,72.058,3.72,5305,1.38,93.93,0.41,29.18,20.54,17.52,12.8,19.95,Republican,Republican
Audrain County,missouri,2704,7732,5.6,7.6,41.5,20.6,9.3,10.2,5.1,0.4434,70.321,13.87,24962,2.93,85.93,5.22,27.9,18.9,18.3,10.63,24.28,Republican,Republican
Barry County,missouri,2948,12425,4.3,10.1,41.6,20.4,8.6,9.5,5.4,0.4704,78.014,17.22,34534,9.65,81.25,0.3,26.32,16.22,17.38,13.42,26.66,Republican,Republican
Barton County,missouri,844,5168,3.7,9.7,41.6,18.2,8.5,13.3,5.0,0.4883,65.736,7.62,11637,2.29,89.09,0.23,35.0,17.17,19.54,14.96,13.32,Republican,Republican
Bates County,missouri,1672,6597,3.1,8.4,48.5,19.0,7.1,9.2,4.7,0.4269,69.511,7.43,16042,2.09,92.25,0.97,24.85,16.62,21.06,18.95,18.52,Republican,Republican
Benton County,missouri,2180,8109,3.9,8.5,41.1,22.3,9.3,8.3,6.7,0.4684,67.962,10.76,19394,1.6,92.47,0.39,31.59,16.54,20.4,15.65,15.82,Republican,Republican
Bollinger County,missouri,750,5167,3.7,12.0,47.2,20.8,4.6,7.1,4.6,0.4031,62.011,6.66,10567,1.45,93.33,0.33,25.45,13.77,20.63,20.73,19.43,Republican,Republican
Boone County,missouri,50064,38646,2.0,3.2,20.6,17.2,7.3,27.9,21.8,0.4753,91.044,103.65,183610,4.39,75.03,9.74,47.72,17.51,18.59,6.6,9.59,Democrat,Republican
Buchanan County,missouri,13445,22450,3.3,7.1,37.7,22.3,6.2,16.2,7.1,0.4726,78.291,79.96,84793,6.6,80.66,5.07,30.31,16.56,21.03,8.51,23.58,Republican,Republican
Butler County,missouri,3301,14602,4.5,12.0,40.5,20.6,8.5,8.8,5.1,0.4589,62.781,23.5,42130,2.14,84.84,5.85,25.9,16.65,23.6,11.19,22.67,Republican,Republican
Caldwell County,missouri,897,3725,3.3,6.9,44.1,20.4,8.5,11.3,5.6,0.4271,72.708,8.04,8815,1.71,92.71,0.74,25.38,16.83,20.7,13.95,23.13,Republican,Republican
Callaway County,missouri,5870,14815,1.8,8.1,35.5,21.2,8.7,16.1,8.7,0.4029,84.96,20.6,44283,2.18,86.83,4.39,37.49,17.29,21.77,8.92,14.53,Republican,Republican
Camden County,missouri,5652,18850,1.6,6.6,36.2,24.4,8.6,14.8,7.7,0.4745,86.262,25.44,42745,3.17,90.57,0.58,31.28,18.47,25.74,9.88,14.62,Republican,Republican
Cape Girardeau County,missouri,10760,28907,2.7,5.5,31.4,20.8,6.0,21.5,12.1,0.4455,82.247,54.53,81710,2.73,82.48,7.9,38.65,17.61,23.12,7.6,13.01,Republican,Republican
Carroll County,missouri,786,3706,2.3,6.4,44.0,19.1,7.5,13.3,7.4,0.4116,72.283,4.73,8495,1.55,93.07,1.14,35.57,20.42,16.64,11.12,16.25,Republican,Republican
Carter County,missouri,418,2451,2.9,13.7,48.1,14.5,6.0,9.4,5.4,0.4518,67.44,4.03,5202,1.86,92.16,0.21,23.41,16.29,26.18,9.94,24.19,Republican,Republican
Cass County,missouri,19052,37197,2.1,3.8,32.7,25.3,8.3,18.4,9.4,0.3956,99.261,59.97,107824,5.18,82.92,4.55,37.89,15.94,21.55,11.52,13.1,Republican,Republican
Cedar County,missouri,1145,5788,6.2,8.0,40.1,19.6,8.8,10.0,7.3,0.5323,72.146,11.65,14188,1.84,90.91,0.4,33.51,15.33,20.17,13.09,17.89,Republican,Republican
Chariton County,missouri,916,3111,2.2,5.8,44.0,17.8,8.8,13.7,7.8,0.4104,73.277,3.81,7408,1.36,93.48,1.94,34.57,14.94,15.97,17.44,17.07,Republican,Republican
Christian County,missouri,11131,34920,1.5,5.7,27.4,24.6,8.9,19.1,12.8,0.4196,94.137,61.47,88842,3.39,88.8,0.67,40.62,16.12,21.56,9.51,12.19,Republican,Republican
Clark County,missouri,678,2672,2.2,8.2,46.3,19.2,11.2,8.3,4.6,0.4321,69.018,5.12,6634,0.75,95.52,0.32,25.54,12.25,18.09,12.49,31.63,Republican,Republican
Clay County,missouri,59400,64605,2.0,4.2,26.9,23.0,9.0,23.0,12.0,0.4101,76.763,245.74,253335,7.44,76.3,7.05,40.02,13.98,22.31,7.79,15.91,Republican,Republican
Clinton County,missouri,2896,7799,1.2,5.0,43.7,19.9,7.9,15.8,6.5,0.4072,80.042,19.5,21184,2.37,90.94,0.95,31.89,14.59,22.16,10.9,20.45,Republican,Republican
Cole County,missouri,12694,26086,2.4,5.1,29.6,19.3,7.9,23.0,12.8,0.4166,87.298,75.82,77279,3.44,79.55,10.41,41.52,14.97,23.86,9.25,10.4,Republican,Republican
Cooper County,missouri,2249,6272,3.4,6.1,38.8,19.0,9.3,15.7,7.7,0.4122,74.168,11.55,17103,1.88,86.13,5.38,34.9,19.72,18.74,12.99,13.65,Republican,Republican
Crawford County,missouri,2113,8725,5.6,10.1,38.6,22.2,9.9,9.3,4.3,0.4729,72.37,11.97,23056,2.09,91.0,0.64,27.66,16.27,18.71,13.92,23.44,Republican,Republican
Dade County,missouri,656,3414,2.7,7.9,42.7,24.3,8.0,11.4,3.0,0.4732,68.598,5.99,7569,1.78,92.42,0.45,24.74,15.72,20.5,15.02,24.01,Republican,Republican
Dallas County,missouri,1380,6619,4.2,6.9,48.9,21.6,5.1,7.0,6.3,0.4396,62.187,12.25,17071,1.87,91.95,0.26,27.99,19.26,17.57,12.12,23.06,Republican,Republican
Daviess County,missouri,746,3102,6.5,6.4,40.7,19.1,7.3,12.7,7.4,0.4511,78.693,5.77,8430,1.34,94.0,0.37,33.34,15.61,20.62,11.54,18.88,Republican,Republican
DeKalb County,missouri,930,3828,4.2,6.5,44.8,21.3,8.6,9.8,4.9,0.3958,77.432,10.85,11029,2.06,87.52,6.09,34.68,15.03,17.08,14.25,18.96,Republican,Republican
Dent County,missouri,1056,5987,3.9,10.5,39.3,21.3,7.7,10.9,6.4,0.445,65.46,7.44,14421,1.88,91.55,0.36,30.91,21.92,19.86,7.46,19.86,Republican,Republican
Douglas County,missouri,1016,5898,3.4,11.8,39.9,23.4,5.7,10.9,4.8,0.5152,67.129,5.6,11578,2.06,91.57,0.3,28.89,13.77,19.45,11.76,26.13,Republican,Republican
Dunklin County,missouri,2200,8135,6.9,13.0,42.5,14.8,9.1,7.2,6.4,0.4878,64.879,20.07,28283,7.22,76.47,11.23,30.12,21.32,16.5,10.29,21.78,Republican,Republican
Franklin County,missouri,14569,38058,2.8,6.8,34.2,23.5,11.3,13.7,7.7,0.4228,89.064,43.88,104682,2.11,91.4,0.84,31.91,14.37,20.16,14.47,19.08,Republican,Republican
Gasconade County,missouri,1601,6222,4.2,6.9,39.0,21.5,9.0,12.8,6.5,0.4603,83.256,11.01,14794,1.28,92.64,0.12,30.93,13.41,17.13,13.83,24.71,Republican,Republican
Gentry County,missouri,613,2581,5.6,6.8,43.0,16.3,7.2,14.3,6.9,0.4588,73.748,4.89,6162,1.46,94.95,0.24,33.49,19.46,14.46,13.32,19.28,Republican,Republican
Greene County,missouri,55068,83630,2.3,4.6,28.2,24.5,8.0,20.4,12.0,0.4748,76.452,171.05,298915,4.81,82.42,3.34,39.05,16.8,23.26,7.16,13.71,Republican,Republican
Grundy County,missouri,799,3585,6.2,8.3,38.6,20.3,11.5,10.5,4.5,0.4754,69.032,8.76,9808,2.46,93.0,0.51,31.76,14.8,21.72,9.79,21.92,Republican,Republican
Harrison County,missouri,597,3198,1.9,7.3,45.9,18.3,9.7,11.3,5.6,0.4111,60.852,4.38,8157,2.06,93.39,0.39,30.29,17.13,19.5,12.15,20.92,Republican,Republican
Henry County,missouri,2619,8027,2.7,8.1,42.1,22.1,9.1,9.4,6.4,0.4639,74.611,12.22,21946,2.61,90.22,0.81,28.64,18.14,21.88,11.84,19.51,Republican,Republican
Hickory County,missouri,1056,3966,2.9,7.7,48.2,22.3,8.8,7.5,2.5,0.4535,45.556,8.18,8279,1.59,92.38,0.13,18.2,26.43,19.96,16.98,18.43,Republican,Republican
Holt County,missouri,338,1976,1.7,4.6,45.1,21.4,6.1,13.3,7.7,0.4504,75.919,3.57,4223,1.59,94.53,0.09,33.61,14.1,21.04,12.2,19.04,Republican,Republican
Howard County,missouri,1413,3553,3.8,7.7,35.0,19.4,7.7,15.0,11.4,0.4268,77.164,8.44,10151,2.05,86.95,5.34,37.09,18.29,17.71,10.35,16.55,Republican,Republican
Howell County,missouri,3218,15181,3.4,10.4,40.7,20.2,7.3,10.7,7.3,0.4652,60.708,16.64,39750,2.25,90.5,0.45,33.65,15.05,22.09,10.59,18.62,Republican,Republican
Iron County,missouri,945,3596,5.9,7.8,37.9,20.8,8.7,11.5,7.3,0.4331,64.708,6.69,9537,1.86,90.2,1.43,31.79,22.2,15.08,15.28,15.64,Republican,Republican
Jackson County,missouri,199842,126535,2.7,5.5,28.4,22.6,7.7,20.7,12.3,0.458,86.997,457.0,717204,10.85,58.5,21.83,39.67,16.39,21.69,8.16,14.08,Democrat,Republican
Jasper County,missouri,13549,37728,3.6,8.1,35.0,21.6,6.9,17.1,7.7,0.4421,71.579,74.25,122761,9.27,78.52,1.84,33.35,17.01,22.11,7.4,20.13,Republican,Republican
Jefferson County,missouri,37523,77046,2.1,6.7,32.2,23.7,12.6,15.3,7.5,0.3924,92.016,133.54,226739,2.45,89.66,1.01,34.78,15.03,22.24,13.48,14.47,Republican,Republican
Johnson County,missouri,6974,15489,2.8,4.8,33.4,20.4,10.1,16.1,12.4,0.3989,78.854,25.15,54013,4.8,82.23,4.27,33.21,19.46,19.65,9.77,17.91,Republican,Republican
Knox County,missouri,340,1486,6.8,8.0,43.5,16.1,9.6,9.8,6.2,0.4427,63.736,2.89,3744,0.61,95.43,0.53,23.73,27.15,19.34,17.88,11.9,Republican,Republican
Laclede County,missouri,2780,13762,3.7,9.0,41.0,21.1,8.3,11.7,5.2,0.454,68.617,18.21,36039,2.65,90.13,0.73,29.26,14.33,19.34,10.07,27.0,Republican,Republican
Lafayette County,missouri,4472,12273,2.6,5.7,42.2,19.9,6.8,14.4,8.5,0.3814,88.775,20.19,32984,3.17,88.7,2.03,32.22,15.41,19.06,16.01,17.3,Republican,Republican
Lawrence County,missouri,3214,14426,5.0,9.1,40.1,24.2,6.1,10.9,4.5,0.42,67.51,24.13,38001,7.86,85.26,0.35,24.46,17.05,24.43,10.63,23.43,Republican,Republican
Lewis County,missouri,984,3553,3.0,10.6,44.4,20.5,6.5,10.5,4.5,0.4393,64.497,7.64,10032,1.64,92.85,1.84,24.63,18.4,25.57,9.61,21.78,Republican,Republican
Lincoln County,missouri,6607,21848,2.2,7.0,40.4,22.6,9.4,13.1,5.2,0.401,91.821,37.08,59574,2.59,89.05,1.8,31.08,14.17,18.94,14.81,21.0,Republican,Republican
Linn County,missouri,1275,4363,2.8,6.8,46.2,16.9,7.7,12.7,6.9,0.4529,79.427,7.46,11874,2.43,92.87,0.56,29.73,15.85,20.62,12.62,21.17,Republican,Republican
Livingston County,missouri,1410,5267,3.7,8.8,41.0,17.5,9.5,11.9,7.5,0.4553,79.863,10.45,14557,1.64,91.83,2.16,37.65,15.83,19.97,8.52,18.02,Republican,Republican
Macon County,missouri,1662,6076,2.2,6.6,45.2,19.8,8.8,12.6,4.9,0.4021,65.806,7.31,15209,1.81,90.59,1.97,34.02,13.81,20.44,11.54,20.18,Republican,Republican
Madison County,missouri,1019,4584,2.2,9.5,44.2,18.7,9.2,10.2,5.9,0.4858,80.794,9.88,12626,2.71,91.52,0.43,24.85,21.67,22.88,12.18,18.42,Republican,Republican
Maries County,missouri,814,3892,5.9,7.1,41.6,18.3,8.7,11.6,6.8,0.449,71.009,6.19,8432,1.59,92.46,0.27,27.58,15.55,21.52,13.29,22.05,Republican,Republican
Marion County,missouri,3202,9915,2.8,7.5,37.5,19.8,7.7,15.0,9.8,0.4407,76.498,25.21,28525,1.81,87.4,4.78,32.21,16.77,24.11,9.77,17.14,Republican,Republican
McDonald County,missouri,1439,7465,9.7,11.1,40.5,19.1,7.9,8.7,3.2,0.4285,61.956,16.73,23303,12.09,71.52,1.81,23.09,17.76,18.7,12.61,27.85,Republican,Republican
Mercer County,missouri,222,1541,2.2,6.8,43.4,19.3,7.8,13.3,7.2,0.4145,67.162,2.99,3538,4.38,93.02,0.0,39.95,10.59,16.09,13.4,19.97,Republican,Republican
Miller County,missouri,2038,10176,2.2,8.7,38.8,20.8,8.4,14.8,6.3,0.4499,71.776,16.19,24722,1.88,92.66,0.47,31.73,18.57,21.69,13.14,14.86,Republican,Republican
Mississippi County,missouri,1178,3537,6.7,14.0,47.7,13.0,4.9,9.4,4.3,0.4595,54.639,11.54,12577,1.77,70.08,24.33,24.73,20.42,25.19,14.35,15.32,Republican,Republican
Moniteau County,missouri,1308,5744,7.1,6.5,42.8,19.7,5.2,13.3,5.3,0.4122,78.611,14.33,15473,5.58,88.46,1.82,32.16,13.71,22.29,14.12,17.71,Republican,Republican
Monroe County,missouri,936,3477,3.6,6.5,49.2,17.7,6.7,12.4,3.9,0.4771,67.2,5.17,8666,1.83,91.18,2.04,29.81,14.53,18.23,13.48,23.95,Republican,Republican
Montgomery County,missouri,1208,4465,3.7,8.6,42.9,19.4,9.5,10.5,5.4,0.4318,71.653,8.24,11322,2.02,92.25,0.89,27.02,14.83,20.88,15.38,21.89,Republican,Republican
Morgan County,missouri,1924,7442,11.3,9.0,39.4,18.8,7.7,9.1,4.8,0.4942,70.436,13.68,21006,2.12,91.87,0.6,28.51,17.28,19.77,13.13,21.31,Republican,Republican
New Madrid County,missouri,1748,5447,5.3,11.4,46.0,14.8,9.5,6.9,6.2,0.4644,62.832,9.35,16434,1.54,76.73,16.62,24.98,21.66,23.2,11.17,18.98,Republican,Republican
Newton County,missouri,5818,22120,4.1,6.6,35.2,23.1,8.8,14.8,7.4,0.4762,85.809,36.47,58648,6.15,81.08,0.89,31.94,15.45,20.96,11.16,20.49,Republican,Republican
Nodaway County,missouri,2853,6865,1.8,4.0,38.6,22.0,7.6,15.8,10.3,0.4462,69.957,9.31,21241,2.01,90.81,1.71,36.89,16.1,19.67,9.79,17.55,Republican,Republican
Oregon County,missouri,823,3847,6.0,8.2,45.4,20.0,6.1,8.1,6.2,0.4318,52.756,4.29,8635,1.35,92.53,0.29,25.66,15.46,23.99,10.14,24.76,Republican,Republican
Osage County,missouri,1037,6425,3.0,4.3,42.3,15.1,12.2,17.5,5.6,0.4721,96.39,8.51,13274,0.94,95.59,0.18,35.18,11.12,19.98,12.21,21.5,Republican,Republican
Ozark County,missouri,752,4064,6.7,12.4,41.3,23.0,6.2,6.6,3.8,0.5319,60.133,4.5,8553,1.27,93.53,0.22,29.99,18.49,12.14,15.67,23.71,Republican,Republican
Pemiscot County,missouri,1560,4120,7.4,10.4,48.1,16.8,5.6,7.6,4.1,0.5042,59.683,12.19,15661,2.65,64.98,27.44,24.05,25.14,18.43,12.98,19.4,Republican,Republican
Perry County,missouri,1664,7657,5.4,8.9,40.9,16.6,7.8,14.4,5.9,0.4155,77.309,15.44,18956,2.02,93.15,0.54,31.81,13.81,17.39,10.42,26.57,Republican,Republican
Pettis County,missouri,4783,13854,4.9,7.5,34.4,23.4,11.2,10.9,7.6,0.451,79.159,24.37,42980,9.34,80.85,3.15,27.9,18.33,18.72,11.09,23.96,Republican,Republican
Phelps County,missouri,5637,13480,2.6,5.6,31.4,21.6,7.1,16.4,15.2,0.4698,70.451,25.77,44638,2.82,85.0,2.3,43.17,17.92,17.51,6.11,15.3,Republican,Republican
Pike County,missouri,1717,5863,2.4,11.1,50.4,15.4,5.3,10.5,4.9,0.4417,71.989,10.2,17587,2.47,87.47,5.36,30.27,15.47,16.98,18.2,19.07,Republican,Republican
Platte County,missouri,27179,28917,1.0,2.6,21.7,22.6,7.7,27.6,16.8,0.4334,76.763,98.44,106718,6.71,76.3,7.62,48.35,13.77,18.89,6.01,12.98,Republican,Republican
Polk County,missouri,2885,11850,4.2,7.9,37.4,23.0,7.2,12.8,7.5,0.433,69.48,19.37,31519,2.51,91.0,0.77,33.71,17.64,22.51,9.42,16.72,Republican,Republican
Pulaski County,missouri,3740,10329,1.8,3.7,30.4,24.3,12.9,17.1,9.8,0.4093,75.918,37.92,53955,11.27,66.47,11.19,31.48,22.72,20.12,10.69,14.99,Republican,Republican
Putnam County,missouri,361,1984,3.4,3.2,43.0,23.3,8.7,12.9,5.5,0.4695,71.23,3.51,4681,2.39,94.98,0.23,31.27,17.69,19.19,12.13,19.72,Republican,Republican
Ralls County,missouri,1205,4396,3.3,5.2,48.8,19.3,7.6,11.3,4.5,0.4269,75.409,8.51,10355,0.93,93.8,1.1,29.26,14.32,23.12,11.04,22.26,Republican,Republican
Randolph County,missouri,2485,8018,2.8,7.6,41.2,21.3,10.1,12.4,4.7,0.4142,64.831,19.72,24716,2.31,86.06,5.47,27.81,17.03,20.46,6.39,28.3,Republican,Republican
Ray County,missouri,3109,8345,2.8,7.5,45.1,22.4,7.0,10.7,4.5,0.4313,87.696,15.69,23158,2.5,90.22,0.98,26.44,15.61,20.99,11.96,25.0,Republican,Republican
Reynolds County,missouri,529,2733,5.6,15.7,38.0,19.0,7.6,11.4,2.8,0.4345,56.608,2.91,6096,1.62,93.0,0.54,27.17,19.01,15.63,16.12,22.07,Republican,Republican
Ripley County,missouri,833,4839,5.3,12.5,39.1,22.3,8.9,8.2,3.7,0.4424,55.66,6.65,10679,1.19,92.56,0.29,29.13,20.58,15.64,11.89,22.76,Republican,Republican
Saline County,missouri,2904,6451,4.9,7.2,36.6,20.3,6.1,16.9,8.1,0.4372,72.741,11.87,23333,12.13,74.89,4.92,33.72,17.45,20.06,8.45,20.32,Republican,Republican
Schuyler County,missouri,373,1606,2.7,5.0,49.9,16.2,13.9,8.4,4.0,0.3774,61.438,5.11,4032,1.17,95.83,0.0,31.94,16.19,14.69,15.57,21.61,Republican,Republican
Scotland County,missouri,388,1560,12.8,3.9,40.8,21.5,6.3,9.8,4.9,0.457,77.522,4.17,4716,0.74,96.2,0.13,33.57,11.36,17.77,18.03,19.27,Republican,Republican
Scott County,missouri,3753,13769,4.6,9.0,38.3,20.0,6.9,14.1,7.1,0.4731,72.346,34.98,38059,2.46,80.39,11.76,31.44,18.22,20.13,10.38,19.82,Republican,Republican
Shannon County,missouri,706,3165,2.4,11.7,45.2,17.0,8.9,8.4,6.6,0.4014,57.484,2.74,7031,2.01,91.75,0.04,25.88,17.0,16.44,22.16,18.52,Republican,Republican
Shelby County,missouri,592,2700,2.9,8.7,44.2,19.6,7.1,12.5,5.1,0.4364,67.242,4.66,6103,1.92,94.2,0.33,29.65,20.29,16.48,15.23,18.35,Republican,Republican
St. Charles County,missouri,89530,128389,1.3,3.3,22.8,21.7,9.0,26.5,15.5,0.4034,76.763,279.85,405262,3.95,82.88,5.1,47.17,12.61,22.2,7.71,10.3,Republican,Republican
St. Clair County,missouri,988,3932,2.3,8.4,43.7,25.0,8.2,8.5,3.9,0.4337,57.948,5.34,9284,1.92,92.28,0.28,30.3,19.54,20.58,12.92,16.66,Republican,Republican
St. Francois County,missouri,7044,20511,3.9,9.2,38.2,24.8,8.3,8.8,6.7,0.4333,69.486,57.09,66922,1.63,88.87,3.95,29.68,22.72,18.64,10.75,18.21,Republican,Republican
St. Louis County,missouri,328151,199493,1.8,4.0,20.8,19.5,7.8,26.2,19.9,0.4972,76.763,759.83,1004125,3.7,62.21,24.42,48.86,14.52,21.0,4.99,10.63,Democrat,Republican
St. Louis city,missouri,110089,21474,3.1,6.9,24.7,20.3,6.3,21.5,17.1,0.4954,74.579,1864.36,301578,5.11,42.9,42.77,46.54,19.52,17.97,4.75,11.22,Democrat,Republican
Ste. Genevieve County,missouri,2713,6630,2.7,5.9,39.3,22.9,12.8,9.4,7.0,0.4375,83.592,14.31,18479,1.46,92.68,1.73,27.57,19.49,20.45,16.08,16.42,Republican,Republican
Stoddard County,missouri,1819,11484,6.0,12.5,43.0,16.8,6.7,10.3,4.6,0.4142,64.497,13.44,28672,1.97,92.81,1.04,30.46,16.78,18.16,14.28,20.32,Republican,Republican
Stone County,missouri,3506,14800,2.4,7.3,35.3,25.2,9.2,13.9,6.7,0.447,75.783,26.07,31076,2.52,91.05,0.25,31.53,16.57,24.61,11.91,15.37,Republican,Republican
Sullivan County,missouri,478,1974,5.8,8.4,48.8,15.8,6.7,9.2,5.2,0.4246,66.272,3.56,5999,17.57,75.13,3.47,22.88,15.9,17.37,11.72,32.13,Republican,Republican
Taney County,missouri,5339,20508,2.6,7.6,33.1,25.4,7.6,16.9,6.9,0.4384,70.099,34.32,56066,7.72,82.88,1.49,32.75,19.33,27.58,8.08,12.25,Republican,Republican
Texas County,missouri,1716,9478,4.2,10.9,38.9,23.1,7.6,8.7,6.5,0.4705,59.053,8.14,24487,2.1,89.81,3.19,30.02,17.42,20.06,12.56,19.93,Republican,Republican
Vernon County,missouri,1903,7155,3.9,7.7,39.6,20.3,10.8,10.9,6.9,0.4082,66.607,9.24,19707,2.16,91.17,0.56,37.74,16.04,19.7,10.15,16.37,Republican,Republican
Warren County,missouri,4769,13222,3.5,8.2,38.0,22.9,8.2,14.1,5.1,0.418,93.875,32.19,35532,3.94,87.54,2.02,33.07,12.9,20.48,16.46,17.1,Republican,Republican
Washington County,missouri,1804,8047,4.1,14.3,42.6,19.0,7.8,7.9,4.3,0.5005,73.374,11.98,23514,0.97,90.92,2.59,26.42,17.33,18.34,16.43,21.49,Republican,Republican
Wayne County,missouri,845,4987,4.3,13.5,42.1,22.5,6.5,6.9,4.1,0.4444,55.522,5.64,10974,1.41,91.97,0.46,27.06,16.61,19.0,9.61,27.73,Republican,Republican
Webster County,missouri,3573,14880,4.7,7.4,38.7,21.3,9.5,12.2,6.2,0.4054,78.174,25.58,39085,2.02,91.83,0.5,29.57,15.7,21.33,14.22,19.18,Republican,Republican
Worth County,missouri,215,877,2.4,3.6,53.1,18.0,7.3,10.7,4.9,0.4305,62.637,2.87,1973,1.27,95.64,0.0,19.35,22.47,26.34,21.51,10.32,Republican,Republican
Wright County,missouri,1168,7453,6.6,10.9,41.8,18.9,8.8,8.0,4.8,0.4331,56.971,10.46,18188,2.03,91.57,0.61,28.21,17.55,18.2,13.24,22.8,Republican,Republican
Beaverhead County,montana,1608,3923,1.7,4.0,27.2,20.7,10.0,25.3,11.1,0.4685,76.551,0.66,9371,4.6,88.89,0.26,41.22,15.04,20.54,14.57,8.63,Republican,Republican
Big Horn County,montana,2491,2207,2.4,8.3,32.9,24.7,11.9,12.4,7.5,0.4526,68.47,1.01,13124,3.92,25.96,0.08,36.77,22.68,19.07,11.98,9.49,Democrat,Republican
Blaine County,montana,1589,1469,4.0,6.9,26.7,24.8,13.9,15.3,8.5,0.4443,68.53,0.64,7044,2.24,41.77,0.14,49.2,11.65,18.48,15.04,5.64,Democrat,Republican
Broadwater County,montana,835,3173,2.4,4.3,27.4,26.5,17.1,17.0,5.3,0.4116,78.352,2.26,6774,2.95,90.77,0.25,35.89,14.14,18.86,16.12,14.99,Republican,Republican
Carbon County,montana,2421,4468,1.8,2.4,31.1,25.1,8.2,18.2,13.1,0.4628,88.921,2.01,10473,2.49,91.69,0.12,38.77,16.91,17.95,13.06,13.31,Republican,Republican
Carter County,montana,74,775,0.9,4.8,31.0,33.0,9.0,17.5,3.8,0.4441,61.341,0.15,1415,0.78,94.77,0.0,57.47,7.69,12.67,14.78,7.39,Republican,Republican
Cascade County,montana,15456,23315,2.3,4.3,31.9,23.6,10.2,17.6,10.0,0.451,81.299,12.08,84414,4.75,81.5,1.29,36.98,18.63,22.03,10.8,11.56,Republican,Republican
Chouteau County,montana,991,1891,1.7,6.0,37.7,20.3,9.8,17.9,6.6,0.437,71.86,0.57,5895,2.7,70.77,0.17,43.89,16.98,14.96,13.84,10.34,Republican,Republican
Custer County,montana,1514,4205,1.5,4.1,31.6,24.1,12.1,17.5,9.2,0.4449,82.231,1.22,11867,3.05,90.17,0.6,34.7,16.64,23.84,13.35,11.47,Republican,Republican
Daniels County,montana,195,799,0.9,2.9,32.2,25.5,12.5,18.7,7.3,0.4034,67.209,0.42,1661,2.95,88.32,0.0,35.33,13.52,19.64,20.92,10.59,Republican,Republican
Dawson County,montana,962,3758,1.4,3.4,23.7,24.8,22.0,16.4,8.3,0.3969,86.644,1.45,8940,3.22,89.14,0.43,37.24,17.0,14.66,17.4,13.7,Republican,Republican
Deer Lodge County,montana,2562,2186,3.1,6.4,40.3,23.8,6.1,15.2,5.1,0.4449,59.745,4.94,9421,2.76,90.37,0.24,29.43,28.31,19.75,11.46,11.05,Democrat,Republican
Fallon County,montana,172,1375,1.3,2.2,37.8,21.6,18.9,12.8,5.3,0.4632,76.763,0.7,3049,2.07,93.74,0.16,33.59,14.17,15.71,26.37,10.17,Republican,Republican
Fergus County,montana,1496,4869,1.8,3.5,29.8,26.9,10.4,22.1,5.4,0.4443,76.228,1.02,11446,1.97,92.31,0.18,35.15,17.56,17.28,18.15,11.86,Republican,Republican
Flathead County,montana,20274,38321,0.9,3.5,28.0,22.9,9.8,23.2,11.7,0.4587,91.345,8.04,104357,3.19,89.52,0.26,37.28,18.05,21.38,12.18,11.11,Republican,Republican
Gallatin County,montana,37044,31696,0.6,1.8,17.8,20.0,6.8,33.7,19.2,0.4705,76.763,17.74,118960,4.96,87.43,0.41,44.33,16.97,17.68,11.22,9.8,Democrat,Republican
Garfield County,montana,41,764,0.9,2.0,36.4,29.3,10.0,15.1,6.3,0.4566,84.569,0.08,1173,1.19,95.91,0.0,54.85,9.14,13.06,10.63,12.31,Republican,Republican
Glacier County,montana,3610,1884,4.6,8.7,35.2,20.4,10.6,12.5,8.0,0.4849,58.912,1.78,13778,2.18,25.37,0.14,37.07,26.59,20.36,7.49,8.49,Democrat,Republican
Golden Valley County,montana,78,414,3.4,5.4,34.3,28.4,5.2,18.2,5.2,0.4688,68.757,0.28,823,4.25,87.97,0.85,35.79,17.89,8.16,25.26,12.89,Republican,Republican
Granite County,montana,638,1419,1.3,8.3,30.1,17.9,11.0,24.6,6.9,0.4883,79.413,0.75,3309,2.57,92.66,0.0,39.33,20.2,14.05,13.74,12.68,Republican,Republican
Hill County,montana,2981,3957,1.9,7.7,32.0,25.7,9.1,17.3,6.4,0.4093,72.47,2.16,16309,3.07,67.57,0.27,32.32,19.43,19.23,13.16,15.86,Republican,Republican
Jefferson County,montana,2625,5345,2.9,3.4,26.9,21.8,11.7,21.4,11.8,0.4253,76.763,2.86,12085,2.41,90.41,0.12,44.63,14.11,17.5,14.02,9.75,Republican,Republican
Judith Basin County,montana,275,1040,2.2,3.6,26.9,23.8,16.3,22.4,4.9,0.5017,83.987,0.42,2023,2.42,93.08,0.4,53.71,16.57,10.04,13.86,5.82,Republican,Republican
Lake County,montana,6916,9322,2.7,5.1,25.6,23.5,11.3,20.8,11.1,0.4843,78.186,8.16,31134,3.75,65.44,0.21,38.0,21.65,19.88,9.93,10.54,Republican,Republican
Lewis and Clark County,montana,19743,21409,1.1,3.8,22.9,19.8,9.7,27.3,15.4,0.4368,95.857,7.98,70973,3.66,87.45,0.37,49.15,16.02,17.54,8.72,8.58,Republican,Republican
Liberty County,montana,249,821,14.7,8.7,21.6,21.1,6.7,21.1,6.2,0.5628,85.599,0.54,1959,0.66,94.74,0.1,49.88,11.82,14.66,14.29,9.36,Republican,Republican
Lincoln County,montana,2835,8672,1.8,5.8,38.9,27.3,8.7,12.2,5.3,0.4556,64.279,2.15,19677,2.85,90.08,0.16,32.02,22.91,18.64,14.76,11.67,Republican,Republican
Madison County,montana,1771,4191,0.7,2.9,28.4,23.3,13.0,22.3,9.4,0.4175,80.2,0.94,8623,2.77,92.25,0.13,33.37,17.33,16.32,21.18,11.8,Republican,Republican
McCone County,montana,155,956,0.9,2.2,31.6,32.7,11.3,15.4,6.0,0.358,86.096,0.26,1729,1.85,92.08,0.06,49.23,8.42,12.36,17.72,12.25,Republican,Republican
Meagher County,montana,258,833,0.3,2.5,26.4,29.8,4.8,26.0,10.2,0.4631,81.138,0.31,1927,2.39,92.42,0.62,44.56,14.69,16.06,14.4,10.28,Republican,Republican
Mineral County,montana,686,1828,2.3,4.7,31.5,26.7,8.9,20.2,5.8,0.3971,72.931,1.47,4535,3.24,89.17,0.22,32.29,16.01,20.76,14.03,16.9,Republican,Republican
Missoula County,montana,43357,26347,1.3,2.3,20.8,22.3,8.8,27.9,16.6,0.4734,92.834,17.65,117922,5.09,84.76,0.6,40.39,20.62,20.51,8.93,9.55,Democrat,Republican
Musselshell County,montana,413,2423,1.6,7.3,35.4,25.4,10.6,14.8,4.9,0.4539,73.212,1.02,4730,3.09,90.36,0.08,23.65,16.2,26.08,22.53,11.54,Republican,Republican
Park County,montana,5280,6025,0.6,2.5,26.6,23.4,10.6,25.0,11.3,0.4706,94.904,2.39,17191,2.97,90.95,0.36,38.43,20.86,14.9,16.7,9.11,Republican,Republican
Petroleum County,montana,39,298,0.0,0.3,43.7,26.3,5.9,17.0,6.8,0.3807,69.949,0.1,496,1.01,93.95,0.0,38.4,6.33,17.3,33.76,4.22,Republican,Republican
Phillips County,montana,416,1936,1.6,5.3,36.0,30.1,7.0,15.8,4.3,0.4031,75.183,0.32,4217,2.66,82.81,0.12,31.85,20.82,16.78,20.87,9.68,Republican,Republican
Pondera County,montana,903,2031,6.8,5.2,29.8,24.3,11.9,17.6,4.2,0.4399,79.051,1.42,5898,1.64,78.74,0.07,38.55,21.01,17.23,12.08,11.13,Republican,Republican
Powder River County,montana,154,970,0.9,9.8,28.3,27.2,8.3,17.9,7.6,0.4743,89.103,0.21,1694,2.07,90.26,0.3,44.07,12.64,9.89,24.84,8.57,Republican,Republican
Powell County,montana,752,2355,2.2,5.3,45.7,20.2,7.2,13.7,5.6,0.4563,79.002,1.16,6946,2.32,86.61,0.92,43.47,20.55,18.03,7.34,10.61,Republican,Republican
Prairie County,montana,126,603,4.2,9.6,29.7,22.0,12.1,13.6,8.8,0.5225,69.469,0.29,1088,3.03,90.26,0.18,36.96,11.96,15.36,19.82,15.89,Republican,Republican
Ravalli County,montana,8763,19114,1.7,5.2,29.5,24.1,10.6,17.3,11.5,0.4532,89.504,7.25,44174,3.59,89.86,0.2,35.27,17.9,20.0,13.69,13.15,Republican,Republican
Richland County,montana,875,4800,0.8,3.5,42.2,27.9,11.5,11.3,2.8,0.4464,85.016,2.11,11491,5.26,86.08,0.53,30.19,10.58,21.92,18.95,18.36,Republican,Republican
Roosevelt County,montana,1910,1996,1.8,5.0,32.9,28.3,12.2,14.2,5.6,0.4488,61.485,1.77,10794,2.21,33.23,0.3,39.02,20.6,16.73,11.84,11.81,Republican,Republican
Rosebud County,montana,1199,2486,3.2,7.1,33.5,25.0,11.7,12.1,7.4,0.4458,71.825,0.64,8329,2.81,57.25,0.24,31.37,21.34,14.83,19.6,12.87,Republican,Republican
Sanders County,montana,1820,5660,2.7,6.6,38.8,24.0,9.8,14.1,4.0,0.4496,64.828,1.76,12400,2.79,86.55,0.19,33.99,16.27,19.81,13.18,16.75,Republican,Republican
Sheridan County,montana,574,1403,3.0,6.6,33.8,24.9,6.2,17.3,8.2,0.523,76.763,0.85,3539,3.02,89.57,0.4,34.1,21.39,20.21,17.36,6.94,Republican,Republican
Silver Bow County,montana,10392,7745,2.4,4.1,33.8,23.4,8.7,18.5,9.2,0.4963,79.287,18.99,35133,4.66,88.47,0.36,32.91,20.23,24.31,11.16,11.4,Democrat,Republican
Stillwater County,montana,1156,4462,2.2,4.8,32.5,22.7,8.4,20.6,8.7,0.4542,76.763,1.93,8963,3.0,90.48,0.15,29.47,15.18,16.44,25.2,13.7,Republican,Republican
Sweet Grass County,montana,549,1840,0.3,3.6,32.1,31.3,9.1,17.5,6.1,0.4382,86.457,0.77,3678,2.66,90.59,0.22,33.5,14.12,13.37,26.14,12.88,Republican,Republican
Teton County,montana,1007,2608,5.3,4.8,31.8,26.0,6.5,18.1,7.4,0.4194,77.498,1.06,6226,1.37,90.83,0.31,40.04,18.45,15.2,16.35,9.96,Republican,Republican
Toole County,montana,467,1596,5.4,7.2,38.5,21.7,4.8,12.9,9.3,0.4295,74.475,1.01,4971,3.58,84.07,0.64,40.46,20.07,14.52,12.69,12.27,Republican,Republican
Treasure County,montana,78,373,0.7,5.2,30.5,22.3,9.1,29.0,3.2,0.4154,77.659,0.27,762,4.07,90.29,0.13,44.78,9.89,17.58,21.15,6.59,Republican,Republican
Valley County,montana,1030,3135,1.0,5.7,29.3,33.2,11.1,16.7,2.9,0.4085,76.011,0.59,7578,2.3,83.83,0.2,30.34,19.19,23.77,16.74,9.97,Republican,Republican
Wheatland County,montana,225,823,3.9,3.7,37.0,25.7,9.0,14.4,6.3,0.5009,63.128,0.56,2069,3.29,89.42,0.14,39.9,14.51,14.51,19.83,11.25,Republican,Republican
Wibaux County,montana,77,516,1.3,3.6,44.4,17.3,10.9,17.1,5.4,0.4147,74.288,0.49,937,2.88,91.68,0.21,41.92,13.09,14.31,21.88,8.79,Republican,Republican
Yellowstone County,montana,30679,50772,1.3,3.3,28.6,23.7,8.8,23.9,10.3,0.4588,98.192,24.27,164731,6.14,82.87,0.72,39.27,17.37,21.83,10.24,11.28,Republican,Republican
Adams County,nebraska,4213,10085,3.0,4.6,27.2,24.8,13.4,16.6,10.4,0.4651,83.765,21.35,31205,11.73,82.61,0.79,31.44,21.12,17.48,10.68,19.27,Republican,Republican
Antelope County,nebraska,452,3093,1.8,4.5,33.9,21.9,17.3,13.1,7.4,0.4084,75.806,2.84,6295,3.51,93.71,0.35,37.39,13.59,18.62,19.17,11.23,Republican,Republican
Arthur County,nebraska,21,260,0.6,2.9,21.6,27.0,16.5,22.2,9.2,0.4134,87.199,0.26,434,2.76,92.17,0.69,49.78,10.76,14.8,17.94,6.73,Republican,Republican
Banner County,nebraska,43,362,5.9,2.9,16.7,31.4,12.7,21.2,9.2,0.4278,97.729,0.35,674,7.57,89.02,0.0,61.78,8.62,10.63,15.52,3.45,Republican,Republican
Blaine County,nebraska,35,280,0.6,9.0,37.6,17.4,14.6,16.8,4.0,0.5075,77.028,0.21,431,2.55,92.11,0.23,49.51,5.83,6.31,30.1,8.25,Republican,Republican
Boone County,nebraska,499,2653,2.0,4.1,39.5,21.0,15.5,11.8,6.1,0.4408,89.171,3.04,5379,3.4,94.01,0.39,36.6,15.22,17.34,15.22,15.62,Republican,Republican
Box Butte County,nebraska,1051,4002,3.0,5.1,29.3,33.4,11.2,15.0,3.0,0.3784,73.321,3.87,10842,11.49,80.07,0.61,35.23,16.99,16.74,10.62,20.42,Republican,Republican
Boyd County,nebraska,135,1010,1.4,3.4,44.1,22.4,11.8,9.1,7.8,0.4247,75.221,1.26,1810,1.82,95.19,0.0,31.36,16.72,18.0,14.4,19.51,Republican,Republican
Brown County,nebraska,191,1470,1.5,6.1,33.4,24.6,13.1,12.9,8.5,0.485,68.043,0.85,2903,6.06,90.56,0.07,38.6,19.84,14.01,14.71,12.84,Republican,Republican
Buffalo County,nebraska,6350,16640,2.6,4.9,24.6,23.3,9.5,23.1,12.0,0.4441,89.555,19.98,50084,10.11,84.07,1.2,35.3,17.25,23.09,9.28,15.08,Republican,Republican
Burt County,nebraska,1063,2580,1.7,7.3,34.2,21.3,12.1,18.1,5.3,0.4619,77.527,5.28,6722,2.56,92.19,0.28,31.5,15.35,21.13,17.95,14.07,Republican,Republican
Butler County,nebraska,873,3542,3.7,3.9,34.9,18.0,14.2,20.1,5.2,0.4519,93.344,5.53,8369,5.76,91.12,0.33,32.57,15.3,17.9,12.51,21.72,Republican,Republican
Cass County,nebraska,4737,10121,1.3,3.3,28.4,23.4,12.4,20.4,10.9,0.395,76.763,18.55,26598,3.71,91.21,0.38,38.6,14.04,20.29,12.59,14.48,Republican,Republican
Cedar County,nebraska,725,4174,1.8,3.5,37.1,21.2,13.1,16.9,6.4,0.4074,87.555,4.37,8380,2.22,95.58,0.3,39.27,16.45,16.66,12.78,14.83,Republican,Republican
Chase County,nebraska,226,1740,5.8,6.3,28.1,25.6,9.9,16.8,7.5,0.4638,84.799,1.6,3893,14.44,82.43,0.51,35.11,17.64,24.0,14.23,9.02,Republican,Republican
Cherry County,nebraska,373,2844,0.7,1.5,33.8,24.3,13.8,18.5,7.4,0.4147,78.414,0.35,5455,2.71,87.48,0.2,34.84,21.81,17.13,15.32,10.91,Republican,Republican
Cheyenne County,nebraska,855,3813,2.0,5.7,31.7,23.8,12.9,16.7,7.2,0.4101,67.086,3.06,9468,7.93,87.02,0.54,34.95,15.76,20.69,13.86,14.74,Republican,Republican
Clay County,nebraska,632,2848,2.4,4.4,34.4,21.6,15.7,15.3,6.3,0.426,89.51,4.11,6104,8.57,88.01,0.13,37.53,14.93,17.01,15.51,15.02,Republican,Republican
Colfax County,nebraska,1025,2636,17.2,9.7,28.3,19.8,12.1,9.8,3.0,0.3885,84.258,9.91,10582,47.18,47.42,3.54,20.38,16.47,11.96,18.33,32.85,Republican,Republican
Cuming County,nebraska,870,3507,3.7,4.2,35.9,20.1,12.1,17.4,6.6,0.4041,83.313,6.09,9013,12.34,84.74,0.23,36.1,16.59,18.51,13.98,14.82,Republican,Republican
Custer County,nebraska,786,5090,1.8,3.6,32.0,22.8,14.1,19.1,6.7,0.4469,82.921,1.58,10545,3.68,92.97,0.46,38.64,14.69,16.82,17.75,12.09,Republican,Republican
Dakota County,nebraska,2744,3926,12.0,9.4,34.2,20.5,9.6,11.1,3.2,0.4148,85.101,31.13,21582,40.83,43.31,7.43,24.41,14.89,20.84,9.67,30.19,Republican,Republican
Dawes County,nebraska,1082,2931,1.0,3.3,24.5,26.0,9.2,18.1,17.9,0.3778,63.774,2.29,8199,4.0,84.68,2.0,40.82,18.32,19.89,12.81,8.16,Republican,Republican
Dawson County,nebraska,2497,6524,13.6,7.7,31.6,21.4,9.7,11.5,4.5,0.426,83.671,9.15,24111,35.85,56.11,4.92,25.66,13.18,16.92,14.48,29.76,Republican,Republican
Deuel County,nebraska,141,871,6.3,3.9,28.6,27.1,13.2,14.7,6.1,0.4808,85.27,1.63,1838,5.44,91.73,0.05,37.0,15.1,13.85,19.52,14.53,Republican,Republican
Dixon County,nebraska,651,2335,9.5,6.2,32.9,17.1,12.2,16.7,5.6,0.4879,90.696,4.53,5606,14.2,82.82,0.3,27.14,21.43,19.79,13.93,17.71,Republican,Republican
Dodge County,nebraska,5544,10984,5.2,6.1,35.7,21.0,10.3,13.9,7.8,0.4064,81.631,27.14,37167,16.37,79.37,0.58,33.1,14.66,21.96,11.68,18.61,Republican,Republican
Douglas County,nebraska,150350,119159,4.5,4.1,20.7,21.3,8.1,26.2,15.0,0.4786,76.763,689.03,584526,13.83,65.25,10.9,44.5,14.97,21.06,7.71,11.77,Democrat,Republican
Dundy County,nebraska,105,883,1.5,4.2,27.1,30.0,10.8,15.0,11.3,0.4552,82.194,0.77,1654,6.23,90.15,0.42,42.97,14.77,21.33,14.46,6.46,Republican,Republican
Fillmore County,nebraska,693,2359,2.1,3.5,34.4,21.8,15.4,14.9,7.9,0.4761,76.763,3.73,5551,3.19,93.33,0.36,37.65,14.01,20.51,13.22,14.61,Republican,Republican
Franklin County,nebraska,276,1437,2.3,4.7,32.2,27.9,13.8,12.2,7.0,0.4751,79.497,1.95,2889,2.84,94.88,0.21,32.95,16.47,20.68,16.76,13.13,Republican,Republican
Frontier County,nebraska,189,1229,2.2,4.0,26.5,27.8,16.1,17.3,6.1,0.392,69.2,0.99,2519,3.22,92.77,0.67,40.64,11.94,15.16,18.12,14.14,Republican,Republican
Furnas County,nebraska,399,2163,3.6,6.6,30.6,25.0,12.8,15.9,5.5,0.4244,73.955,2.49,4636,4.75,91.35,0.19,36.1,13.43,16.54,17.17,16.76,Republican,Republican
Gage County,nebraska,3385,7445,1.6,5.9,37.8,21.1,13.6,14.7,5.3,0.4368,75.952,9.82,21704,2.93,92.39,0.56,32.28,20.41,16.77,10.12,20.42,Republican,Republican
Garden County,nebraska,161,1016,1.0,5.2,32.8,25.1,12.9,15.8,7.2,0.4106,62.115,0.4,1874,4.7,91.89,0.16,42.26,12.75,16.76,15.47,12.75,Republican,Republican
Garfield County,nebraska,133,933,0.7,3.6,24.4,27.7,11.7,24.3,7.6,0.3803,74.361,1.24,1813,1.32,96.64,0.17,37.55,15.9,18.83,21.13,6.59,Republican,Republican
Gosper County,nebraska,215,893,0.2,5.9,28.4,22.9,14.5,20.2,7.9,0.4263,87.544,1.58,1893,5.02,92.23,0.11,37.95,13.09,18.1,13.52,17.34,Republican,Republican
Grant County,nebraska,20,375,1.8,6.5,26.7,27.6,10.3,22.5,4.5,0.4579,77.748,0.32,611,1.96,94.27,0.82,46.86,11.14,16.29,18.29,7.43,Republican,Republican
Greeley County,nebraska,229,1016,3.7,3.5,38.6,20.1,17.0,13.0,4.1,0.4113,68.001,1.5,2188,2.38,95.89,0.05,32.96,14.21,18.65,21.67,12.5,Republican,Republican
Hall County,nebraska,7681,16189,7.8,7.2,31.5,23.3,8.8,14.1,7.2,0.444,82.737,44.21,62895,30.5,62.68,2.89,28.67,15.61,20.14,10.93,24.65,Republican,Republican
Hamilton County,nebraska,1118,4309,0.9,1.9,28.9,28.7,14.6,16.4,8.6,0.3651,89.045,6.7,9429,3.39,93.29,0.29,40.54,15.55,19.93,12.71,11.27,Republican,Republican
Harlan County,nebraska,282,1615,3.4,4.0,28.5,24.6,15.1,17.4,7.1,0.4818,91.064,2.16,3073,2.93,94.6,0.03,32.68,16.95,22.46,13.72,14.19,Republican,Republican
Hayes County,nebraska,34,494,1.6,5.4,34.4,20.9,19.7,16.0,2.1,0.4557,77.279,0.5,856,7.36,88.79,0.0,45.09,16.59,13.55,16.36,8.41,Republican,Republican
Hitchcock County,nebraska,175,1264,1.5,5.1,30.6,33.2,10.8,13.7,5.1,0.4681,69.763,1.42,2616,3.33,94.11,0.0,40.13,16.19,18.55,9.61,15.51,Republican,Republican
Holt County,nebraska,686,4769,2.2,3.8,29.9,21.8,14.8,19.8,7.7,0.4568,86.234,1.62,10127,5.14,92.08,0.4,38.39,13.92,19.12,13.61,14.95,Republican,Republican
Hooker County,nebraska,59,376,2.1,4.8,34.5,23.3,8.1,26.0,1.2,0.4013,61.776,0.35,711,1.55,93.25,0.56,28.27,24.11,17.86,21.13,8.63,Republican,Republican
Howard County,nebraska,648,2786,1.9,2.2,38.3,23.8,11.4,18.4,3.9,0.398,82.304,4.39,6475,2.25,95.04,0.2,33.64,11.69,22.88,15.19,16.6,Republican,Republican
Jefferson County,nebraska,1016,2616,2.7,5.3,37.2,22.1,13.5,15.0,4.3,0.422,69.943,4.87,7240,4.99,90.58,0.28,31.24,15.88,16.51,16.31,20.07,Republican,Republican
Johnson County,nebraska,647,1518,3.8,6.8,41.6,18.6,10.3,12.0,7.0,0.3955,77.657,5.43,5290,11.89,77.52,5.88,32.39,15.96,17.45,15.36,18.83,Republican,Republican
Kearney County,nebraska,701,2822,3.7,2.5,27.8,23.3,11.8,24.4,6.4,0.418,91.602,4.98,6688,5.76,90.67,0.04,38.48,16.22,16.39,14.73,14.18,Republican,Republican
Keith County,nebraska,763,3544,4.3,4.8,28.5,28.4,14.0,13.9,6.0,0.4312,76.018,3.02,8335,9.0,86.77,0.18,34.04,14.68,25.62,12.83,12.83,Republican,Republican
Keya Paha County,nebraska,49,476,0.6,1.3,32.2,25.3,11.8,22.1,6.6,0.4717,91.291,0.49,769,2.6,95.45,0.0,50.11,6.68,16.04,20.71,6.46,Republican,Republican
Kimball County,nebraska,268,1563,3.9,10.9,36.8,26.0,11.0,8.4,3.1,0.436,69.943,1.38,3434,7.63,88.12,0.03,22.74,11.95,24.26,12.8,28.26,Republican,Republican
Knox County,nebraska,905,3721,2.5,5.5,36.0,22.5,14.5,13.0,6.0,0.4192,75.276,2.93,8391,2.2,83.03,0.19,34.26,18.82,16.98,15.0,14.95,Republican,Republican
Lancaster County,nebraska,82293,70092,2.9,3.8,20.9,19.9,11.6,25.7,15.1,0.451,94.655,148.47,322608,8.01,78.1,4.14,42.75,16.62,20.6,8.06,11.97,Democrat,Republican
Lincoln County,nebraska,3692,13071,2.3,4.1,29.9,28.9,14.5,13.2,7.0,0.4259,77.955,5.2,34676,8.68,85.49,1.1,31.5,17.17,20.34,13.84,17.15,Republican,Republican
Logan County,nebraska,38,407,1.8,0.7,27.2,34.2,10.8,22.9,2.3,0.4751,98.871,0.57,716,3.21,92.88,0.0,43.47,9.91,17.34,15.09,14.19,Republican,Republican
Loup County,nebraska,75,370,0.0,1.1,36.2,23.0,20.2,13.2,6.3,0.4266,58.696,0.43,607,2.97,93.08,0.0,40.48,16.01,15.71,17.82,9.97,Republican,Republican
Madison County,nebraska,3478,11940,4.1,3.0,31.9,21.7,14.9,16.9,7.6,0.4689,84.318,23.96,35585,15.5,78.19,1.14,31.99,15.92,18.65,11.97,21.47,Republican,Republican
McPherson County,nebraska,17,275,1.5,4.7,31.9,17.1,27.4,13.9,3.5,0.3442,74.665,0.2,399,0.75,94.74,0.0,37.3,26.59,11.51,10.71,13.89,Republican,Republican
Merrick County,nebraska,743,3419,2.2,4.9,36.9,26.8,11.8,11.2,6.3,0.4213,73.169,6.07,7668,4.85,90.52,0.53,39.77,13.54,18.1,12.58,16.01,Republican,Republican
Morrill County,nebraska,386,2113,3.0,7.6,33.9,24.5,11.5,13.9,5.6,0.4385,72.49,1.24,4555,14.23,81.71,0.42,32.59,15.28,21.47,17.54,13.11,Republican,Republican
Nance County,nebraska,359,1437,2.8,5.0,33.8,23.0,16.5,12.2,6.8,0.4469,82.284,2.94,3380,1.78,94.73,0.12,38.73,15.48,16.63,17.59,11.57,Republican,Republican
Nemaha County,nebraska,921,2428,3.2,6.6,29.4,20.6,9.8,21.0,9.5,0.465,83.814,6.65,7074,2.94,92.42,0.79,36.22,20.2,14.13,11.19,18.27,Republican,Republican
Nuckolls County,nebraska,409,1857,1.2,6.0,30.7,22.9,12.3,18.2,8.6,0.4685,90.147,2.75,4095,2.88,93.65,0.1,41.3,15.88,15.51,11.02,16.3,Republican,Republican
Otoe County,nebraska,2490,5649,3.0,4.1,32.3,22.3,12.7,17.7,8.0,0.4157,88.508,10.03,15912,7.93,87.15,0.52,36.22,18.91,17.97,10.5,16.41,Republican,Republican
Pawnee County,nebraska,322,1071,7.9,6.2,40.1,16.3,9.1,12.7,7.7,0.4262,67.189,2.29,2544,1.53,96.15,0.16,33.42,15.01,12.06,16.09,23.41,Republican,Republican
Perkins County,nebraska,199,1321,5.0,4.3,26.2,28.3,10.2,22.2,3.7,0.4303,80.784,1.25,2858,5.11,91.67,0.35,36.88,16.99,18.37,17.96,9.81,Republican,Republican
Phelps County,nebraska,752,4157,1.6,6.0,27.0,26.1,12.5,20.2,6.5,0.4988,89.53,6.41,8968,6.14,90.77,0.38,32.42,17.27,18.13,16.67,15.5,Republican,Republican
Pierce County,nebraska,480,3462,2.7,2.8,32.9,20.0,19.5,16.5,5.6,0.4137,81.865,4.92,7317,1.94,94.98,0.41,38.58,13.19,18.59,14.25,15.39,Republican,Republican
Platte County,nebraska,3260,12186,5.1,5.2,29.7,21.6,13.8,17.5,7.1,0.4147,89.718,19.57,34296,21.15,74.59,1.01,35.16,12.38,16.65,11.27,24.53,Republican,Republican
Polk County,nebraska,530,2291,1.9,6.0,36.0,21.8,15.7,13.5,5.0,0.3818,85.423,4.56,5214,4.97,91.12,0.15,36.31,12.3,20.26,14.09,17.04,Republican,Republican
Red Willow County,nebraska,811,4525,2.6,5.1,30.8,24.8,12.3,17.2,7.2,0.4663,79.828,5.76,10702,6.42,89.1,1.05,33.98,17.67,19.49,11.08,17.78,Republican,Republican
Richardson County,nebraska,996,3073,1.7,7.0,40.6,20.3,9.9,15.3,5.1,0.4437,69.224,5.49,7871,1.97,90.15,0.19,35.01,16.72,15.23,19.16,13.88,Republican,Republican
Rock County,nebraska,84,744,1.9,2.9,34.7,23.0,8.8,22.8,5.8,0.4441,79.736,0.5,1262,1.58,96.59,0.24,45.83,10.32,18.66,19.58,5.61,Republican,Republican
Saline County,nebraska,1986,3631,13.3,6.1,27.9,19.6,11.2,15.4,6.5,0.4071,87.415,9.6,14292,28.46,65.51,0.91,33.7,13.66,13.65,14.12,24.87,Republican,Republican
Sarpy County,nebraska,41206,51979,1.6,2.7,20.4,23.3,10.8,26.2,15.0,0.4018,76.763,310.3,190604,10.52,77.16,3.79,44.89,14.68,21.46,8.75,10.23,Republican,Republican
Saunders County,nebraska,3331,9108,1.6,3.1,29.4,22.9,13.8,20.0,9.1,0.4093,76.763,11.54,22278,2.63,92.93,0.32,38.83,13.74,21.47,11.79,14.18,Republican,Republican
Scotts Bluff County,nebraska,4196,10952,4.7,6.2,27.9,25.7,10.3,17.2,8.0,0.4363,76.466,18.82,36084,22.73,71.25,0.65,31.42,17.01,24.16,11.93,15.48,Republican,Republican
Seward County,nebraska,2438,6490,1.5,4.3,28.0,20.4,14.8,22.3,8.7,0.3737,94.976,11.92,17609,2.82,93.03,0.58,37.07,15.15,19.43,12.93,15.42,Republican,Republican
Sheridan County,nebraska,340,2292,1.9,8.4,30.9,26.6,10.5,16.8,4.9,0.4442,73.631,0.81,5127,4.33,79.87,0.29,39.24,16.9,17.19,14.98,11.69,Republican,Republican
Sherman County,nebraska,343,1322,2.6,6.5,36.3,25.7,10.1,13.2,5.7,0.3849,68.66,2.03,2959,2.77,93.75,0.0,33.27,20.16,17.54,14.58,14.45,Republican,Republican
Sioux County,nebraska,72,642,0.1,3.8,26.2,34.4,10.6,18.0,6.9,0.3882,66.968,0.22,1135,3.79,92.95,0.0,35.53,11.84,16.31,18.06,18.25,Republican,Republican
Stanton County,nebraska,532,2561,3.1,2.9,30.8,22.7,20.5,14.2,5.9,0.421,93.643,5.26,5842,6.03,89.27,0.38,34.1,9.26,23.5,13.02,20.12,Republican,Republican
Thayer County,nebraska,624,2308,2.2,4.4,33.3,24.2,13.4,15.8,6.7,0.4296,76.798,3.37,5034,2.7,94.74,0.2,33.5,15.25,15.58,19.84,15.83,Republican,Republican
Thomas County,nebraska,45,377,2.6,5.8,22.0,23.6,21.4,19.2,5.4,0.3954,82.72,0.32,669,4.33,93.12,0.0,41.76,16.19,15.34,20.74,5.97,Republican,Republican
Thurston County,nebraska,1122,1180,3.2,7.0,34.0,22.8,13.1,14.1,5.7,0.4188,77.536,6.59,6773,3.84,36.08,0.35,36.62,19.76,19.68,7.71,16.23,Republican,Republican
Valley County,nebraska,412,1901,2.2,4.1,31.3,23.8,11.6,19.8,7.1,0.4357,80.829,2.75,4059,2.86,94.06,0.37,38.99,13.92,17.7,14.16,15.23,Republican,Republican
Washington County,nebraska,3554,8583,1.8,3.1,26.3,22.8,11.7,24.1,10.2,0.4121,76.763,20.68,20865,2.97,92.78,0.34,42.97,13.21,20.17,12.19,11.46,Republican,Republican
Wayne County,nebraska,1022,3055,2.3,2.0,29.8,19.5,13.7,21.0,11.6,0.4266,76.45,8.46,9697,10.22,80.73,3.61,34.6,22.17,20.81,7.63,14.79,Republican,Republican
Webster County,nebraska,335,1511,2.2,3.8,33.0,22.8,16.6,14.4,7.1,0.4395,81.902,2.29,3395,4.36,91.63,0.41,36.62,12.45,17.09,15.62,18.22,Republican,Republican
Wheeler County,nebraska,59,438,0.5,1.6,30.4,31.4,11.3,17.8,6.9,0.4462,77.295,0.52,774,2.58,95.09,0.0,46.01,12.67,7.16,25.07,9.09,Republican,Republican
York County,nebraska,1630,5337,1.9,4.2,28.8,24.1,15.6,16.9,8.4,0.4692,97.837,9.58,14125,5.94,88.91,1.18,36.08,13.13,22.87,12.77,15.16,Republican,Republican
Carson City,nevada,12735,16113,4.0,7.4,25.6,27.7,11.0,16.4,7.9,0.4583,91.96,155.6,58639,25.36,63.21,1.84,33.3,21.48,21.72,8.99,14.51,Republican,Democrat
Churchill County,nevada,3051,9372,2.5,5.3,33.8,28.4,12.4,12.4,5.3,0.4219,88.441,1.98,25516,14.05,70.03,1.68,36.3,15.69,16.21,15.52,16.28,Republican,Democrat
Clark County,nevada,521852,430930,5.8,7.8,27.8,23.9,8.4,17.4,9.0,0.4706,95.925,110.86,2265461,30.96,39.41,12.14,31.77,25.7,22.6,8.27,11.66,Democrat,Democrat
Douglas County,nevada,11571,21630,2.2,4.4,24.4,27.1,10.6,20.4,10.9,0.4656,76.763,26.89,49488,12.41,78.52,0.37,36.03,17.5,24.86,9.64,11.96,Republican,Democrat
Elko County,nevada,4557,16741,4.7,6.4,33.8,27.5,10.6,10.5,6.5,0.4141,76.763,1.21,53702,25.31,63.64,0.92,30.49,17.17,17.91,22.21,12.22,Republican,Democrat
Esmeralda County,nevada,74,400,4.0,17.9,22.7,26.0,5.2,15.2,9.0,0.4588,61.434,0.11,729,19.07,71.47,0.55,33.99,21.76,6.6,25.92,11.74,Republican,Democrat
Eureka County,nevada,105,895,2.3,2.5,42.0,34.1,3.9,9.7,5.5,0.3591,88.816,0.15,1855,9.6,83.29,0.11,26.94,2.94,16.23,18.65,35.23,Republican,Democrat
Humboldt County,nevada,1689,5877,5.5,9.1,34.1,21.7,8.8,15.4,5.4,0.4518,92.454,0.69,17285,26.1,63.82,0.79,30.71,17.52,17.68,21.26,12.83,Republican,Democrat
Lander County,nevada,496,2198,1.0,8.7,34.6,25.0,16.6,6.6,7.4,0.4028,76.763,0.4,5734,21.9,69.32,0.12,34.48,11.86,12.93,23.73,17.0,Republican,Democrat
Lincoln County,nevada,330,2067,2.9,8.8,43.4,23.8,5.8,9.2,6.2,0.3758,81.163,0.16,4499,6.53,85.31,3.73,27.98,16.6,23.08,23.02,9.33,Republican,Democrat
Lyon County,nevada,8473,20914,4.4,8.3,31.9,28.1,11.2,11.5,4.6,0.4195,88.275,11.46,59235,17.45,71.49,0.82,27.0,19.57,20.51,12.85,20.08,Republican,Democrat
Mineral County,nevada,829,1423,2.2,7.5,41.6,30.8,3.2,12.7,2.0,0.4356,61.148,0.47,4554,11.16,62.76,3.54,30.82,9.28,24.48,17.0,18.43,Republican,Democrat
Nye County,nevada,7288,17528,4.7,8.6,35.7,30.0,8.5,8.4,4.2,0.4427,71.428,1.1,51591,15.37,72.32,2.9,25.68,21.51,22.47,17.32,13.02,Republican,Democrat
Pershing County,nevada,547,1731,2.9,13.1,42.5,23.0,8.5,5.8,4.2,0.4021,77.979,0.42,6650,22.54,63.11,4.84,27.32,20.2,12.87,26.04,13.56,Republican,Democrat
Storey County,nevada,902,1908,0.6,7.0,19.1,32.8,9.2,16.9,14.5,0.4353,76.763,5.99,4104,8.28,81.34,0.58,41.37,16.22,17.49,9.6,15.33,Republican,Democrat
Washoe County,nevada,128128,116760,5.0,6.5,23.7,23.8,8.6,19.7,12.8,0.4658,76.763,29.75,486492,25.12,59.17,2.37,36.11,18.24,21.86,9.36,14.42,Democrat,Democrat
White Pine County,nevada,859,3403,2.9,7.8,42.4,22.5,11.1,9.9,3.4,0.3647,81.63,0.39,9080,16.05,69.98,4.82,27.69,16.14,21.64,18.27,16.25,Republican,Democrat
Belknap County,newhampshire,16894,20899,1.5,5.1,29.7,20.2,11.5,19.0,12.9,0.4426,76.763,61.41,63705,1.98,92.17,0.51,37.52,18.25,22.52,9.86,11.85,Republican,Democrat
Carroll County,newhampshire,16649,16150,1.5,3.4,26.9,19.9,10.7,21.6,15.9,0.4821,76.763,21.0,50107,1.53,93.69,0.26,37.17,17.63,20.12,13.66,11.42,Democrat,Democrat
Cheshire County,newhampshire,25522,17898,2.0,4.2,31.6,18.3,9.5,21.2,13.1,0.4285,97.508,41.85,76458,2.36,90.59,0.85,39.71,15.43,20.55,9.64,14.67,Democrat,Democrat
Coos County,newhampshire,7640,8617,3.6,7.5,38.2,19.1,11.3,13.0,7.4,0.4331,73.318,6.76,31268,2.15,91.56,1.58,30.73,20.64,21.56,13.28,13.79,Republican,Democrat
Grafton County,newhampshire,33180,19905,2.0,4.8,26.1,15.9,7.9,21.2,22.1,0.4925,76.763,20.53,91118,2.83,88.2,0.86,45.23,17.98,18.33,7.7,10.76,Democrat,Democrat
Hillsborough County,newhampshire,122344,104625,2.6,4.4,25.7,17.6,9.6,25.2,15.0,0.4301,76.763,186.21,422937,7.92,81.02,2.37,44.49,13.85,20.99,8.09,12.57,Democrat,Democrat
Merrimack County,newhampshire,48533,39711,2.0,4.5,29.0,16.7,11.0,21.0,15.9,0.4352,76.763,63.7,153808,2.52,89.24,1.65,42.19,16.15,20.84,9.19,11.64,Democrat,Democrat
Rockingham County,newhampshire,100064,95858,1.2,3.0,25.0,17.3,9.9,27.1,16.5,0.4237,76.763,174.99,314176,3.26,90.11,0.66,47.26,13.32,20.53,8.74,10.14,Democrat,Democrat
Strafford County,newhampshire,41721,30489,2.0,3.5,26.0,18.0,11.7,24.6,14.1,0.4318,76.763,137.61,130889,2.99,87.55,1.1,42.67,16.37,20.79,7.52,12.65,Democrat,Democrat
Sullivan County,newhampshire,12390,11508,2.7,6.4,36.5,14.1,10.2,18.3,11.8,0.486,96.859,31.12,43063,1.91,90.85,0.43,37.87,16.32,19.07,8.34,18.4,Democrat,Democrat
Atlantic County,newjersey,73808,64438,4.8,6.8,32.5,18.5,7.3,19.8,10.3,0.4777,76.763,190.65,274534,19.57,54.22,14.21,35.7,25.84,20.99,7.71,9.76,Democrat,Democrat
Bergen County,newjersey,285967,204417,4.0,3.0,20.7,14.0,6.6,30.8,20.8,0.4733,76.763,1581.04,955732,21.42,53.56,5.22,52.3,12.37,21.17,5.33,8.83,Democrat,Democrat
Burlington County,newjersey,154595,103345,1.9,4.0,26.4,18.7,7.9,26.4,14.6,0.4355,76.763,223.1,461860,8.74,63.77,16.2,47.82,13.42,22.05,6.55,10.16,Democrat,Democrat
Camden County,newjersey,175065,86207,4.5,6.2,29.3,18.0,7.7,20.8,13.5,0.4702,76.763,911.5,523485,18.2,53.35,18.17,41.68,16.21,21.77,6.97,13.37,Democrat,Democrat
Cape May County,newjersey,23941,33158,2.4,3.7,31.5,19.0,7.6,22.5,13.4,0.4747,76.763,146.53,95263,7.84,84.02,3.47,39.7,20.92,21.57,9.95,7.86,Republican,Democrat
Cumberland County,newjersey,32742,28952,8.0,10.8,39.2,16.8,7.9,11.6,5.7,0.4985,90.501,122.68,154152,34.42,42.69,17.11,28.4,22.41,17.73,12.17,19.29,Democrat,Democrat
Essex County,newjersey,266820,75475,6.9,6.1,27.8,15.7,6.0,21.7,15.7,0.5486,76.763,2613.3,863728,24.35,27.22,37.52,41.63,18.18,19.55,7.51,13.13,Democrat,Democrat
Gloucester County,newjersey,86702,83340,2.2,4.2,31.2,18.0,9.3,23.2,12.0,0.4182,76.763,362.85,302294,7.32,74.55,10.43,44.56,13.65,22.47,8.41,10.92,Democrat,Democrat
Hudson County,newjersey,181452,65698,7.6,5.2,23.3,12.5,4.8,27.4,19.2,0.4994,76.763,5951.43,724854,40.42,28.49,9.85,47.64,15.22,18.37,6.47,12.3,Democrat,Democrat
Hunterdon County,newjersey,39457,43153,2.0,2.3,19.4,14.3,6.5,32.3,23.1,0.4444,76.763,116.51,128947,8.48,81.17,2.35,56.24,11.2,20.24,7.17,5.15,Republican,Democrat
Mercer County,newjersey,122532,51641,4.6,5.7,25.4,14.2,6.0,24.0,20.2,0.5015,76.763,660.01,387340,21.73,43.52,18.68,47.33,16.33,18.59,6.22,11.54,Democrat,Democrat
Middlesex County,newjersey,226250,143467,5.1,5.2,23.5,14.4,6.6,26.4,18.7,0.432,76.763,1073.91,863162,22.44,38.6,9.12,48.52,11.91,20.22,5.82,13.54,Democrat,Democrat
Monmouth County,newjersey,181291,191808,2.3,3.4,21.4,15.5,7.5,30.5,19.4,0.4765,76.763,530.3,643615,12.54,71.6,6.09,50.43,13.98,21.51,6.78,7.3,Republican,Democrat
Morris County,newjersey,153881,141134,2.3,2.6,18.8,13.0,6.1,33.0,24.2,0.4607,76.763,426.13,509285,15.05,66.99,3.06,55.43,11.34,20.37,5.49,7.38,Democrat,Democrat
Ocean County,newjersey,119456,217740,2.5,4.4,33.3,19.1,7.9,21.5,11.4,0.4578,76.763,392.49,637229,10.41,81.69,2.77,41.19,16.7,24.28,8.98,8.84,Republican,Democrat
Passaic County,newjersey,129097,92009,8.5,6.3,33.8,16.0,5.3,20.3,9.8,0.4637,76.763,1078.63,524118,42.74,38.84,9.89,35.13,17.05,21.48,8.13,18.2,Democrat,Democrat
Salem County,newjersey,14479,18827,3.2,6.6,39.9,18.0,9.5,15.0,7.8,0.4431,94.893,75.44,64837,10.08,69.84,13.96,36.07,14.25,23.02,9.65,17.0,Republican,Democrat
Somerset County,newjersey,111173,71996,3.0,3.0,17.9,12.8,6.1,31.2,26.1,0.4621,76.763,441.24,345361,16.61,51.37,8.83,56.75,11.14,18.37,5.23,8.5,Democrat,Democrat
Sussex County,newjersey,34481,51698,1.3,3.3,28.7,19.5,8.3,25.1,13.8,0.4165,76.763,107.83,144221,9.92,81.99,1.98,43.96,14.12,21.69,10.31,9.91,Republican,Democrat
Union County,newjersey,170245,80002,7.7,5.5,27.2,15.7,5.6,22.9,15.4,0.4866,76.763,2149.38,575345,33.98,36.72,19.51,39.9,15.36,20.72,8.43,15.59,Democrat,Democrat
Warren County,newjersey,24901,34769,2.0,4.2,32.2,17.3,8.8,23.9,11.6,0.4174,76.763,118.84,109632,11.15,76.85,5.08,40.75,17.61,20.28,8.69,12.68,Republican,Democrat
Bernalillo County,newmexico,193757,116135,3.8,6.0,22.6,21.9,9.1,19.9,16.7,0.4766,85.783,224.33,676444,48.71,37.45,2.64,44.93,17.93,20.35,8.1,8.69,Democrat,Democrat
Catron County,newmexico,595,1698,2.1,1.4,39.2,33.3,9.1,7.4,7.5,0.409,55.132,0.2,3579,16.82,76.5,0.98,19.35,11.34,33.92,30.49,4.89,Republican,Democrat
Chaves County,newmexico,6381,15656,8.9,9.9,27.1,27.9,8.8,10.9,6.7,0.4734,70.101,4.12,65157,56.93,37.52,1.45,29.7,20.29,20.16,12.88,16.97,Republican,Democrat
Cibola County,newmexico,4745,3975,3.8,11.9,32.8,25.8,10.9,8.2,6.5,0.4276,63.643,2.31,27172,31.81,20.38,0.93,26.53,28.59,24.5,13.27,7.11,Democrat,Democrat
Colfax County,newmexico,2611,3271,2.0,7.5,32.3,26.8,9.4,12.7,9.4,0.4169,60.486,1.27,12387,47.45,48.07,0.2,28.86,27.67,20.83,11.61,11.03,Republican,Democrat
Curry County,newmexico,4307,10444,7.8,11.3,25.4,24.3,9.8,13.5,7.9,0.452,70.128,13.28,48430,45.01,43.47,5.19,28.57,18.05,23.95,12.87,16.56,Republican,Democrat
De Baca County,newmexico,231,656,7.5,7.9,24.9,45.2,5.3,4.7,4.6,0.4459,55.224,0.28,1698,38.52,57.89,0.18,18.79,6.72,10.84,50.07,13.58,Republican,Democrat
Eddy County,newmexico,5424,17454,6.5,9.5,29.8,26.3,9.8,11.6,6.6,0.4312,96.185,5.66,62314,50.24,43.55,1.27,33.69,14.03,19.84,17.54,14.9,Republican,Democrat
Grant County,newmexico,7590,6553,3.5,7.9,26.9,26.2,9.1,15.5,10.9,0.4864,67.689,2.73,28185,47.78,46.54,0.88,37.2,16.94,17.64,15.3,12.91,Democrat,Democrat
Guadalupe County,newmexico,1234,917,10.3,9.2,44.3,15.1,7.2,10.2,3.8,0.6052,84.666,0.56,4452,77.18,17.27,1.44,24.6,20.69,15.06,23.93,15.73,Democrat,Democrat
Harding County,newmexico,179,319,3.6,9.6,30.4,14.6,11.3,15.7,14.9,0.721,76.763,0.12,657,42.92,53.58,0.3,47.7,27.92,6.36,13.78,4.24,Republican,Democrat
Hidalgo County,newmexico,823,1120,6.8,10.1,36.6,21.8,7.8,11.3,5.6,0.4234,63.759,0.47,4178,57.2,39.37,0.34,34.76,17.06,21.52,17.19,9.47,Republican,Democrat
Lea County,newmexico,4061,16531,12.6,11.4,33.1,20.6,7.8,7.6,7.0,0.4733,86.086,6.43,74455,60.7,31.93,3.35,28.03,13.46,19.57,19.9,19.05,Republican,Democrat
Lincoln County,newmexico,3194,6942,3.4,6.5,29.3,27.5,9.1,14.3,10.0,0.4882,67.214,1.62,20269,32.05,60.88,0.34,32.16,24.74,20.44,15.27,7.39,Republican,Democrat
Los Alamos County,newmexico,7554,4278,1.0,1.1,10.2,13.4,4.6,27.9,41.8,0.3908,76.763,68.12,19419,17.69,69.24,0.81,73.34,9.01,8.75,4.21,4.69,Democrat,Democrat
Luna County,newmexico,3563,4408,11.7,15.1,35.7,19.4,6.3,6.9,5.0,0.451,51.973,3.31,25427,65.56,30.17,0.9,26.04,21.46,19.79,14.07,18.65,Republican,Democrat
McKinley County,newmexico,18029,7801,7.1,12.2,35.8,24.8,7.7,7.4,5.0,0.5013,60.105,5.1,72902,11.81,8.16,0.44,31.31,25.44,21.77,8.88,12.6,Democrat,Democrat
Mora County,newmexico,1745,903,3.9,2.8,39.5,27.5,5.7,7.6,13.0,0.4871,55.236,0.84,4189,78.8,18.24,0.24,38.11,31.33,14.94,1.98,13.64,Democrat,Democrat
Otero County,newmexico,8485,14521,5.5,7.9,28.8,26.4,10.4,13.8,7.2,0.4345,67.009,3.96,67839,38.55,45.59,3.39,31.61,19.12,23.69,15.19,10.39,Republican,Democrat
Quay County,newmexico,1170,2634,2.5,11.3,38.0,24.4,7.8,10.0,6.1,0.4617,53.058,1.16,8746,44.0,50.7,1.02,43.05,14.93,24.99,6.89,10.14,Republican,Democrat
Rio Arriba County,newmexico,10990,5408,5.5,9.2,32.8,26.8,7.5,10.6,7.6,0.467,69.379,2.65,40363,67.29,14.73,0.4,36.35,22.49,20.31,12.28,8.56,Democrat,Democrat
Roosevelt County,newmexico,1802,4634,6.7,7.6,32.5,26.6,6.3,13.0,7.4,0.4273,67.904,3.02,19191,43.75,48.61,2.31,29.86,18.36,16.36,14.27,21.15,Republican,Democrat
San Juan County,newmexico,18083,32874,3.7,10.7,29.3,28.1,12.4,9.2,6.5,0.4697,69.858,8.52,121661,19.42,35.82,0.46,28.41,21.36,21.72,14.84,13.66,Republican,Democrat
San Miguel County,newmexico,7888,3421,6.6,9.9,24.9,26.2,8.6,14.0,9.8,0.4711,59.418,2.23,27201,75.33,20.02,0.97,32.06,28.93,18.9,10.28,9.84,Democrat,Democrat
Sandoval County,newmexico,40588,34174,2.7,5.5,24.9,24.0,10.8,19.5,12.7,0.4189,96.937,15.55,148834,38.71,42.62,1.9,40.52,16.23,24.54,9.86,8.85,Democrat,Democrat
Santa Fe County,newmexico,62530,18329,4.4,4.9,21.0,20.0,7.5,21.2,21.0,0.4861,99.932,31.22,154823,48.04,43.83,0.79,45.11,19.98,18.69,9.5,6.72,Democrat,Democrat
Sierra County,newmexico,2265,3542,3.1,6.6,36.2,24.3,10.1,11.7,8.0,0.4692,53.994,1.06,11576,28.6,64.85,0.6,40.46,22.68,17.08,10.78,9.0,Republican,Democrat
Socorro County,newmexico,3722,3255,8.1,7.1,43.5,17.8,6.6,6.4,10.4,0.4848,60.919,0.96,16595,50.33,32.3,0.73,45.75,20.04,13.13,10.35,10.72,Democrat,Democrat
Taos County,newmexico,13121,3715,1.6,5.0,26.4,24.7,7.9,18.9,15.5,0.508,81.285,6.04,34489,50.54,39.74,0.38,38.42,22.32,18.58,14.89,5.79,Democrat,Democrat
Torrance County,newmexico,2344,4772,5.0,9.0,36.4,28.6,6.5,9.0,5.5,0.4202,63.315,1.75,15045,41.64,51.59,0.8,26.17,27.71,18.29,12.66,15.17,Republican,Democrat
Union County,newmexico,383,1388,3.2,9.3,42.9,23.1,5.9,9.7,5.8,0.4118,53.388,0.41,4079,39.13,54.77,1.59,34.68,22.83,14.65,9.94,17.89,Republican,Democrat
Valencia County,newmexico,14263,17364,5.4,9.8,30.8,23.7,9.2,11.3,9.8,0.4526,74.341,27.73,76205,60.07,32.35,0.98,34.53,21.58,19.41,10.83,13.65,Republican,Democrat
Albany County,newyork,99474,51081,2.9,4.5,21.7,15.1,11.4,22.5,21.9,0.4522,76.763,232.63,314848,6.86,66.98,12.92,49.03,16.39,21.64,4.55,8.39,Democrat,Democrat
Allegany County,newyork,6048,14135,3.5,5.1,34.0,18.4,14.4,12.8,11.7,0.4415,75.036,17.71,46456,2.08,91.11,1.74,36.59,18.23,18.05,11.28,15.85,Republican,Democrat
Bronx County,newyork,355374,67740,12.6,12.9,28.2,17.0,8.0,13.5,7.7,0.5149,69.157,13211.54,1472654,54.76,8.88,28.48,27.59,33.84,19.94,6.2,12.44,Democrat,Democrat
Broome County,newyork,47010,43800,3.0,6.5,30.0,17.6,13.1,15.8,14.0,0.4794,81.198,108.54,198683,5.18,78.6,5.81,41.17,20.29,20.04,6.46,12.04,Democrat,Democrat
Cattaraugus County,newyork,11879,22155,4.3,6.5,40.2,16.8,12.1,10.9,9.3,0.4413,72.245,22.73,77042,2.1,87.68,1.29,31.92,19.57,19.59,11.55,17.37,Republican,Democrat
Cayuga County,newyork,16149,19512,3.4,8.1,32.2,18.5,14.8,13.2,9.7,0.4547,85.431,42.52,76248,3.46,86.97,3.58,35.71,18.92,19.23,10.19,15.95,Republican,Democrat
Chautauqua County,newyork,23087,34853,3.7,6.6,33.7,17.6,14.2,13.5,10.8,0.4481,71.588,46.4,127657,9.22,83.08,2.26,34.15,19.94,18.87,8.92,18.12,Republican,Democrat
Chemung County,newyork,16636,21922,2.6,7.2,34.0,18.4,13.2,13.5,11.1,0.4596,81.684,79.23,84148,3.49,82.66,5.95,35.67,18.33,21.92,7.66,16.42,Republican,Democrat
Chenango County,newyork,8290,13482,3.0,8.5,40.6,17.9,11.8,9.8,8.5,0.4161,77.091,20.35,47220,2.37,91.39,0.73,33.76,15.92,18.52,10.91,20.9,Republican,Democrat
Clinton County,newyork,18364,16514,3.4,8.7,32.9,16.2,11.6,15.4,11.8,0.4372,84.635,29.7,79843,3.58,86.73,3.45,36.25,19.89,19.99,8.51,15.35,Democrat,Democrat
Columbia County,newyork,20386,14464,2.7,5.2,29.3,13.8,12.6,19.0,17.4,0.4813,76.763,37.4,61570,5.75,82.5,3.93,43.37,15.89,19.05,9.33,12.37,Democrat,Democrat
Cortland County,newyork,10369,10789,3.4,5.9,30.7,19.6,12.5,15.0,12.9,0.4053,79.172,36.19,46809,3.54,87.16,1.77,37.98,22.49,17.79,9.24,12.51,Republican,Democrat
Delaware County,newyork,9143,13387,2.6,7.0,38.1,15.5,11.8,13.3,11.7,0.442,76.4,11.95,44308,4.48,87.62,2.26,35.28,20.85,18.67,11.54,13.66,Republican,Democrat
Dutchess County,newyork,81443,66872,2.9,5.5,25.7,16.8,10.1,20.6,18.4,0.4643,76.763,143.87,295911,14.27,67.08,10.18,44.76,18.2,20.43,8.44,8.17,Democrat,Democrat
Erie County,newyork,267174,197527,3.0,4.8,26.1,17.8,11.9,20.2,16.2,0.4633,91.145,352.21,954236,6.25,71.08,13.61,42.8,17.19,22.46,6.17,11.38,Democrat,Democrat
Essex County,newyork,9947,8976,2.2,6.2,32.8,15.6,12.2,17.6,13.6,0.449,90.052,8.03,37381,2.62,90.19,1.63,40.17,21.13,17.5,10.85,10.35,Democrat,Democrat
Franklin County,newyork,9253,9668,4.1,8.9,35.0,16.7,13.1,12.3,9.9,0.4402,76.986,11.25,47555,2.92,81.08,3.55,34.24,21.77,22.84,9.67,11.47,Republican,Democrat
Fulton County,newyork,7931,15378,3.6,8.9,36.2,16.8,15.2,11.5,7.8,0.4378,78.036,41.52,53324,4.0,88.24,1.81,29.62,20.13,20.8,10.33,19.11,Republican,Democrat
Genesee County,newyork,9625,18876,2.7,4.8,37.1,17.4,14.9,13.5,9.7,0.415,83.313,45.59,58388,4.71,87.28,2.33,33.71,17.0,20.78,13.07,15.45,Republican,Democrat
Greene County,newyork,10346,14271,4.0,7.5,34.9,15.0,11.0,16.2,11.4,0.464,93.719,28.68,47931,6.49,82.4,4.5,37.76,19.75,20.84,9.08,12.57,Republican,Democrat
Hamilton County,newyork,1178,2225,2.6,11.6,29.8,16.0,16.7,13.3,10.0,0.4158,86.309,1.14,5107,1.96,93.38,0.59,36.46,20.84,19.13,13.83,9.74,Republican,Democrat
Herkimer County,newyork,9937,18870,2.9,5.7,34.3,18.5,16.2,13.3,9.1,0.4191,82.09,16.5,60139,2.54,90.88,1.13,35.89,18.45,21.33,10.18,14.15,Republican,Democrat
Jefferson County,newyork,17307,25629,2.7,5.7,32.2,21.5,12.7,15.0,10.2,0.4316,80.432,35.76,116721,6.85,79.47,5.37,34.1,21.14,22.19,10.05,12.52,Republican,Democrat
Kings County,newyork,703310,202772,8.4,7.8,24.8,12.4,6.2,24.1,16.3,0.5301,76.763,14913.29,2736074,18.87,35.39,26.67,46.39,21.24,18.44,5.52,8.41,Democrat,Democrat
Lewis County,newyork,3824,8894,2.6,6.2,43.4,15.0,13.6,10.8,8.5,0.4033,77.217,8.07,26582,1.73,93.83,0.39,34.49,17.85,17.6,17.21,12.85,Republican,Democrat
Livingston County,newyork,12477,18182,2.5,5.2,31.3,17.8,13.6,15.4,14.0,0.4282,89.669,37.89,61834,4.4,88.32,1.73,38.05,17.9,18.19,12.94,12.92,Republican,Democrat
Madison County,newyork,14807,18408,2.0,5.0,34.4,16.7,15.1,14.3,12.5,0.4485,91.798,40.1,68016,2.46,89.63,1.57,38.65,18.66,19.83,9.51,13.34,Republican,Democrat
Monroe County,newyork,225746,145661,3.2,5.4,22.9,16.0,12.0,22.2,18.3,0.4658,96.131,444.56,759443,9.58,66.65,14.84,47.23,16.24,20.48,5.29,10.77,Democrat,Democrat
Montgomery County,newyork,7977,12745,4.1,7.1,35.7,19.1,14.2,11.1,8.7,0.4347,74.504,47.53,49532,14.76,77.2,1.99,32.85,18.26,19.17,10.15,19.58,Republican,Democrat
Nassau County,newyork,396504,326716,4.5,3.7,21.4,14.4,7.7,26.3,22.0,0.4527,76.763,1884.99,1395774,18.37,55.84,10.55,49.36,15.65,21.14,6.43,7.42,Democrat,Democrat
New York County,newyork,603040,85185,6.2,5.4,12.3,9.9,3.6,32.4,30.4,0.598,76.763,28048.18,1694251,23.77,46.82,11.78,63.58,13.43,16.92,1.89,4.18,Democrat,Democrat
Niagara County,newyork,46029,56068,2.4,5.9,31.8,18.6,14.2,15.9,11.1,0.4428,84.468,156.87,212666,3.68,81.67,7.62,35.88,16.57,22.91,9.36,15.28,Republican,Democrat
Oneida County,newyork,41567,57180,4.7,6.4,30.4,18.3,12.9,15.5,11.8,0.4494,86.787,73.58,232125,6.54,77.97,6.46,39.87,20.03,21.54,7.39,11.17,Republican,Democrat
Onondaga County,newyork,138894,90619,2.8,5.8,25.1,17.0,12.4,20.2,16.7,0.4622,94.515,234.44,476516,5.58,72.88,11.42,44.6,16.45,21.86,6.2,10.89,Democrat,Democrat
Ontario County,newyork,29025,29039,2.6,4.0,25.5,17.1,13.6,19.9,17.4,0.442,76.763,67.31,112458,5.44,86.61,2.17,44.76,16.33,19.84,8.56,10.52,Republican,Democrat
Orange County,newyork,84684,84996,3.8,6.5,28.5,19.1,10.5,18.2,13.4,0.4479,76.763,190.77,401310,22.36,57.77,10.3,38.62,18.58,22.44,9.12,11.24,Republican,Democrat
Orleans County,newyork,5587,12126,4.1,9.7,38.8,18.1,11.4,11.7,6.1,0.4415,80.669,39.62,40343,5.17,84.37,4.56,29.33,17.55,19.49,15.45,18.19,Republican,Democrat
Oswego County,newyork,21143,32138,2.6,7.6,37.0,18.2,13.1,12.7,8.7,0.4473,84.934,47.89,117525,3.08,89.95,1.17,34.29,16.62,20.52,11.75,16.82,Republican,Democrat
Otsego County,newyork,12975,14382,2.0,5.4,31.3,16.3,11.4,18.0,15.7,0.454,86.624,23.0,58524,4.09,87.98,2.03,37.2,20.45,20.75,11.05,10.56,Republican,Democrat
Putnam County,newyork,24953,29283,3.0,3.7,25.1,17.0,8.3,24.2,18.6,0.4167,76.763,164.24,97668,18.18,73.66,2.48,46.98,17.71,19.16,8.85,7.3,Republican,Democrat
Queens County,newyork,569038,212665,10.2,7.0,26.0,14.2,7.8,21.4,13.4,0.4582,76.763,8383.91,2405464,27.76,22.84,15.85,37.77,23.1,19.46,8.29,11.38,Democrat,Democrat
Rensselaer County,newyork,40969,36500,2.7,4.9,26.7,16.7,13.7,20.6,14.7,0.4229,76.763,95.24,161130,5.88,77.33,7.32,45.4,15.71,20.23,8.09,10.58,Democrat,Democrat
Richmond County,newyork,90997,123320,5.2,6.1,29.7,16.3,7.4,21.1,14.2,0.446,76.763,3308.67,495747,19.56,56.07,9.45,42.61,20.68,19.82,7.98,8.91,Republican,Democrat
Rockland County,newyork,75802,73186,5.2,6.2,22.1,16.5,7.6,23.5,19.0,0.471,76.763,749.88,338329,19.64,60.92,9.98,47.84,17.23,20.59,5.99,8.35,Democrat,Democrat
Saratoga County,newyork,68471,61305,1.9,4.1,24.3,15.2,11.1,24.1,19.3,0.4309,76.763,112.65,235509,3.68,86.53,1.59,49.0,14.51,20.69,6.61,9.19,Democrat,Democrat
Schenectady County,newyork,42465,30741,3.1,5.2,26.7,18.0,12.7,18.9,15.3,0.4358,95.776,300.79,158061,7.91,66.35,10.09,43.51,17.53,20.88,7.38,10.7,Democrat,Democrat
Schoharie County,newyork,5345,9903,2.5,6.4,34.5,19.3,12.4,13.5,11.4,0.4269,88.043,18.61,29714,3.62,89.72,0.93,37.21,15.9,19.14,14.23,13.52,Republican,Democrat
Schuyler County,newyork,3903,5621,2.5,5.6,35.5,19.8,12.1,12.6,11.9,0.4411,81.139,21.0,17898,1.84,92.85,0.51,35.82,21.39,18.95,8.9,14.93,Republican,Democrat
Seneca County,newyork,6914,8329,5.3,10.5,32.5,15.8,13.7,13.5,8.6,0.4597,83.45,40.14,33814,4.04,86.57,3.74,34.24,18.85,18.75,14.42,13.74,Republican,Democrat
St. Lawrence County,newyork,19361,24608,4.5,6.7,35.5,17.1,12.7,12.0,11.5,0.4486,75.136,15.66,108505,2.61,88.99,2.57,36.49,23.04,17.79,9.52,13.17,Republican,Democrat
Steuben County,newyork,15790,29474,3.0,5.5,34.9,16.6,14.1,12.9,13.0,0.4477,82.673,25.99,93584,1.84,90.12,1.51,39.18,16.53,17.94,11.03,15.31,Republican,Democrat
Suffolk County,newyork,381021,381253,5.0,4.5,25.4,16.5,9.6,21.1,17.9,0.4428,76.763,646.17,1525920,21.82,63.39,7.03,43.35,16.65,21.94,8.8,9.26,Republican,Democrat
Sullivan County,newyork,15489,18665,5.5,7.9,31.0,17.6,10.2,16.2,11.5,0.4866,95.336,31.4,78624,17.82,67.02,7.72,36.13,23.95,18.51,9.5,11.91,Republican,Democrat
Tioga County,newyork,9634,14791,2.1,5.8,35.7,16.1,13.9,15.6,10.7,0.4317,89.281,35.98,48455,2.31,91.21,0.9,37.44,15.54,20.28,11.23,15.5,Republican,Democrat
Tompkins County,newyork,33619,11096,1.7,2.6,17.0,12.6,8.6,24.6,32.9,0.4945,98.898,83.42,105740,6.69,72.57,4.04,58.33,14.9,15.67,4.59,6.51,Democrat,Democrat
Ulster County,newyork,57970,37590,2.5,6.0,28.3,17.6,10.0,19.5,16.1,0.4787,76.763,62.56,181851,11.61,75.17,5.58,42.08,19.63,18.63,9.74,9.91,Democrat,Democrat
Warren County,newyork,17642,17699,2.4,5.9,28.4,17.3,12.1,17.8,16.0,0.4409,97.659,29.24,65737,2.67,90.21,1.12,41.1,18.36,21.42,7.65,11.47,Republican,Democrat
Washington County,newyork,11565,15941,4.0,6.9,38.9,18.0,11.1,12.5,8.6,0.4128,84.096,28.48,61302,2.87,89.08,2.55,32.92,18.03,21.36,11.98,15.71,Republican,Democrat
Wayne County,newyork,17456,26204,3.7,5.8,31.6,20.4,13.5,15.4,9.6,0.4225,87.951,58.39,91283,4.95,86.8,2.63,36.75,15.81,20.04,11.29,16.1,Republican,Democrat
Westchester County,newyork,312371,144713,5.5,5.2,17.9,13.0,6.7,25.6,26.2,0.5347,76.763,894.33,1004457,26.81,49.55,13.04,52.39,16.0,18.46,6.67,6.47,Democrat,Democrat
Wyoming County,newyork,5073,13898,3.3,9.2,37.9,17.4,14.0,11.0,7.2,0.4105,81.765,26.28,40531,3.68,87.78,4.57,31.88,19.78,18.96,15.05,14.34,Republican,Democrat
Yates County,newyork,4219,6208,11.5,4.2,35.6,14.8,9.9,14.2,9.8,0.4544,84.877,28.22,24774,2.72,93.04,0.59,31.77,19.05,18.32,14.3,16.56,Republican,Democrat
Alamance County,northcarolina,38825,46056,4.7,7.0,27.9,22.1,11.0,19.0,8.4,0.4398,79.258,156.63,171415,14.41,59.79,19.58,34.57,15.88,22.86,9.75,16.93,Republican,Republican
Alexander County,northcarolina,4145,15888,4.4,9.6,40.5,18.9,11.2,11.0,4.3,0.4332,79.024,54.21,36444,5.04,84.77,5.27,27.26,13.25,18.27,10.67,30.55,Republican,Republican
Alleghany County,northcarolina,1486,4527,4.5,13.2,30.1,22.5,9.0,13.4,7.3,0.5151,70.181,18.07,10888,11.83,84.37,0.95,36.69,17.49,18.7,14.22,12.9,Republican,Republican
Anson County,northcarolina,5789,5321,4.6,12.9,43.9,17.9,9.3,8.7,2.6,0.448,56.821,16.13,22055,3.02,48.03,44.61,21.06,19.05,14.94,10.81,34.14,Democrat,Republican
Ashe County,northcarolina,4164,11451,3.3,9.7,30.1,23.0,13.1,12.6,8.2,0.4414,64.973,24.24,26577,5.72,90.41,0.47,30.77,16.3,20.98,16.64,15.3,Republican,Republican
Avery County,northcarolina,2191,7172,4.8,8.2,31.0,24.6,9.0,13.6,8.7,0.4915,79.769,27.6,17806,5.54,87.32,3.64,32.61,23.99,21.72,13.05,8.63,Republican,Republican
Beaufort County,northcarolina,9633,16437,5.3,7.9,31.5,23.9,11.9,12.2,7.2,0.4701,75.433,20.73,44652,7.69,65.91,22.83,32.55,17.28,19.15,14.69,16.33,Republican,Republican
Bertie County,northcarolina,5939,3817,4.6,14.8,36.3,20.1,7.6,10.9,5.7,0.5397,67.133,9.84,17934,1.84,35.12,59.52,29.15,17.23,18.93,12.08,22.61,Democrat,Republican
Bladen County,northcarolina,7326,9676,3.5,8.4,33.9,23.8,10.3,14.0,6.2,0.526,62.016,13.15,29606,8.6,53.47,32.1,29.77,17.44,17.86,13.84,21.09,Republican,Republican
Brunswick County,northcarolina,33310,55850,1.8,4.7,26.8,22.4,11.9,20.4,12.0,0.4426,93.733,63.46,136693,5.43,81.0,8.33,35.99,18.44,22.84,11.66,11.08,Republican,Republican
Buncombe County,northcarolina,96515,62412,3.0,4.9,23.2,17.2,8.8,25.6,17.5,0.4803,94.799,158.47,269452,8.14,79.74,5.57,41.58,18.56,20.57,8.54,10.74,Democrat,Republican
Burke County,northcarolina,13118,31019,6.1,9.2,32.4,20.6,12.1,12.4,7.4,0.4534,73.19,66.96,87570,8.2,78.41,5.44,31.59,18.6,17.58,10.24,21.98,Republican,Republican
Cabarrus County,northcarolina,52162,63237,2.8,5.3,26.0,19.9,9.7,24.0,12.5,0.4346,76.763,241.98,225804,12.07,59.25,18.46,43.19,14.01,21.23,9.04,12.53,Republican,Republican
Caldwell County,northcarolina,10245,32119,6.0,12.1,31.8,22.3,10.5,12.3,4.9,0.4376,69.926,66.04,80652,6.1,84.15,4.76,28.55,15.8,21.31,10.26,24.08,Republican,Republican
Camden County,northcarolina,1537,4312,3.4,4.3,30.3,24.6,13.0,16.4,8.0,0.3509,88.224,16.94,10355,3.28,79.19,10.13,46.13,15.06,19.51,10.85,8.45,Republican,Republican
Carteret County,northcarolina,12093,30028,1.9,6.0,23.6,25.1,11.6,19.8,12.0,0.4516,87.752,51.99,67686,4.61,85.01,4.74,38.17,19.32,20.84,10.3,11.36,Republican,Republican
Caswell County,northcarolina,4860,7089,4.7,11.6,37.1,19.9,11.3,9.9,5.6,0.4249,69.538,20.64,22736,4.41,61.73,29.93,29.93,17.49,17.95,13.58,21.05,Republican,Republican
Catawba County,northcarolina,25689,56588,4.2,8.4,30.0,20.2,12.4,17.3,7.5,0.4656,84.38,154.89,160610,10.82,72.3,7.86,33.5,13.94,19.6,7.92,25.05,Republican,Republican
Chatham County,northcarolina,26787,21186,4.7,5.9,18.2,15.8,8.9,24.7,21.8,0.4961,76.763,43.49,76285,13.6,69.59,10.18,49.35,14.81,16.41,9.5,9.93,Democrat,Republican
Cherokee County,northcarolina,3583,12628,2.7,6.1,33.0,21.9,12.6,15.7,8.0,0.4215,63.371,24.47,28774,3.12,88.16,1.3,29.58,18.37,26.96,12.17,12.92,Republican,Republican
Chowan County,northcarolina,3247,4471,4.2,9.2,33.6,19.9,8.9,15.1,9.1,0.4635,70.291,30.94,13708,3.87,60.32,31.92,34.13,24.43,19.08,8.58,13.78,Republican,Republican
Clay County,northcarolina,1699,5112,3.5,8.2,24.3,22.1,13.1,17.6,11.2,0.4735,77.381,20.09,11089,3.95,90.58,0.54,37.98,18.63,21.98,9.94,11.47,Republican,Republican
Cleveland County,northcarolina,16955,33798,4.3,9.0,34.7,19.5,13.2,12.3,7.1,0.4637,70.141,82.77,99519,4.06,70.5,20.13,31.45,16.81,19.73,9.69,22.31,Republican,Republican
Columbus County,northcarolina,9446,16832,4.9,9.4,37.5,22.8,10.8,9.7,4.8,0.4745,60.288,20.92,50623,5.16,59.3,28.65,30.95,21.74,16.97,12.27,18.07,Republican,Republican
Craven County,northcarolina,21148,31032,3.0,6.1,26.8,26.7,11.7,15.1,10.5,0.457,80.975,55.24,100720,7.14,64.47,19.76,36.26,19.4,20.15,9.13,15.06,Republican,Republican
Cumberland County,northcarolina,84469,60032,2.2,5.5,26.5,27.7,11.2,17.4,9.5,0.4499,72.768,198.33,334728,11.8,39.79,37.1,34.65,19.67,21.81,8.23,15.64,Democrat,Republican
Currituck County,northcarolina,4195,11657,2.1,5.1,32.6,23.7,9.5,18.6,8.5,0.4023,76.763,42.19,28100,4.33,83.65,4.9,37.83,17.62,18.84,14.33,11.37,Republican,Republican
Dare County,northcarolina,9936,13938,1.3,3.8,21.3,22.0,9.1,28.0,14.6,0.4171,76.763,37.44,36915,6.92,86.47,1.84,40.2,16.2,22.34,13.25,8.01,Republican,Republican
Davidson County,northcarolina,22636,64658,4.0,9.4,32.7,22.8,10.6,14.4,6.0,0.4358,76.539,118.3,168930,8.23,76.65,9.38,31.59,15.11,22.22,11.8,19.28,Republican,Republican
Davie County,northcarolina,6713,18228,3.0,7.1,30.4,23.6,9.6,17.4,8.8,0.4196,88.895,63.0,42712,7.9,81.5,5.65,37.01,15.49,19.52,10.91,17.07,Republican,Republican
Duplin County,northcarolina,8767,13793,8.5,11.2,31.5,22.4,10.5,11.4,4.5,0.4172,63.219,23.37,48715,22.2,51.21,23.48,26.75,18.54,14.55,15.14,25.01,Republican,Republican
Durham County,northcarolina,144688,32459,4.9,4.4,17.2,14.3,7.3,27.1,24.8,0.4632,76.763,436.53,324833,15.42,41.18,33.62,54.53,14.81,16.39,6.6,7.66,Democrat,Republican
Edgecombe County,northcarolina,16089,9206,4.9,9.5,38.0,21.7,8.1,13.0,4.8,0.4606,63.926,37.48,48900,5.53,35.46,55.83,27.14,20.34,21.59,7.34,23.59,Democrat,Republican
Forsyth County,northcarolina,113033,85064,4.2,6.5,24.9,20.2,8.8,21.4,13.9,0.484,86.88,363.27,382590,14.29,54.4,24.5,41.93,15.84,20.87,7.86,13.5,Democrat,Republican
Franklin County,northcarolina,15879,20901,5.6,7.5,29.4,23.0,10.8,16.2,7.5,0.4107,85.754,54.7,68573,10.15,61.66,23.02,36.57,16.2,21.17,11.89,14.17,Republican,Republican
Gaston County,northcarolina,40959,73033,3.8,8.6,29.4,22.0,11.2,17.6,7.4,0.4589,83.359,248.51,227943,8.8,67.41,17.44,34.74,15.05,21.09,10.64,18.48,Republican,Republican
Gates County,northcarolina,2546,3367,3.2,6.3,43.4,28.3,9.8,5.3,3.6,0.3952,67.399,11.91,10478,1.92,63.99,28.84,22.87,19.06,24.52,18.18,15.37,Republican,Republican
Graham County,northcarolina,905,3710,4.3,11.7,35.6,22.9,11.8,10.1,3.7,0.4296,62.085,10.64,8030,2.73,85.74,0.57,28.32,29.64,12.68,17.31,12.05,Republican,Republican
Granville County,northcarolina,14565,16647,5.9,8.2,30.7,21.4,10.1,16.2,7.4,0.4397,85.612,44.39,60992,10.18,55.11,30.03,38.13,14.72,21.38,9.73,16.04,Republican,Republican
Greene County,northcarolina,3832,4874,10.4,13.6,33.7,19.1,11.8,8.1,3.4,0.4015,59.36,29.54,20451,14.36,47.16,35.24,29.35,18.0,16.02,14.25,22.38,Republican,Republican
Guilford County,northcarolina,173086,107294,3.9,6.0,22.7,20.4,9.1,23.9,14.0,0.4853,90.034,322.49,541299,9.63,47.23,33.15,39.32,16.12,22.09,6.91,15.55,Democrat,Republican
Halifax County,northcarolina,15545,10080,6.1,12.8,36.7,19.8,8.9,10.0,5.7,0.4919,59.133,26.02,48622,2.99,39.22,50.88,29.06,20.53,19.33,7.9,23.18,Democrat,Republican
Harnett County,northcarolina,22093,35177,4.5,7.3,29.0,23.6,12.8,15.1,7.6,0.4273,79.4,87.41,133568,14.15,58.3,20.04,34.55,16.68,19.64,12.57,16.55,Republican,Republican
Haywood County,northcarolina,13144,22834,3.2,6.4,27.0,22.3,12.4,17.6,11.2,0.4529,77.027,43.35,62089,4.56,89.69,1.06,37.86,20.58,20.03,7.97,13.55,Republican,Republican
Henderson County,northcarolina,27211,40032,3.4,5.0,25.2,21.7,10.7,21.2,12.7,0.4511,86.842,120.58,116281,12.9,78.9,2.84,35.1,19.49,21.07,9.73,14.61,Republican,Republican
Hertford County,northcarolina,7097,3479,4.7,11.4,35.0,22.5,10.3,9.4,6.6,0.4771,63.791,23.65,21552,7.33,31.19,56.68,29.48,18.59,17.75,10.53,23.65,Democrat,Republican
Hoke County,northcarolina,11804,9453,4.5,6.6,27.9,26.3,14.5,13.7,6.5,0.4841,77.441,52.07,52082,14.76,37.76,31.46,33.8,19.12,21.95,8.82,16.32,Democrat,Republican
Hyde County,northcarolina,1046,1418,4.7,14.3,37.9,17.3,11.6,11.5,2.8,0.4022,49.1,2.92,4589,7.56,63.8,25.1,37.02,14.61,16.52,6.38,25.46,Republican,Republican
Iredell County,northcarolina,33888,67010,3.1,6.0,26.4,21.4,10.3,22.5,10.2,0.4631,76.763,126.25,186693,8.45,73.06,11.39,37.15,13.62,22.95,9.04,17.24,Republican,Republican
Jackson County,northcarolina,9591,11356,3.9,6.8,28.4,19.7,11.3,17.3,12.5,0.4898,74.303,33.32,43109,7.64,76.09,1.71,34.1,28.02,19.99,9.21,8.68,Republican,Republican
Johnston County,northcarolina,41257,68353,4.5,6.0,27.7,22.1,13.5,19.1,7.1,0.4211,93.586,106.78,215999,15.93,63.18,15.3,36.85,15.42,20.96,12.91,13.85,Republican,Republican
Jones County,northcarolina,2197,3280,4.4,9.8,36.8,23.2,10.0,11.8,3.9,0.4466,66.122,7.59,9172,4.3,63.09,27.95,27.11,18.09,19.16,14.98,20.66,Republican,Republican
Lee County,northcarolina,12143,16469,6.2,8.6,26.9,24.0,13.2,14.7,6.3,0.4309,77.283,96.21,63285,20.73,56.97,16.91,30.92,16.49,19.16,11.11,22.32,Republican,Republican
Lenoir County,northcarolina,13605,14590,5.4,12.6,33.3,20.8,13.0,10.4,4.6,0.4673,60.635,53.28,55122,7.92,48.22,39.97,28.49,19.33,16.48,12.98,22.73,Republican,Republican
Lincoln County,northcarolina,13274,36341,3.3,6.9,30.2,21.9,11.6,18.6,7.5,0.4571,76.763,114.76,86810,7.39,82.55,5.07,37.76,13.5,22.02,9.19,17.54,Republican,Republican
Macon County,northcarolina,6230,14211,4.1,6.4,31.9,23.0,10.1,16.0,8.4,0.4722,70.954,27.77,37014,9.45,85.2,0.68,32.03,22.47,21.09,12.72,11.68,Republican,Republican
Madison County,northcarolina,4901,7979,3.5,7.5,31.0,19.1,6.6,21.1,11.1,0.4839,79.896,18.39,21193,3.53,90.75,0.93,39.37,19.19,13.87,15.7,11.88,Republican,Republican
Martin County,northcarolina,5911,6532,5.8,12.2,30.4,23.7,12.4,11.2,4.3,0.4352,58.379,18.6,22031,4.06,52.33,40.25,29.46,24.56,17.71,10.89,17.38,Republican,Republican
McDowell County,northcarolina,5832,16883,4.1,9.8,34.4,20.9,12.9,12.4,5.5,0.4413,70.427,39.17,44578,6.61,84.77,3.83,28.1,15.59,16.87,11.47,27.97,Republican,Republican
Mecklenburg County,northcarolina,378107,179211,4.7,4.4,16.4,18.6,8.2,31.0,16.8,0.4923,76.763,822.48,1115482,15.23,44.71,29.12,47.21,13.52,21.37,6.69,11.21,Democrat,Republican
Mitchell County,northcarolina,1867,7090,3.7,6.5,29.8,27.0,11.0,13.8,8.3,0.4733,72.863,26.16,14903,4.7,90.68,0.34,34.41,19.93,15.72,11.85,18.08,Republican,Republican
Montgomery County,northcarolina,4327,8411,4.9,11.2,33.9,19.1,11.2,13.2,6.5,0.4749,75.815,20.3,25751,15.24,64.09,16.28,29.78,19.8,16.31,13.99,20.12,Republican,Republican
Moore County,northcarolina,20779,36764,2.8,4.4,20.8,20.0,12.2,23.6,16.3,0.4474,76.763,55.77,99727,7.39,75.6,10.57,40.94,20.99,19.24,8.66,10.15,Republican,Republican
Nash County,northcarolina,25947,25827,4.2,9.3,32.6,20.2,11.8,15.3,6.7,0.4549,77.266,67.88,94970,7.71,48.77,38.62,33.0,17.22,20.64,10.18,18.96,Democrat,Republican
New Hanover County,northcarolina,66138,63331,2.4,4.1,19.1,20.2,10.8,28.3,15.1,0.4852,97.277,458.16,225702,7.66,74.06,11.95,43.43,18.14,21.57,8.14,8.73,Democrat,Republican
Northampton County,northcarolina,6069,3989,5.7,10.8,34.0,20.5,11.2,10.8,7.0,0.4946,66.018,12.61,17471,2.02,39.12,55.23,28.87,19.51,20.61,11.54,19.47,Democrat,Republican
Onslow County,northcarolina,24266,46078,2.3,5.6,29.7,26.1,10.6,17.6,8.0,0.4196,76.084,103.2,204576,13.51,63.3,13.17,34.04,19.01,23.01,12.14,11.8,Republican,Republican
Orange County,northcarolina,63594,20176,3.0,3.6,12.7,11.9,7.2,27.6,34.1,0.5142,76.763,141.72,148696,10.63,64.92,10.47,59.63,14.96,14.53,5.32,5.56,Democrat,Republican
Pamlico County,northcarolina,2713,4849,3.2,6.7,31.6,24.4,9.6,12.4,12.0,0.479,78.395,14.13,12276,4.04,74.16,16.74,27.75,17.09,19.2,18.67,17.29,Republican,Republican
Pasquotank County,northcarolina,9832,9770,3.2,7.1,28.5,25.2,9.9,17.2,8.9,0.4412,80.52,68.84,40568,5.51,53.19,35.29,33.8,17.35,22.11,10.83,15.91,Democrat,Republican
Pender County,northcarolina,11723,21956,3.1,6.6,28.1,22.7,10.8,19.2,9.4,0.4355,93.195,27.29,60203,8.28,73.78,12.53,36.78,17.33,19.87,13.18,12.84,Republican,Republican
Perquimans County,northcarolina,2492,4903,3.8,9.8,32.3,25.7,8.8,10.9,8.7,0.3959,73.754,20.39,13005,2.38,71.76,20.65,30.72,19.02,21.31,13.81,15.14,Republican,Republican
Person County,northcarolina,8465,13184,3.6,7.9,35.3,23.5,12.1,12.7,4.9,0.4464,77.763,38.51,39097,5.61,64.28,25.27,33.26,16.91,19.24,12.68,17.9,Republican,Republican
Pitt County,northcarolina,47252,38982,3.6,6.2,24.6,19.7,12.8,20.0,13.2,0.4788,76.312,101.32,170243,7.62,51.01,35.13,40.91,18.79,19.9,6.7,13.7,Democrat,Republican
Polk County,northcarolina,4518,7689,2.2,5.1,26.6,21.7,11.2,21.4,11.9,0.4624,81.177,31.74,19328,5.31,86.49,3.56,34.46,17.88,22.17,12.7,12.8,Republican,Republican
Randolph County,northcarolina,15618,56894,5.8,10.2,35.1,22.0,10.1,11.9,4.9,0.4279,72.112,71.27,144171,13.21,75.16,5.96,29.26,15.79,20.71,9.69,24.54,Republican,Republican
Richmond County,northcarolina,8754,11830,5.7,11.6,31.0,22.4,12.1,10.7,6.6,0.4699,58.581,35.17,42946,7.15,54.98,29.74,29.82,18.75,17.41,13.2,20.82,Republican,Republican
Robeson County,northcarolina,19020,27806,6.8,14.9,33.7,19.8,10.2,9.5,5.1,0.5047,57.841,47.92,116530,10.09,25.02,22.5,27.29,19.29,17.67,14.85,20.89,Republican,Republican
Rockingham County,northcarolina,15992,31301,5.0,11.3,35.0,22.7,10.5,10.6,4.9,0.461,68.574,62.26,91096,6.68,70.49,18.23,28.29,17.64,20.33,12.9,20.85,Republican,Republican
Rowan County,northcarolina,23114,49297,4.3,8.3,33.2,22.5,11.2,14.6,5.9,0.4501,78.418,110.99,146875,10.85,68.18,15.48,31.79,16.62,17.85,13.05,20.69,Republican,Republican
Rutherford County,northcarolina,9135,24891,4.5,9.6,30.9,23.7,11.5,13.0,6.8,0.4697,69.897,44.17,64444,5.1,80.73,9.06,28.87,20.19,18.23,11.53,21.18,Republican,Republican
Sampson County,northcarolina,10966,17411,7.0,10.4,36.0,20.7,11.0,10.4,4.5,0.4621,67.874,24.21,59036,20.75,50.36,23.62,28.42,15.27,18.62,17.39,20.3,Republican,Republican
Scotland County,northcarolina,7186,7473,3.3,14.4,35.2,22.2,10.4,9.1,5.4,0.5042,61.126,41.4,34174,3.24,41.69,38.32,26.01,18.61,18.26,8.95,28.18,Republican,Republican
Stanly County,northcarolina,8129,25458,4.4,9.6,32.8,22.0,12.4,13.2,5.5,0.454,80.127,61.3,62504,4.94,77.83,11.2,30.0,16.94,19.51,14.28,19.27,Republican,Republican
Stokes County,northcarolina,5286,20142,4.1,8.4,38.2,22.5,10.6,10.5,5.6,0.4397,75.02,38.41,44520,3.27,88.97,3.64,30.37,17.86,19.1,12.82,19.86,Republican,Republican
Surry County,northcarolina,8721,27538,7.0,11.0,29.2,22.8,11.8,12.2,6.0,0.4808,72.597,51.78,71359,11.91,80.96,3.38,30.01,16.18,21.81,11.59,20.4,Republican,Republican
Swain County,northcarolina,2780,4161,4.5,10.4,32.6,21.1,10.3,12.5,8.6,0.4472,71.082,10.34,14117,4.19,60.5,0.72,30.08,32.08,15.47,13.99,8.38,Republican,Republican
Transylvania County,northcarolina,8444,11636,1.8,4.4,24.0,23.1,9.6,23.8,13.3,0.4497,81.444,33.81,32986,5.15,86.53,3.11,37.34,21.04,21.35,10.69,9.57,Republican,Republican
Tyrrell County,northcarolina,758,1044,4.4,18.3,37.6,20.5,7.0,7.8,4.4,0.4035,59.662,3.35,3245,8.38,57.9,28.78,30.93,25.34,14.92,20.42,8.39,Republican,Republican
Union County,northcarolina,48725,80382,3.9,5.6,22.9,20.1,9.0,25.5,13.0,0.4464,76.763,146.52,238267,12.64,67.62,11.12,45.0,12.78,21.02,9.39,11.8,Republican,Republican
Vance County,northcarolina,12431,8391,5.0,10.3,35.2,22.8,8.8,12.2,5.6,0.458,65.186,65.0,42578,8.73,38.15,49.51,29.94,20.66,20.38,8.46,20.57,Democrat,Republican
Wake County,northcarolina,393336,226197,2.7,3.3,14.6,15.6,8.1,33.8,21.9,0.4505,76.763,523.73,1129410,11.35,57.11,18.11,55.7,12.18,19.03,5.26,7.84,Democrat,Republican
Warren County,northcarolina,6400,3752,3.9,10.7,39.8,18.6,9.7,11.4,5.9,0.5172,68.89,16.91,18642,3.96,38.67,48.54,28.88,18.66,18.94,10.15,23.36,Democrat,Republican
Washington County,northcarolina,3396,2781,7.3,6.9,33.6,26.8,11.3,10.7,3.4,0.5066,55.923,12.31,11003,3.37,45.06,48.62,26.23,15.67,25.56,18.44,14.1,Democrat,Republican
Watauga County,northcarolina,17122,14451,2.9,4.7,21.5,19.0,7.4,24.1,20.4,0.5087,75.648,67.4,54086,6.51,83.17,3.88,39.4,21.86,23.03,7.82,7.9,Democrat,Republican
Wayne County,northcarolina,24215,30709,6.1,8.2,29.7,23.6,12.4,13.9,6.1,0.4663,74.878,81.89,117333,12.72,51.31,30.11,31.18,17.86,19.54,12.01,19.41,Republican,Republican
Wilkes County,northcarolina,7511,27592,5.9,12.6,32.7,21.1,11.3,11.6,4.8,0.437,64.65,33.88,65969,7.05,85.37,3.91,28.27,18.86,19.05,10.38,23.44,Republican,Republican
Wilson County,northcarolina,20754,19581,6.8,9.8,33.5,19.5,10.0,13.0,7.4,0.4757,68.493,82.63,78784,11.45,45.83,37.88,35.1,15.42,18.91,9.81,20.77,Democrat,Republican
Yadkin County,northcarolina,3763,15933,4.9,8.7,36.2,23.2,12.9,10.7,3.4,0.4622,78.89,42.97,37214,11.78,81.57,2.88,32.94,16.54,17.02,12.28,21.21,Republican,Republican
Yancey County,northcarolina,3688,7516,4.1,7.3,34.5,20.7,11.0,14.4,8.0,0.4679,72.533,22.9,18470,5.5,90.01,0.56,30.2,21.78,17.05,11.75,19.23,Republican,Republican
Adams County,northdakota,258,981,2.1,4.6,36.9,25.0,11.0,13.3,7.2,0.4704,79.096,0.86,2200,1.64,92.18,0.55,41.46,13.47,20.3,19.45,5.31,Republican,Republican
Barnes County,northdakota,1820,3568,2.0,3.1,31.2,20.3,14.8,21.6,7.1,0.4572,85.08,2.8,10853,1.7,91.81,1.63,34.09,18.67,20.66,13.92,12.66,Republican,Republican
Benson County,northdakota,822,1094,2.6,10.2,30.2,19.0,17.3,14.7,5.9,0.4918,77.56,1.66,5964,1.49,42.45,0.03,42.53,21.04,14.21,10.01,12.21,Republican,Republican
Billings County,northdakota,72,541,1.5,3.3,35.5,13.0,17.8,19.9,9.0,0.3794,92.045,0.28,945,2.33,95.45,0.42,43.13,20.62,12.32,18.01,5.92,Republican,Republican
Bottineau County,northdakota,821,2575,1.7,5.6,30.5,22.4,13.4,19.7,6.6,0.4689,76.763,1.48,6379,2.21,89.17,0.49,37.17,13.57,16.88,20.68,11.7,Republican,Republican
Bowman County,northdakota,228,1395,2.2,8.7,33.4,19.4,14.5,15.0,6.8,0.3608,93.041,0.99,2993,4.31,92.22,0.0,37.36,15.85,16.34,19.34,11.1,Republican,Republican
Burke County,northdakota,137,994,2.2,5.9,26.5,26.7,14.0,20.5,4.2,0.4328,76.763,0.76,2201,2.68,93.09,0.55,42.69,18.5,14.71,11.1,13.0,Republican,Republican
Burleigh County,northdakota,14348,34744,2.2,2.9,23.2,18.6,15.9,26.4,10.9,0.4295,76.763,23.28,98458,3.13,85.67,2.26,42.2,16.23,21.26,9.72,10.6,Republican,Republican
Cass County,northdakota,40311,42619,1.9,2.4,18.9,20.7,13.4,29.1,13.5,0.4653,76.763,40.76,184525,3.35,80.99,6.92,44.15,17.02,19.61,8.13,11.09,Republican,Republican
Cavalier County,northdakota,474,1499,3.2,3.5,25.9,28.0,15.8,20.4,3.1,0.5004,99.327,0.96,3704,1.21,94.09,0.05,43.08,11.07,22.19,14.77,8.89,Republican,Republican
Dickey County,northdakota,608,1742,3.9,4.7,26.7,19.3,18.7,20.9,5.9,0.4723,89.244,1.71,4999,3.98,91.46,0.38,33.97,17.78,18.06,14.21,15.99,Republican,Republican
Divide County,northdakota,265,904,4.3,5.3,23.0,27.5,18.6,15.0,6.3,0.3971,76.763,0.67,2195,2.41,92.21,1.05,44.62,16.23,15.82,16.23,7.1,Republican,Republican
Dunn County,northdakota,342,1951,5.3,4.1,34.3,21.8,15.5,14.7,4.2,0.4466,76.763,0.78,4095,2.61,79.15,0.56,29.74,12.02,18.92,18.09,21.22,Republican,Republican
Eddy County,northdakota,383,854,3.6,4.4,29.9,22.3,12.9,19.9,7.0,0.4845,73.032,1.44,2347,3.28,89.56,0.21,43.53,14.12,20.63,9.32,12.4,Republican,Republican
Emmons County,northdakota,237,1738,6.4,4.2,35.0,23.2,13.2,13.1,5.0,0.4482,82.133,0.84,3301,1.06,95.79,0.0,44.94,9.55,16.3,13.94,15.28,Republican,Republican
Foster County,northdakota,373,1362,2.2,3.4,29.7,23.5,18.7,18.8,3.6,0.426,89.998,2.06,3397,1.94,94.17,0.21,35.4,13.27,26.77,13.77,10.79,Republican,Republican
Golden Valley County,northdakota,137,871,1.9,3.4,22.5,31.6,17.0,16.2,7.4,0.3775,92.758,0.67,1736,2.76,92.17,0.29,36.91,18.4,17.65,8.52,18.52,Republican,Republican
Grand Forks County,northdakota,12880,16987,1.5,2.9,22.2,22.7,14.0,24.2,12.5,0.4586,86.429,19.61,73170,5.0,80.3,4.11,38.9,19.35,19.7,9.01,13.04,Republican,Republican
Grant County,northdakota,207,1145,5.0,3.2,32.7,23.8,14.3,17.8,3.3,0.5048,80.418,0.54,2301,1.13,94.26,0.43,49.86,13.18,18.15,12.23,6.59,Republican,Republican
Griggs County,northdakota,308,907,5.4,3.4,32.2,21.9,10.4,18.9,7.8,0.5055,98.397,1.26,2306,1.04,95.4,0.35,46.13,15.93,15.23,13.03,9.68,Republican,Republican
Hettinger County,northdakota,196,1091,6.1,5.9,33.4,26.6,10.3,12.8,4.9,0.4981,84.749,0.84,2489,1.37,93.17,0.2,36.48,13.56,17.41,14.44,18.11,Republican,Republican
Kidder County,northdakota,221,1215,3.5,6.6,32.9,22.1,16.2,15.4,3.2,0.4321,69.876,0.68,2394,2.17,94.86,0.13,39.92,13.86,15.12,17.73,13.37,Republican,Republican
LaMoure County,northdakota,527,1645,5.8,4.1,29.1,25.1,10.6,20.4,4.9,0.4097,87.69,1.39,4093,2.15,95.21,0.15,42.61,15.81,18.5,13.42,9.66,Republican,Republican
Logan County,northdakota,128,930,6.0,2.7,27.9,20.4,18.7,19.6,4.8,0.4419,75.824,0.72,1876,1.87,94.51,0.11,46.09,12.6,13.54,19.02,8.75,Republican,Republican
McHenry County,northdakota,564,2364,3.9,5.5,33.1,22.7,15.3,15.7,3.7,0.4281,90.514,1.1,5345,1.83,93.99,0.21,40.97,14.55,18.45,13.45,12.58,Republican,Republican
McIntosh County,northdakota,261,1153,8.5,4.0,35.0,16.4,19.5,12.4,4.3,0.4461,78.683,1.0,2530,2.09,93.87,0.28,41.6,16.42,13.79,17.51,10.69,Republican,Republican
McKenzie County,northdakota,814,4482,1.6,5.7,28.0,24.6,15.4,19.3,5.3,0.4682,76.763,1.97,14704,10.42,69.83,1.46,33.99,13.81,16.72,21.65,13.84,Republican,Republican
McLean County,northdakota,1230,4198,3.1,3.7,32.2,21.4,17.4,18.2,4.0,0.3777,93.556,1.79,9771,1.51,85.68,0.33,36.19,14.91,16.71,19.34,12.84,Republican,Republican
Mercer County,northdakota,704,3856,4.4,6.0,25.1,25.2,19.3,15.1,4.8,0.3841,94.76,3.1,8350,2.61,90.67,0.5,22.61,18.33,23.7,22.69,12.66,Republican,Republican
Morton County,northdakota,3872,12243,3.2,3.3,28.7,24.3,13.9,21.0,5.7,0.4383,76.763,6.65,33291,3.94,86.5,1.39,38.32,19.39,19.13,10.05,13.11,Republican,Republican
Mountrail County,northdakota,1256,2824,3.7,7.4,31.8,22.8,11.7,15.1,7.6,0.4471,76.763,2.04,9809,7.83,56.47,1.15,35.74,16.3,21.54,13.33,13.08,Republican,Republican
Nelson County,northdakota,586,1141,2.4,3.5,27.6,22.9,14.9,21.3,7.3,0.457,80.905,1.19,3015,2.29,94.33,0.2,43.27,16.69,17.64,12.81,9.59,Republican,Republican
Oliver County,northdakota,129,918,2.0,3.3,30.9,30.9,11.2,16.0,5.6,0.3815,93.8,0.98,1877,1.49,93.5,0.16,38.08,16.28,21.79,13.97,9.87,Republican,Republican
Pembina County,northdakota,786,2460,3.5,4.3,32.7,23.5,14.0,16.9,5.0,0.4563,87.245,2.37,6844,3.55,89.07,0.39,33.96,14.59,20.31,13.24,17.9,Republican,Republican
Pierce County,northdakota,497,1585,2.3,4.6,29.6,20.8,13.4,20.1,9.3,0.4268,79.592,1.52,3990,1.8,90.5,0.9,48.52,13.72,16.19,12.21,9.36,Republican,Republican
Ramsey County,northdakota,1639,3577,2.1,5.1,26.8,22.4,18.0,18.9,6.5,0.4625,80.272,3.78,11605,2.36,80.6,0.63,35.21,22.92,17.91,12.68,11.28,Republican,Republican
Ransom County,northdakota,945,1418,3.8,5.3,35.5,20.5,13.6,15.8,5.3,0.4066,85.458,2.54,5703,2.26,94.04,0.63,33.18,13.85,14.52,12.54,25.91,Republican,Republican
Renville County,northdakota,220,1065,5.1,3.8,31.4,25.7,11.3,17.8,5.0,0.3647,92.56,1.0,2282,1.62,94.04,0.22,27.01,12.83,24.15,19.16,16.84,Republican,Republican
Richland County,northdakota,2510,5072,2.2,4.2,24.6,23.8,21.2,19.0,5.0,0.4678,91.166,4.45,16529,3.47,88.95,0.94,33.78,18.9,16.41,12.12,18.8,Republican,Republican
Rolette County,northdakota,2482,1257,3.7,10.9,27.8,24.6,16.8,11.0,5.2,0.4444,69.053,5.26,12187,1.12,18.86,0.11,36.08,27.38,15.94,9.44,11.17,Democrat,Republican
Sargent County,northdakota,738,1266,1.7,4.1,35.1,23.3,17.4,14.1,4.4,0.4011,93.585,1.72,3862,2.36,92.44,1.24,34.98,12.16,12.25,11.58,29.02,Republican,Republican
Sheridan County,northdakota,104,688,2.9,6.6,39.9,24.1,12.0,13.6,0.8,0.4085,83.864,0.53,1265,0.79,94.15,0.16,39.27,11.61,22.26,18.92,7.95,Republican,Republican
Sioux County,northdakota,804,258,3.4,10.7,36.2,24.4,13.8,8.7,2.7,0.5154,59.293,1.37,3898,1.62,10.29,0.08,35.77,28.92,14.93,11.17,9.2,Democrat,Republican
Slope County,northdakota,44,380,1.7,6.7,34.9,17.2,16.7,19.2,3.6,0.4445,96.181,0.27,706,1.13,96.18,0.0,58.33,8.81,5.0,17.14,10.71,Republican,Republican
Stark County,northdakota,2499,12110,3.0,5.1,31.5,22.6,12.6,18.9,6.4,0.4317,98.095,9.54,33646,6.76,84.13,3.07,33.5,13.49,19.99,15.93,17.09,Republican,Republican
Steele County,northdakota,392,652,1.0,2.8,24.2,31.2,10.8,26.6,3.4,0.4129,94.649,0.96,1798,2.0,95.72,0.17,48.33,8.25,15.91,12.8,14.71,Republican,Republican
Stutsman County,northdakota,2676,6994,3.3,5.0,36.5,20.9,9.9,18.0,6.4,0.4981,85.575,3.76,21593,2.75,90.33,2.06,35.63,20.4,24.06,8.69,11.23,Republican,Republican
Towner County,northdakota,317,830,6.5,8.1,28.2,23.1,17.1,13.8,3.3,0.4744,83.939,0.81,2162,1.57,91.77,0.09,42.4,14.73,21.34,13.79,7.74,Republican,Republican
Traill County,northdakota,1493,2522,3.1,3.1,25.9,21.5,15.8,22.1,8.6,0.423,99.09,3.59,7997,3.71,91.42,0.6,42.97,15.86,17.94,11.34,11.87,Republican,Republican
Walsh County,northdakota,1333,3324,6.9,6.2,35.5,19.4,14.1,12.5,5.4,0.4358,87.075,3.18,10563,12.46,82.14,0.65,36.99,15.85,15.76,15.85,15.55,Republican,Republican
Ward County,northdakota,7293,19974,2.9,3.1,28.8,23.6,12.3,20.3,9.1,0.4329,97.908,13.34,69919,6.56,79.62,4.08,36.52,16.53,19.2,13.86,13.89,Republican,Republican
Wells County,northdakota,442,1893,4.7,4.1,37.7,21.6,10.3,18.4,3.2,0.5054,89.656,1.21,3982,0.95,95.03,0.45,42.26,19.5,13.0,14.29,10.94,Republican,Republican
Williams County,northdakota,2169,11739,2.3,6.9,31.4,20.0,14.9,18.1,6.4,0.4431,76.763,7.26,40950,9.52,75.12,4.98,28.9,15.07,17.97,19.29,18.76,Republican,Republican
Adams County,ohio,2156,9870,4.0,11.0,44.5,15.6,9.6,8.1,7.2,0.4767,65.728,18.19,27477,0.79,95.3,0.31,35.89,15.99,17.4,9.72,21.0,Republican,Republican
Allen County,ohio,14149,33116,1.9,6.1,40.2,21.3,11.3,11.9,7.2,0.4294,76.592,97.92,102206,3.2,77.97,12.21,28.97,17.79,19.35,8.97,24.92,Republican,Republican
Ashland County,ohio,6541,19407,2.7,7.4,42.8,16.8,8.5,14.3,7.6,0.3983,76.439,47.94,52447,1.64,93.33,0.73,30.33,13.59,21.19,10.05,24.84,Republican,Republican
Ashtabula County,ohio,16497,26890,4.2,9.2,42.1,20.1,8.7,10.3,5.3,0.4525,71.398,53.68,97574,4.6,86.15,3.58,27.6,18.4,17.09,12.27,24.65,Republican,Republican
Athens County,ohio,14772,10862,1.7,6.6,31.5,17.5,8.4,15.6,18.7,0.495,69.103,46.98,62431,2.32,86.63,4.43,40.46,22.45,17.26,7.57,12.27,Democrat,Republican
Auglaize County,ohio,4651,20798,1.5,5.1,42.2,18.4,12.1,12.6,8.1,0.3897,90.018,44.5,46422,1.68,94.01,0.5,33.01,15.67,16.62,8.11,26.59,Republican,Republican
Belmont County,ohio,9138,23560,1.9,6.6,46.1,16.4,11.5,11.2,6.3,0.4391,74.121,48.29,66497,1.24,91.04,3.11,28.07,18.92,22.76,12.78,17.47,Republican,Republican
Brown County,ohio,4380,16480,2.8,9.7,45.2,18.7,9.0,9.5,5.1,0.4403,80.682,34.48,43676,1.12,93.99,0.69,31.28,19.65,14.47,11.91,22.69,Republican,Republican
Butler County,ohio,69613,114392,2.9,5.9,32.5,19.0,7.9,20.5,11.4,0.4392,98.82,321.39,390357,6.47,75.5,8.75,38.8,17.19,21.06,6.88,16.07,Republican,Republican
Carroll County,ohio,3251,10745,4.8,6.4,47.1,17.4,10.8,8.4,5.0,0.4375,78.349,26.18,26721,1.12,94.32,0.46,32.04,14.96,17.27,13.28,22.44,Republican,Republican
Champaign County,ohio,5062,14589,2.0,6.6,41.9,22.2,9.1,12.3,5.9,0.3764,82.162,34.85,38714,1.67,91.22,1.76,32.34,15.89,16.59,9.15,26.02,Republican,Republican
Clark County,ohio,24076,39032,2.4,8.6,37.3,22.6,10.4,11.6,7.0,0.4225,74.459,132.52,136001,3.91,80.73,8.88,30.59,18.63,19.46,9.44,21.88,Republican,Republican
Clermont County,ohio,34092,74570,2.2,6.3,32.5,19.5,9.2,19.1,11.1,0.4365,76.763,178.18,208601,2.38,90.0,1.56,39.2,14.56,22.55,9.07,14.62,Republican,Republican
Clinton County,ohio,4697,15488,2.3,6.6,39.4,20.6,10.6,12.8,7.8,0.4379,81.302,39.75,42018,1.82,91.03,1.95,31.87,17.24,19.32,9.5,22.08,Republican,Republican
Columbiana County,ohio,13359,35726,2.7,7.4,45.0,17.9,10.5,11.0,5.5,0.4386,72.493,73.84,101877,1.72,91.74,2.04,27.74,20.24,18.17,10.32,23.52,Republican,Republican
Coshocton County,ohio,4125,12325,7.4,8.1,42.9,15.7,9.4,10.7,5.8,0.4435,67.542,25.08,36612,1.1,94.46,1.06,30.97,16.22,16.28,13.71,22.82,Republican,Republican
Crawford County,ohio,4916,15436,2.8,7.3,46.1,18.7,10.3,9.4,5.4,0.4206,68.161,40.23,42025,1.52,93.73,0.73,27.44,17.59,17.37,10.86,26.74,Republican,Republican
Cuyahoga County,ohio,416176,202699,2.7,6.4,27.1,20.4,8.1,20.3,14.9,0.508,88.627,1061.18,1264817,6.59,56.83,28.87,42.95,16.65,21.59,5.4,13.4,Democrat,Republican
Darke County,ohio,4731,22004,2.0,7.0,45.5,20.9,8.4,10.9,5.4,0.4421,79.351,33.41,51881,1.66,94.44,0.58,30.0,12.71,18.87,11.11,27.31,Republican,Republican
Defiance County,ohio,5981,13038,2.4,5.6,40.4,21.9,10.8,12.1,6.8,0.3973,83.014,35.94,38286,10.32,84.3,1.56,31.27,12.75,18.27,11.52,26.19,Republican,Republican
Delaware County,ohio,57735,66356,0.8,2.0,16.5,16.5,6.7,34.8,22.6,0.4143,76.763,188.26,214124,3.27,80.06,3.6,57.37,11.88,19.25,3.75,7.75,Republican,Republican
Erie County,ohio,17493,22160,1.8,6.4,34.0,21.9,9.5,17.4,9.1,0.4646,87.691,115.7,75622,4.14,80.75,8.8,34.48,17.75,20.54,7.65,19.57,Republican,Republican
Fairfield County,ohio,31224,50797,1.6,4.6,32.8,21.2,8.8,20.4,10.7,0.4209,76.763,122.0,158921,2.53,82.22,8.37,40.25,15.9,20.5,8.35,15.0,Republican,Republican
Fayette County,ohio,2975,9473,3.3,11.7,47.0,16.4,7.9,8.6,5.1,0.4405,73.872,27.46,28951,2.35,90.7,1.8,27.23,15.91,18.62,12.34,25.9,Republican,Republican
Franklin County,ohio,409144,211237,3.1,5.4,24.0,18.8,7.0,25.6,16.0,0.4671,98.356,955.89,1323807,6.89,59.5,22.37,45.89,15.13,20.66,4.91,13.41,Democrat,Republican
Fulton County,ohio,6664,15731,1.3,4.9,43.1,20.7,11.9,11.6,6.6,0.4053,88.95,40.57,42713,8.88,86.55,0.53,31.33,14.79,20.58,11.75,21.56,Republican,Republican
Gallia County,ohio,2990,10645,4.7,9.0,40.7,17.0,10.5,10.3,7.9,0.4502,73.571,24.23,29220,0.9,92.25,2.04,34.76,19.79,18.69,7.03,19.74,Republican,Republican
Geauga County,ohio,21201,34143,6.1,2.9,25.6,18.8,7.3,24.9,14.4,0.4468,76.763,92.04,95397,1.74,93.25,1.13,41.9,14.99,19.94,11.04,12.13,Republican,Republican
Greene County,ohio,34798,52072,1.6,4.2,22.6,21.0,9.5,21.1,20.1,0.4415,76.763,156.41,167966,3.11,80.73,6.72,48.25,15.7,19.91,5.5,10.65,Republican,Republican
Guernsey County,ohio,4577,13407,4.4,9.3,42.6,18.6,10.1,9.7,5.2,0.4333,69.452,28.4,38438,1.16,92.92,1.35,28.63,17.7,20.8,11.58,21.29,Republican,Republican
Hamilton County,ohio,246266,177886,2.3,5.5,25.6,18.0,8.2,24.2,16.1,0.5052,99.653,788.17,830639,4.36,62.57,25.01,45.16,15.81,21.14,5.26,12.64,Democrat,Republican
Hancock County,ohio,11757,26310,1.2,5.0,36.2,20.1,9.0,18.0,10.5,0.4401,88.362,54.55,74920,5.6,86.9,1.82,35.2,16.98,17.94,7.28,22.6,Republican,Republican
Hardin County,ohio,3062,9949,3.4,5.1,47.3,17.9,7.9,11.5,6.9,0.4217,70.948,25.14,30696,2.27,92.48,0.83,29.19,15.85,18.83,11.24,24.89,Republican,Republican
Harrison County,ohio,1768,5792,4.0,7.8,48.6,15.6,12.3,7.5,4.2,0.4532,71.972,13.94,14483,0.9,92.69,1.62,23.53,18.92,17.62,17.04,22.88,Republican,Republican
Henry County,ohio,4062,10479,2.4,4.6,42.9,19.7,12.3,12.4,5.7,0.4255,89.777,25.62,27662,7.91,88.44,0.56,31.73,13.69,18.22,10.54,25.83,Republican,Republican
Highland County,ohio,3799,15678,4.8,10.2,41.7,16.8,11.3,9.9,5.3,0.4046,71.753,30.22,43317,0.98,93.48,1.2,29.23,15.97,18.79,11.25,24.77,Republican,Republican
Hocking County,ohio,3880,9737,4.4,7.7,42.3,19.7,11.2,10.6,4.1,0.4092,72.764,25.75,28050,0.83,94.48,0.5,29.25,22.81,19.25,11.9,16.8,Republican,Republican
Holmes County,ohio,1994,10796,35.6,6.8,32.3,10.2,4.0,7.4,3.7,0.424,95.098,40.45,44223,1.07,96.95,0.27,23.7,11.06,20.54,13.71,30.99,Republican,Republican
Huron County,ohio,7759,18956,3.2,6.6,45.5,19.5,9.7,10.4,5.1,0.3965,76.402,45.9,58565,6.97,87.5,0.96,29.7,14.19,17.01,12.83,26.27,Republican,Republican
Jackson County,ohio,3311,11309,5.1,7.9,45.9,15.3,9.9,10.8,5.1,0.46,73.765,29.91,32653,0.94,94.43,0.48,32.59,14.71,19.69,11.18,21.82,Republican,Republican
Jefferson County,ohio,10018,22828,2.1,5.3,43.4,17.6,12.1,12.4,7.1,0.4637,70.587,61.76,65249,1.78,86.66,5.55,31.22,18.55,23.63,9.91,16.69,Republican,Republican
Knox County,ohio,8589,22340,3.8,4.7,38.6,20.6,8.6,15.2,8.5,0.4104,85.072,46.04,62721,1.91,92.57,0.9,32.94,18.63,19.91,10.28,18.24,Republican,Republican
Lake County,ohio,55514,73278,1.7,4.7,31.7,22.4,9.6,19.7,10.2,0.4165,95.217,390.88,232603,4.88,84.72,4.63,39.44,15.0,21.78,6.95,16.84,Republican,Republican
Lawrence County,ohio,7489,20306,3.2,7.4,43.3,19.0,9.0,11.1,7.0,0.4744,72.009,49.39,58240,1.06,92.75,1.89,31.22,20.98,22.83,7.92,17.05,Republican,Republican
Licking County,ohio,33055,59514,1.6,5.2,33.7,20.2,9.7,19.9,9.7,0.4476,76.763,101.19,178519,2.23,85.67,4.0,38.75,16.41,20.72,8.62,15.49,Republican,Republican
Logan County,ohio,5055,17964,1.2,5.8,43.4,19.7,11.1,12.3,6.5,0.4376,89.225,38.82,46150,2.18,90.46,1.46,28.2,16.04,18.34,10.25,27.17,Republican,Republican
Lorain County,ohio,75667,79520,2.1,6.7,31.4,22.3,10.3,17.1,10.1,0.4624,90.679,246.44,312964,10.52,75.89,7.34,37.5,16.72,21.45,8.16,16.17,Republican,Republican
Lucas County,ohio,115411,81763,2.5,6.7,29.9,22.6,10.4,17.5,10.4,0.4871,80.697,488.81,431279,7.46,66.0,19.34,34.81,17.74,20.78,7.06,19.62,Democrat,Republican
Madison County,ohio,5698,13835,2.3,8.9,39.3,21.2,8.0,14.0,6.4,0.3863,91.671,36.37,43824,2.88,86.17,6.08,34.51,15.4,16.99,12.27,20.83,Republican,Republican
Mahoning County,ohio,57641,59903,2.5,6.1,36.4,20.5,8.4,16.7,9.5,0.4692,74.565,213.91,228614,6.16,73.96,14.77,33.92,20.22,22.17,7.6,16.09,Republican,Republican
Marion County,ohio,8269,19023,2.7,7.8,43.9,23.4,8.8,9.1,4.4,0.4588,74.694,62.5,65359,2.99,85.86,6.2,26.42,21.99,17.51,7.52,26.55,Republican,Republican
Medina County,ohio,39800,64598,1.4,3.5,29.6,20.2,9.4,23.5,12.4,0.4163,76.763,167.05,182470,2.52,90.78,1.26,43.48,14.71,21.08,8.46,12.27,Republican,Republican
Meigs County,ohio,2492,8316,4.1,10.1,45.6,16.7,12.0,8.0,3.5,0.461,63.186,19.97,22210,0.77,95.36,0.67,27.18,21.65,16.77,13.77,20.62,Republican,Republican
Mercer County,ohio,4030,19452,1.1,5.8,44.1,15.9,12.7,13.7,6.7,0.3891,87.555,35.33,42528,2.18,93.47,0.45,31.07,12.62,18.62,9.05,28.63,Republican,Republican
Miami County,ohio,15663,41371,1.5,5.7,37.1,21.0,10.0,15.3,9.4,0.4179,91.306,103.34,108774,2.02,89.14,2.35,35.98,14.7,19.91,7.85,21.56,Republican,Republican
Monroe County,ohio,1605,5463,3.1,8.1,49.6,16.4,12.2,7.1,3.6,0.4839,78.699,11.35,13385,0.5,96.44,0.14,25.16,15.12,20.36,17.35,22.02,Republican,Republican
Montgomery County,ohio,135064,129034,2.3,6.0,27.8,23.7,10.2,17.9,12.1,0.4586,82.621,448.68,537309,3.94,67.07,21.0,38.93,17.24,20.39,6.65,16.78,Democrat,Republican
Morgan County,ohio,1725,5041,3.0,10.5,44.7,18.9,11.8,7.4,3.8,0.4168,61.122,12.84,13802,0.92,90.75,2.87,27.96,16.47,17.02,13.06,25.48,Republican,Republican
Morrow County,ohio,4048,14077,4.1,6.2,45.3,19.6,7.9,11.8,5.1,0.3729,84.706,33.32,34950,1.66,93.77,0.44,31.6,15.4,20.74,12.71,19.55,Republican,Republican
Muskingum County,ohio,11971,27867,2.8,6.8,42.6,18.1,10.3,11.9,7.4,0.4588,76.335,50.19,86410,1.22,89.05,3.45,32.42,16.93,18.66,11.28,20.71,Republican,Republican
Noble County,ohio,1170,5135,3.6,11.6,50.9,13.1,7.7,8.6,4.5,0.495,74.85,13.79,14115,1.23,90.97,5.33,30.93,19.88,22.78,8.67,17.73,Republican,Republican
Ottawa County,ohio,9008,14628,1.4,5.5,35.5,21.0,9.7,17.2,9.7,0.4655,97.91,61.19,40364,5.1,90.27,0.83,34.13,15.96,20.76,10.89,18.26,Republican,Republican
Paulding County,ohio,2213,7086,2.3,7.8,44.7,19.6,10.2,10.8,4.6,0.416,81.757,17.46,18806,5.37,90.25,0.74,27.91,13.77,19.33,9.41,29.58,Republican,Republican
Perry County,ohio,4098,12357,1.9,10.1,45.6,17.6,10.0,10.2,4.6,0.4366,76.661,33.55,35408,0.71,94.88,0.25,27.53,16.69,18.9,13.48,23.4,Republican,Republican
Pickaway County,ohio,7304,20593,2.4,9.8,40.7,19.3,8.1,13.6,6.0,0.4262,86.737,45.3,58539,1.54,89.54,3.66,34.61,15.21,20.79,12.23,17.16,Republican,Republican
Pike County,ohio,3110,9157,3.8,12.1,47.5,14.5,8.2,9.4,4.6,0.5125,76.012,23.81,27088,0.81,94.03,0.7,33.05,18.56,15.28,9.68,23.44,Republican,Republican
Portage County,ohio,35661,45990,1.9,5.3,36.0,17.5,7.6,18.7,13.0,0.4532,92.344,127.71,161791,2.17,85.77,4.9,36.3,18.3,19.32,8.95,17.13,Republican,Republican
Preble County,ohio,4493,17022,1.7,6.4,44.6,20.0,8.6,11.6,7.2,0.4026,81.529,37.25,40999,0.94,94.39,0.44,33.3,15.32,17.69,12.26,21.43,Republican,Republican
Putnam County,ohio,3195,16412,1.8,3.4,37.9,16.4,14.6,17.6,8.3,0.3888,94.801,27.52,34451,6.47,91.22,0.29,37.83,13.32,16.07,10.21,22.56,Republican,Republican
Richland County,ohio,17640,41472,3.0,7.4,41.8,20.7,9.3,11.0,6.7,0.4358,72.15,97.46,124936,2.09,83.43,8.98,30.82,18.13,20.09,8.37,22.59,Republican,Republican
Ross County,ohio,10557,22278,3.0,8.3,45.4,19.7,7.1,10.1,6.5,0.4452,75.219,43.11,77093,1.34,87.82,5.2,31.34,19.15,17.04,10.87,21.6,Republican,Republican
Sandusky County,ohio,10596,18896,1.7,5.1,42.4,20.6,11.8,12.6,5.8,0.4351,79.32,55.69,58896,10.28,81.87,2.99,28.82,15.05,17.91,9.35,28.87,Republican,Republican
Scioto County,ohio,9080,22609,3.3,9.1,43.4,19.0,7.6,10.7,6.9,0.4695,63.654,46.65,74008,1.42,91.25,2.75,33.15,19.52,20.23,9.23,17.87,Republican,Republican
Seneca County,ohio,8266,17086,1.3,5.3,43.5,19.7,11.3,12.2,6.6,0.4261,77.866,38.58,55069,5.26,87.55,2.39,28.75,16.15,17.02,9.65,28.44,Republican,Republican
Shelby County,ohio,4465,20422,1.7,7.1,41.1,17.8,11.6,13.3,7.3,0.4,89.911,45.6,48230,1.63,91.37,1.74,31.01,13.12,16.87,9.57,29.43,Republican,Republican
Stark County,ohio,75904,111097,2.1,5.2,38.0,21.4,9.3,15.5,8.6,0.4452,82.357,251.18,374853,2.81,82.84,7.66,34.94,17.11,21.55,7.82,18.58,Republican,Republican
Summit County,ohio,151668,124833,2.4,5.1,29.1,20.6,8.3,21.8,12.8,0.4781,94.626,504.49,540428,2.44,73.56,14.6,40.55,16.77,21.5,6.6,14.58,Democrat,Republican
Trumbull County,ohio,44519,55194,3.3,7.1,42.9,18.8,7.8,13.2,6.8,0.4506,70.262,126.13,201977,2.07,83.98,8.39,30.35,18.56,20.22,9.52,21.35,Republican,Republican
Tuscarawas County,ohio,12889,30458,4.8,6.4,44.8,16.1,8.2,13.2,6.5,0.419,76.914,63.16,93263,4.25,91.12,0.75,29.76,17.09,18.31,9.96,24.88,Republican,Republican
Union County,ohio,11141,21669,1.0,4.1,30.5,18.3,6.8,25.8,13.5,0.4126,76.763,56.71,62784,2.44,84.87,2.03,46.66,11.59,19.97,6.93,14.83,Republican,Republican
Van Wert County,ohio,3067,11650,1.5,5.8,44.2,19.6,11.7,10.5,6.7,0.374,76.259,27.21,28931,3.79,91.48,0.89,32.67,12.93,17.2,9.5,27.7,Republican,Republican
Vinton County,ohio,1331,4632,3.9,15.9,41.6,14.8,8.4,10.7,4.8,0.421,67.782,11.98,12800,0.66,95.41,0.34,34.23,10.98,13.43,17.29,24.07,Republican,Republican
Warren County,ohio,46069,87988,1.6,3.6,24.9,17.0,8.3,26.7,17.9,0.4333,76.763,233.91,242337,3.19,81.8,3.37,50.8,12.55,20.02,6.14,10.49,Republican,Republican
Washington County,ohio,9243,22307,1.7,6.6,37.9,20.6,12.8,12.8,7.6,0.4699,79.532,36.44,59771,1.2,93.13,1.0,33.34,18.06,19.65,11.33,17.62,Republican,Republican
Wayne County,ohio,16660,36759,8.2,5.3,39.1,16.3,7.1,14.5,9.6,0.4125,86.188,81.2,116894,2.36,91.48,1.5,31.95,14.77,19.28,11.25,22.75,Republican,Republican
Williams County,ohio,4842,13452,1.4,7.5,43.2,22.4,11.1,9.2,5.2,0.3999,74.139,33.94,37102,5.02,90.25,0.87,27.54,15.6,18.27,8.58,30.01,Republican,Republican
Wood County,ohio,30617,35757,1.6,3.6,28.3,19.5,9.5,22.3,15.2,0.4591,95.809,82.31,132248,6.26,85.06,2.34,39.24,15.51,20.58,7.12,17.56,Republican,Republican
Wyandot County,ohio,2733,8462,1.8,4.2,46.4,16.2,10.2,13.3,7.9,0.4033,80.824,20.7,21900,2.93,93.7,0.35,33.2,15.66,14.45,10.35,26.34,Republican,Republican
Adair County,oklahoma,1387,5585,4.8,13.4,46.6,19.3,5.0,6.6,4.2,0.4493,55.976,13.27,19495,6.42,38.29,0.21,27.66,17.99,16.77,14.7,22.88,Republican,Republican
Alfalfa County,oklahoma,232,1978,3.7,8.9,37.2,22.0,7.5,14.2,6.6,0.3927,84.094,2.53,5699,4.9,82.51,4.02,34.83,12.45,20.63,17.27,14.81,Republican,Republican
Atoka County,oklahoma,765,4557,3.6,13.7,40.8,20.4,6.8,9.8,5.0,0.4801,70.915,5.59,14143,3.87,65.78,3.99,30.09,18.76,19.34,15.87,15.93,Republican,Republican
Beaver County,oklahoma,190,1968,8.2,6.3,31.0,22.3,9.5,16.7,6.0,0.3952,80.81,1.08,5049,25.83,69.26,0.06,31.37,15.73,17.55,23.19,12.17,Republican,Republican
Beckham County,oklahoma,1048,6767,3.9,11.3,39.5,21.9,8.2,10.3,4.9,0.4591,72.386,9.55,22410,11.98,73.74,4.99,27.93,20.47,21.39,20.78,9.43,Republican,Republican
Blaine County,oklahoma,688,3136,7.2,10.2,36.4,22.2,6.1,13.8,4.1,0.4371,79.015,3.6,8735,11.28,71.53,2.84,34.92,14.98,17.77,16.41,15.92,Republican,Republican
Bryan County,oklahoma,3323,12344,3.7,9.0,34.2,23.4,5.9,16.0,7.8,0.4626,74.055,19.86,46067,7.44,65.29,1.55,33.17,18.9,21.83,10.66,15.44,Republican,Republican
Caddo County,oklahoma,2670,7013,4.5,8.8,45.4,20.8,5.3,11.1,4.0,0.4228,65.883,8.13,26945,16.09,54.11,2.4,29.21,16.68,20.2,18.17,15.75,Republican,Republican
Canadian County,oklahoma,16742,43550,2.9,5.1,27.2,22.9,9.8,22.4,9.7,0.383,98.921,67.47,154405,10.61,69.88,3.44,41.15,13.71,23.94,9.83,11.36,Republican,Republican
Carter County,oklahoma,4470,14699,3.4,9.2,36.1,23.5,8.3,11.4,8.2,0.4564,76.697,22.63,48003,7.55,65.05,5.88,31.29,18.37,18.55,11.59,20.2,Republican,Republican
Cherokee County,oklahoma,6027,11223,3.6,7.9,32.0,22.4,5.4,18.1,10.4,0.4719,70.49,24.44,47078,7.3,42.97,1.1,37.9,17.98,19.37,13.0,11.75,Republican,Republican
Choctaw County,oklahoma,1082,4698,5.1,10.5,38.4,23.5,7.8,9.6,5.1,0.4697,58.649,7.16,14204,4.19,57.12,9.65,32.11,18.75,20.27,11.48,17.38,Republican,Republican
Cimarron County,oklahoma,70,970,6.0,6.5,36.7,16.4,2.7,27.4,4.4,0.462,82.944,0.48,2296,24.52,71.73,0.04,39.08,10.14,20.55,15.48,14.75,Republican,Republican
Cleveland County,oklahoma,49827,66677,2.2,5.6,25.1,23.4,8.5,20.9,14.3,0.4387,92.471,211.4,295528,10.26,66.01,4.94,42.7,15.15,22.13,8.86,11.17,Republican,Republican
Coal County,oklahoma,374,2091,5.1,11.2,42.4,17.8,6.2,10.4,6.8,0.4727,66.062,3.95,5266,3.76,64.01,0.44,27.75,18.32,19.6,16.15,18.17,Republican,Republican
Comanche County,oklahoma,13747,20905,2.8,6.9,32.7,26.1,7.8,15.0,8.8,0.4514,75.979,43.97,121125,13.74,53.22,15.58,38.89,19.78,19.39,8.95,12.99,Republican,Republican
Cotton County,oklahoma,393,2117,3.6,12.5,38.6,22.8,4.4,12.6,5.5,0.4773,79.699,3.38,5527,6.53,74.15,1.23,32.87,13.69,24.73,12.05,16.67,Republican,Republican
Craig County,oklahoma,1217,4686,3.9,11.0,40.3,23.0,8.4,8.4,5.0,0.4228,61.657,7.17,14107,3.03,59.81,2.61,28.5,23.23,19.27,14.7,14.3,Republican,Republican
Creek County,oklahoma,6577,23294,2.0,7.7,39.9,23.7,8.8,12.7,5.3,0.4419,79.257,29.3,71754,4.76,71.81,2.02,32.03,14.94,22.64,12.65,17.74,Republican,Republican
Custer County,oklahoma,2369,8060,4.8,7.1,27.4,23.4,6.3,20.8,10.3,0.4833,81.41,11.09,28513,18.88,64.82,2.75,34.25,18.14,23.53,11.28,12.8,Republican,Republican
Delaware County,oklahoma,3472,13557,4.0,10.1,37.3,22.3,7.5,12.8,5.9,0.4695,72.688,21.35,40397,4.01,61.93,0.29,32.22,17.91,20.89,12.65,16.33,Republican,Republican
Dewey County,oklahoma,214,2124,1.0,5.9,44.4,23.3,5.8,12.9,6.7,0.4703,86.008,1.74,4484,5.8,83.03,0.16,27.26,15.32,23.66,15.27,18.49,Republican,Republican
Ellis County,oklahoma,162,1688,5.4,8.0,37.9,24.2,5.5,13.8,5.2,0.4417,75.553,1.18,3749,9.07,83.97,0.43,33.5,16.4,21.01,14.26,14.83,Republican,Republican
Garfield County,oklahoma,4919,16970,4.5,8.6,36.6,19.1,8.4,15.6,7.1,0.4464,82.388,22.78,62846,14.29,68.32,2.64,29.81,19.14,19.27,13.95,17.83,Republican,Republican
Garvin County,oklahoma,1865,8878,4.7,8.0,43.5,22.8,4.6,10.6,5.8,0.4369,72.476,12.42,25656,9.56,70.94,2.12,29.12,15.59,18.27,14.57,22.45,Republican,Republican
Grady County,oklahoma,4144,18538,2.4,7.0,39.1,21.7,7.6,16.3,5.8,0.4206,89.595,19.41,54795,6.42,76.36,2.34,35.46,14.26,20.49,13.78,16.02,Republican,Republican
Grant County,oklahoma,280,1916,3.3,4.7,37.6,21.8,10.2,15.9,6.4,0.4674,82.552,1.6,4169,4.41,87.12,1.06,26.15,14.86,22.2,19.24,17.54,Republican,Republican
Greer County,oklahoma,328,1605,2.7,15.7,36.2,25.7,10.2,7.7,1.7,0.4197,61.654,3.34,5491,12.11,72.77,6.41,28.32,24.91,23.0,9.56,14.21,Republican,Republican
Harmon County,oklahoma,177,747,11.1,8.9,33.7,24.9,6.7,10.3,4.5,0.5069,80.947,1.8,2488,29.74,56.39,5.99,37.08,19.18,12.51,13.88,17.35,Republican,Republican
Harper County,oklahoma,136,1327,5.9,4.0,32.0,27.9,7.2,17.5,5.5,0.3603,69.105,1.22,3272,22.4,72.59,0.12,32.32,16.3,20.89,20.54,9.95,Republican,Republican
Haskell County,oklahoma,783,4165,4.2,11.3,40.8,19.2,9.8,10.3,4.3,0.4577,62.912,7.8,11561,4.58,66.58,0.55,31.57,19.96,17.41,16.34,14.72,Republican,Republican
Hughes County,oklahoma,919,3875,3.9,11.9,41.4,21.7,6.5,9.0,5.6,0.4846,64.37,6.44,13367,5.65,60.4,5.45,29.36,16.51,23.21,13.83,17.09,Republican,Republican
Jackson County,oklahoma,1646,6392,6.6,7.5,26.4,23.7,11.5,16.0,8.2,0.4229,76.831,11.92,24785,23.95,60.05,6.51,32.94,18.86,16.91,16.75,14.54,Republican,Republican
Jefferson County,oklahoma,319,2026,4.7,10.6,41.8,21.9,4.3,13.4,3.3,0.5339,70.717,2.76,5337,10.94,74.82,0.51,25.39,19.75,18.22,17.26,19.37,Republican,Republican
Johnston County,oklahoma,738,3441,3.1,8.8,37.0,20.8,9.3,14.8,6.1,0.4372,61.719,6.25,10272,5.66,65.57,2.3,32.69,16.93,15.57,11.56,23.25,Republican,Republican
Kay County,oklahoma,4040,12834,2.1,8.5,34.1,25.3,11.9,12.6,5.5,0.4568,73.672,18.41,43700,8.36,70.32,1.96,28.65,18.42,19.66,14.1,19.18,Republican,Republican
Kingfisher County,oklahoma,854,5521,4.3,4.7,43.4,19.4,5.3,16.1,6.8,0.4649,90.444,6.57,15184,18.14,72.35,1.12,29.87,15.35,23.62,18.09,13.08,Republican,Republican
Kiowa County,oklahoma,699,2673,4.6,9.8,32.1,29.0,6.6,13.2,4.6,0.444,58.103,3.21,8509,11.2,72.26,3.69,31.53,15.6,25.81,18.72,8.34,Republican,Republican
Latimer County,oklahoma,762,3437,3.0,11.5,37.5,19.3,15.8,8.8,4.0,0.4452,60.758,5.1,9444,3.64,61.61,0.44,30.58,17.06,22.26,16.47,13.63,Republican,Republican
Le Flore County,oklahoma,3299,15213,5.0,10.1,40.2,19.8,9.6,10.3,4.9,0.4361,61.348,11.79,48129,7.42,66.32,1.75,26.72,19.01,20.41,13.43,20.43,Republican,Republican
Lincoln County,oklahoma,2609,12013,2.4,8.5,41.5,23.3,8.4,11.3,4.6,0.4395,76.215,13.68,33458,3.4,78.15,1.77,32.59,15.1,22.39,14.48,15.44,Republican,Republican
Logan County,oklahoma,5455,15608,2.2,6.0,31.0,22.4,7.7,21.1,9.7,0.4729,76.763,25.91,49555,8.08,72.77,6.46,36.85,17.78,21.18,11.61,12.59,Republican,Republican
Love County,oklahoma,711,3305,4.1,12.0,36.9,26.4,5.3,12.1,3.1,0.4141,74.687,7.63,10146,16.61,67.08,1.93,25.37,22.34,17.86,13.69,20.74,Republican,Republican
Major County,oklahoma,320,3084,4.7,4.5,43.2,21.9,7.2,13.2,5.1,0.4095,81.855,3.1,7782,10.07,83.26,0.19,32.76,12.73,19.16,17.18,18.17,Republican,Republican
Marshall County,oklahoma,1100,4891,7.2,10.9,38.4,20.5,7.4,11.6,4.0,0.4612,70.508,16.1,15312,17.01,63.67,1.1,25.27,20.51,17.92,9.09,27.2,Republican,Republican
Mayes County,oklahoma,3581,12749,3.2,7.6,40.0,24.0,9.7,11.5,3.9,0.4392,73.224,23.17,39046,3.52,60.23,0.46,30.87,18.11,18.1,13.39,19.53,Republican,Republican
McClain County,oklahoma,3582,15295,2.6,8.5,31.9,23.1,7.0,18.1,8.7,0.4211,76.763,28.68,41662,8.88,73.69,0.83,37.51,14.93,22.26,13.82,11.49,Republican,Republican
McCurtain County,oklahoma,1858,9485,5.2,9.8,42.3,20.0,7.0,11.4,4.3,0.4602,63.481,6.47,30814,6.15,58.93,8.24,25.35,19.71,16.9,14.66,23.39,Republican,Republican
McIntosh County,oklahoma,2031,6172,4.1,9.5,43.8,22.2,6.9,9.2,4.4,0.4714,58.982,11.96,18941,2.59,66.75,2.89,29.03,18.63,17.43,16.0,18.92,Republican,Republican
Murray County,oklahoma,1156,4612,3.8,9.4,40.9,22.3,6.1,12.9,4.6,0.4525,81.468,12.83,13904,6.66,67.94,1.1,27.5,17.95,19.98,15.09,19.48,Republican,Republican
Muskogee County,oklahoma,8027,16526,3.9,9.2,34.3,22.0,10.4,14.3,5.9,0.4591,68.798,31.72,66339,6.78,52.54,9.87,33.07,17.72,20.38,10.54,18.29,Republican,Republican
Noble County,oklahoma,1003,3821,3.1,6.6,37.1,24.0,9.5,13.4,6.3,0.4104,81.586,5.79,10924,3.84,77.02,1.33,36.08,14.74,17.64,12.31,19.23,Republican,Republican
Nowata County,oklahoma,712,3610,2.4,7.6,41.6,20.7,10.8,12.2,4.6,0.4538,71.019,6.46,9320,2.59,62.36,1.12,32.13,15.16,20.78,13.78,18.15,Republican,Republican
Okfuskee County,oklahoma,896,3058,4.5,12.1,39.8,22.7,8.4,8.2,4.3,0.4619,62.18,7.09,11310,3.02,58.27,6.14,30.39,21.19,16.63,12.76,19.03,Republican,Republican
Oklahoma County,oklahoma,141724,145050,4.9,6.5,24.2,22.4,7.7,21.6,12.6,0.491,90.81,433.44,796292,19.28,51.24,14.81,39.41,17.44,21.35,9.68,12.12,Republican,Republican
Okmulgee County,oklahoma,4357,9668,3.1,9.7,35.7,23.2,12.3,11.0,5.0,0.4707,70.584,20.43,36706,4.65,58.84,7.47,29.55,20.71,21.88,10.6,17.26,Republican,Republican
Osage County,oklahoma,6002,14121,2.4,8.1,37.1,22.5,9.8,13.6,6.4,0.4295,76.698,7.91,45818,4.09,59.9,10.47,33.48,16.37,23.25,11.51,15.39,Republican,Republican
Ottawa County,oklahoma,2686,8545,4.0,9.3,35.2,25.5,10.6,10.2,5.2,0.4489,61.156,24.99,30285,5.64,62.24,0.95,29.4,21.73,19.44,12.32,17.11,Republican,Republican
Pawnee County,oklahoma,1363,5267,3.4,8.9,42.4,21.1,7.8,12.6,3.8,0.4305,72.849,10.65,15553,3.0,74.13,0.47,30.44,14.97,20.04,15.2,19.35,Republican,Republican
Payne County,oklahoma,10904,17813,2.4,4.5,27.8,19.7,7.0,21.2,17.4,0.4912,66.604,46.26,81646,6.58,72.17,3.83,42.7,17.91,19.07,8.65,11.67,Republican,Republican
Pittsburg County,oklahoma,3768,13851,3.7,9.5,37.2,21.4,9.2,12.6,6.3,0.4653,70.704,12.94,43773,5.18,64.85,2.8,35.17,17.68,20.51,11.14,15.5,Republican,Republican
Pontotoc County,oklahoma,4117,10805,2.2,8.3,33.2,20.2,7.3,17.5,11.2,0.4357,76.961,20.43,38065,5.8,59.64,2.26,38.48,14.06,21.31,13.04,13.1,Republican,Republican
Pottawatomie County,oklahoma,7275,20240,2.3,9.1,35.0,24.5,8.3,13.7,7.1,0.4464,74.237,35.65,72454,5.92,67.85,3.03,33.39,17.12,21.94,12.56,15.0,Republican,Republican
Pushmataha County,oklahoma,668,4016,4.8,11.1,44.0,19.5,6.6,8.0,6.0,0.46,54.98,3.0,10812,3.48,68.28,0.61,26.81,23.8,19.02,15.18,15.18,Republican,Republican
Roger Mills County,oklahoma,168,1629,1.9,5.6,34.3,28.9,7.0,14.1,8.1,0.5427,98.522,1.16,3442,7.44,83.09,0.15,32.03,18.78,16.01,16.01,17.16,Republican,Republican
Rogers County,oklahoma,9589,34031,2.3,5.5,33.1,23.3,10.6,17.5,7.7,0.413,96.448,54.78,95240,5.52,65.51,1.16,35.29,15.51,21.68,12.2,15.32,Republican,Republican
Seminole County,oklahoma,2150,6011,3.7,10.9,36.5,25.6,8.4,10.5,4.4,0.4557,57.878,14.39,23556,4.99,59.9,3.91,25.36,20.19,20.91,14.56,18.98,Republican,Republican
Sequoyah County,oklahoma,3035,12113,5.0,11.5,38.4,20.0,10.1,10.8,4.1,0.446,62.304,22.66,39281,4.39,57.27,1.49,28.4,20.1,22.66,11.74,17.1,Republican,Republican
Stephens County,oklahoma,3154,15560,3.1,8.2,42.2,22.5,5.1,12.2,6.7,0.458,75.598,19.14,42848,8.06,75.58,1.86,31.47,13.98,22.16,13.58,18.82,Republican,Republican
Texas County,oklahoma,894,4505,16.2,8.4,27.8,19.3,3.8,16.1,8.4,0.4023,64.267,4.0,21384,50.61,38.64,4.56,26.01,15.64,18.2,21.93,18.21,Republican,Republican
Tillman County,oklahoma,597,2076,9.6,10.9,34.5,21.9,5.0,12.2,5.9,0.4295,59.156,3.11,6968,27.6,57.15,6.8,28.07,15.4,18.55,14.72,23.27,Republican,Republican
Tulsa County,oklahoma,108996,150574,3.9,6.2,25.3,22.4,8.9,21.7,11.5,0.4861,94.06,452.92,669279,14.95,55.57,9.89,39.56,16.22,22.19,8.62,13.41,Republican,Republican
Wagoner County,oklahoma,8464,26165,2.8,5.6,30.6,24.8,10.1,17.8,8.3,0.4033,93.296,56.53,80981,7.58,65.12,3.26,37.8,14.15,21.95,11.32,14.77,Republican,Republican
Washington County,oklahoma,5790,17076,2.1,6.4,32.3,21.4,7.1,20.6,10.1,0.4685,84.171,48.86,52455,6.41,67.12,2.52,39.76,17.47,19.14,8.77,14.87,Republican,Republican
Washita County,oklahoma,598,4086,2.2,8.7,40.6,22.8,6.1,12.1,7.5,0.4197,77.457,4.21,10924,8.97,80.72,0.7,33.6,12.08,19.06,18.13,17.13,Republican,Republican
Woods County,oklahoma,591,2993,3.0,7.1,30.7,23.5,3.6,22.5,9.6,0.4589,73.496,2.6,8624,7.11,81.46,2.64,31.49,15.68,23.36,12.9,16.57,Republican,Republican
Woodward County,oklahoma,1005,6611,4.3,8.5,40.3,22.9,4.7,13.3,6.0,0.4364,81.479,6.34,20470,14.68,75.36,1.71,29.63,18.44,20.55,12.48,18.9,Republican,Republican
Baker County,oregon,2346,7352,2.0,6.6,28.2,26.9,12.0,17.3,7.1,0.4682,74.409,2.1,16668,4.85,87.98,0.42,38.95,20.78,17.85,10.85,11.58,Republican,Democrat
Benton County,oregon,35827,14878,1.5,2.5,14.6,19.5,8.2,28.4,25.3,0.475,97.953,54.68,95184,8.96,75.86,0.99,49.8,18.18,17.74,5.95,8.33,Democrat,Democrat
Clackamas County,oregon,139043,110509,2.0,3.6,21.6,24.2,9.4,25.2,14.0,0.4496,76.763,86.88,421401,9.57,77.21,1.03,43.37,13.65,21.49,9.05,12.44,Democrat,Democrat
Clatsop County,oregon,12916,10218,1.3,6.4,27.1,27.5,12.0,16.4,9.3,0.4342,86.594,19.2,41072,9.37,81.63,0.55,31.89,23.65,23.41,9.79,11.26,Democrat,Democrat
Columbia County,oregon,13835,17150,1.9,7.6,33.4,27.9,10.9,12.2,6.2,0.4062,98.502,30.99,52589,5.84,84.1,0.57,31.47,16.53,21.58,11.03,19.4,Republican,Democrat
Coos County,oregon,14243,21829,2.0,8.0,31.0,28.7,9.8,12.7,7.9,0.4545,76.312,15.7,64929,6.61,82.46,0.4,29.78,26.41,19.74,10.49,13.57,Republican,Democrat
Crook County,oregon,3801,11287,2.0,7.7,31.2,27.0,11.3,14.6,6.2,0.4092,92.863,3.24,24738,7.29,84.38,0.32,31.06,19.93,17.19,15.14,16.68,Republican,Democrat
Curry County,oregon,6058,8484,2.7,6.2,26.0,32.4,9.0,14.0,9.7,0.438,81.737,5.55,23446,7.14,82.86,0.33,31.57,24.88,20.49,14.03,9.02,Republican,Democrat
Deschutes County,oregon,65962,55646,2.0,3.8,19.2,24.0,10.3,25.2,15.6,0.461,76.763,25.51,198253,8.69,83.02,0.4,42.55,17.52,22.19,8.54,9.2,Democrat,Democrat
Douglas County,oregon,19160,43298,2.6,6.2,32.6,29.8,10.0,12.4,6.5,0.437,74.494,8.54,111201,5.98,84.1,0.34,30.44,19.93,22.2,11.06,16.37,Republican,Democrat
Gilliam County,oregon,324,834,1.4,8.7,28.9,30.3,8.7,17.9,4.0,0.4597,74.044,0.64,1995,5.36,87.57,0.15,29.3,30.05,12.22,13.84,14.59,Republican,Democrat
Grant County,oregon,929,3545,2.4,8.5,32.9,29.7,7.3,13.2,6.1,0.4368,72.405,0.62,7233,3.91,88.9,0.14,33.16,21.85,18.18,18.25,8.56,Republican,Democrat
Harney County,oregon,894,3475,3.0,5.8,38.8,26.9,11.4,7.9,6.3,0.433,63.828,0.29,7495,5.26,85.86,0.07,31.7,26.87,15.58,10.84,15.01,Republican,Democrat
Hood River County,oregon,8764,3955,9.6,6.3,21.1,17.2,7.6,21.9,16.4,0.4526,76.763,17.72,23977,29.81,62.29,0.2,38.54,17.86,15.54,17.23,10.83,Democrat,Democrat
Jackson County,oregon,59478,63869,2.6,6.4,25.7,26.4,8.9,18.3,11.7,0.4562,89.037,30.88,223259,13.62,76.25,0.71,37.63,18.88,22.57,8.33,12.59,Republican,Democrat
Jefferson County,oregon,4393,7189,5.0,7.1,29.2,27.6,9.8,14.7,6.5,0.4332,85.768,5.34,24502,20.41,61.24,0.55,32.89,18.71,20.32,10.59,17.49,Republican,Democrat
Josephine County,oregon,18451,31751,1.4,7.6,31.1,31.4,9.8,11.9,6.7,0.4716,78.355,20.73,88090,7.99,82.56,0.42,33.68,23.76,20.1,8.21,14.26,Republican,Democrat
Klamath County,oregon,10388,25308,2.9,7.8,33.7,25.1,9.6,13.4,7.5,0.4671,75.121,4.51,69413,12.64,74.8,0.72,34.61,17.32,21.12,11.49,15.46,Republican,Democrat
Lake County,oregon,792,3470,6.4,6.5,32.5,26.6,8.1,13.0,6.9,0.4352,67.927,0.39,8160,9.83,79.75,0.6,37.3,20.67,16.43,10.92,14.68,Republican,Democrat
Lane County,oregon,134366,80336,2.2,5.0,22.7,27.2,10.0,19.5,13.5,0.4632,87.189,32.4,382971,9.86,77.95,1.14,38.56,19.01,20.76,9.07,12.61,Democrat,Democrat
Lincoln County,oregon,17385,12460,2.1,5.1,24.1,30.3,9.6,17.3,11.6,0.4585,78.457,19.81,50395,9.63,78.38,0.38,33.53,25.3,20.53,10.35,10.29,Democrat,Democrat
Linn County,oregon,26512,43486,2.6,6.6,29.5,30.8,10.2,13.4,7.0,0.4024,82.759,21.69,128610,9.77,80.96,0.48,34.23,17.24,20.45,10.82,17.26,Republican,Democrat
Malheur County,oregon,3260,8187,8.2,10.4,31.1,25.8,10.0,9.8,4.8,0.4425,63.74,1.23,31571,32.69,60.1,1.42,27.51,17.8,15.93,18.34,20.41,Republican,Democrat
Marion County,oregon,80872,79002,7.2,7.1,25.2,25.9,9.6,16.3,8.7,0.4289,91.101,113.07,345920,27.68,61.76,1.09,33.31,18.91,20.65,12.95,14.18,Democrat,Democrat
Morrow County,oregon,1371,3586,10.4,12.8,32.7,25.3,7.5,7.1,4.2,0.4416,86.322,2.31,12186,40.93,54.16,0.3,23.69,19.06,13.56,21.3,22.39,Republican,Democrat
Multnomah County,oregon,367249,82995,3.5,4.1,16.8,20.4,7.4,28.6,19.1,0.4729,76.763,723.89,815428,12.72,65.69,5.37,50.11,15.58,17.89,5.71,10.72,Democrat,Democrat
Polk County,oregon,22917,23732,2.9,5.3,23.1,27.4,10.3,18.9,12.1,0.4627,76.763,45.65,87433,14.56,74.02,0.78,38.28,21.48,19.23,9.07,11.94,Republican,Democrat
Sherman County,oregon,260,921,3.1,8.6,34.6,25.8,11.8,9.6,6.4,0.4361,74.112,0.89,1870,6.36,86.1,0.0,35.51,16.03,13.19,18.87,16.4,Republican,Democrat
Tillamook County,oregon,8066,8354,2.9,6.4,27.9,29.1,10.0,15.8,8.0,0.4422,81.374,9.57,27390,10.76,80.32,0.28,33.56,23.44,18.64,12.22,12.13,Republican,Democrat
Umatilla County,oregon,10707,21270,7.1,8.5,31.4,24.0,10.9,11.5,6.8,0.4128,84.404,9.59,80075,28.25,62.13,0.81,29.04,20.37,20.16,14.46,15.98,Republican,Democrat
Union County,oregon,4254,10298,1.9,5.3,33.2,27.4,8.4,16.6,7.3,0.4317,77.054,4.98,26196,5.14,84.27,0.55,31.2,22.18,19.73,10.93,15.95,Republican,Democrat
Wallowa County,oregon,1625,3404,1.6,5.1,27.2,26.6,7.6,20.1,11.9,0.455,84.003,0.91,7391,3.48,89.27,0.12,41.4,17.54,19.42,13.63,8.01,Republican,Democrat
Wasco County,oregon,6604,7035,5.9,7.6,26.7,26.1,11.6,13.3,8.8,0.483,87.994,4.32,26670,18.81,70.13,0.43,36.85,17.2,18.88,15.34,11.73,Republican,Democrat
Washington County,oregon,209940,99073,3.8,3.4,17.2,21.2,8.7,28.0,17.9,0.4303,76.763,319.61,600372,17.93,60.83,2.13,49.03,14.25,19.58,6.64,10.5,Democrat,Democrat
Wheeler County,oregon,217,711,1.2,7.2,32.2,27.8,11.7,11.8,8.2,0.3981,62.698,0.32,1451,5.79,86.56,0.07,39.35,24.95,19.27,13.79,2.64,Republican,Democrat
Yamhill County,oregon,27174,29551,3.9,6.2,24.4,27.8,8.4,18.6,10.7,0.4467,76.763,58.07,107722,16.52,73.66,0.79,34.67,19.08,19.5,11.28,15.48,Republican,Democrat
Adams County,pennsylvania,18207,37523,3.3,6.4,40.2,17.0,8.7,13.9,10.5,0.3952,94.922,77.86,103852,7.5,86.61,1.42,32.2,17.58,18.94,11.15,20.13,Republican,Democrat
Allegheny County,pennsylvania,430759,282913,1.5,3.3,25.8,15.5,10.1,25.4,18.4,0.4835,76.763,658.69,1250578,2.74,75.03,12.92,49.47,15.63,20.16,5.85,8.89,Democrat,Democrat
Armstrong County,pennsylvania,8457,27489,2.2,5.4,48.9,14.6,10.3,12.7,5.9,0.4197,78.221,38.73,65558,0.75,95.06,0.67,29.6,17.54,17.36,13.89,21.62,Republican,Democrat
Beaver County,pennsylvania,38122,54759,1.4,3.9,36.6,18.6,12.7,18.3,8.4,0.4355,85.85,148.89,168215,2.15,85.53,6.58,36.83,17.15,20.42,10.19,15.43,Republican,Democrat
Bedford County,pennsylvania,4367,23025,2.8,6.9,48.7,15.9,9.6,9.7,6.4,0.4271,73.543,18.17,47577,1.09,95.38,0.38,30.14,16.63,19.36,12.7,21.16,Republican,Democrat
Berks County,pennsylvania,92895,109736,4.8,7.2,36.6,15.4,9.2,17.2,9.7,0.4452,97.622,193.18,428849,23.21,67.92,4.22,34.32,15.85,20.47,9.0,20.36,Republican,Democrat
Blair County,pennsylvania,17636,45306,1.9,5.2,44.8,15.6,9.1,15.6,7.8,0.4453,79.1,90.18,122822,1.39,92.02,2.01,34.04,17.97,21.81,9.53,16.65,Republican,Democrat
Bradford County,pennsylvania,8046,21600,2.5,6.9,47.1,14.3,9.2,12.2,7.8,0.4245,78.657,20.24,59967,1.46,92.91,0.66,31.62,13.24,17.99,11.6,25.55,Republican,Democrat
Bucks County,pennsylvania,204712,187367,1.8,3.5,27.8,15.4,8.2,25.7,17.6,0.4446,76.763,412.17,646538,6.15,80.67,3.91,48.16,12.64,20.97,7.55,10.68,Democrat,Democrat
Butler County,pennsylvania,37508,74359,1.1,3.3,32.0,14.5,10.8,24.1,14.2,0.4519,76.763,95.15,193763,1.89,91.91,1.12,43.91,14.42,20.33,8.9,12.44,Republican,Democrat
Cambria County,pennsylvania,21730,48085,2.0,5.2,44.4,15.0,10.7,15.5,7.2,0.4513,72.815,74.79,133472,1.85,89.44,4.24,33.8,18.93,20.47,10.15,16.65,Republican,Democrat
Cameron County,pennsylvania,634,1771,1.6,5.8,51.9,20.0,9.9,8.7,2.2,0.4117,57.495,4.42,4547,1.89,93.93,0.26,25.08,17.13,21.49,9.17,27.13,Republican,Democrat
Carbon County,pennsylvania,11212,21984,3.1,7.2,44.1,16.5,10.8,12.5,5.8,0.4266,81.615,65.83,64749,5.62,88.71,1.65,30.29,17.92,19.13,12.47,20.2,Republican,Democrat
Centre County,pennsylvania,40055,36372,2.1,3.1,28.7,12.3,7.6,22.5,23.7,0.4775,95.839,55.33,158172,3.57,81.98,3.35,50.96,16.51,17.53,5.58,9.41,Democrat,Democrat
Chester County,pennsylvania,182372,128565,2.5,2.8,19.3,13.1,6.2,32.8,23.3,0.4523,76.763,275.98,534413,8.15,75.87,5.31,54.82,12.21,19.4,6.45,7.11,Democrat,Democrat
Clarion County,pennsylvania,4678,14578,3.0,6.1,46.4,12.2,9.5,14.3,8.5,0.429,74.681,24.09,37241,1.04,94.04,1.4,32.05,19.84,19.32,11.88,16.91,Republican,Democrat
Clearfield County,pennsylvania,9673,29203,3.2,7.0,46.9,13.4,10.4,12.7,6.4,0.4329,72.463,26.88,80562,3.27,91.03,2.18,32.13,17.94,18.81,11.59,19.53,Republican,Democrat
Clinton County,pennsylvania,5502,11902,3.2,7.3,46.1,13.9,9.3,13.1,7.2,0.429,75.224,16.43,37450,1.77,93.28,1.11,30.46,19.18,18.88,12.07,19.41,Republican,Democrat
Columbia County,pennsylvania,10532,20098,2.3,6.1,44.3,13.5,8.4,15.5,9.9,0.4446,76.713,51.87,64727,3.31,90.89,1.34,33.87,18.37,18.85,10.84,18.07,Republican,Democrat
Crawford County,pennsylvania,12924,28559,3.6,5.8,47.4,14.7,7.9,12.8,7.8,0.4335,75.673,31.99,83938,1.48,92.15,1.78,31.78,19.16,16.76,10.24,22.07,Republican,Democrat
Cumberland County,pennsylvania,62245,77212,2.4,4.1,31.3,15.3,8.3,23.6,15.0,0.4241,76.763,184.93,259469,4.62,81.7,4.08,44.38,14.57,20.54,6.76,13.75,Republican,Democrat
Dauphin County,pennsylvania,78983,66408,3.3,5.5,32.3,16.1,9.5,21.2,12.1,0.4574,95.269,210.46,286401,10.91,61.16,16.9,40.4,17.05,21.47,6.52,14.56,Democrat,Democrat
Delaware County,pennsylvania,206423,118532,2.2,4.3,27.6,16.9,8.1,23.4,17.5,0.4818,76.763,1208.46,576830,4.64,62.97,22.03,45.71,16.8,20.54,6.57,10.38,Democrat,Democrat
Elk County,pennsylvania,4522,12140,1.8,5.0,50.2,12.1,12.4,12.7,5.8,0.423,76.855,14.42,30990,0.95,95.08,0.24,27.37,11.9,19.74,9.22,31.78,Republican,Democrat
Erie County,pennsylvania,68286,66869,2.3,5.2,37.3,15.5,10.1,18.4,11.1,0.4573,79.353,130.73,270876,4.44,80.92,7.32,37.62,20.12,19.45,6.94,15.87,Democrat,Democrat
Fayette County,pennsylvania,20444,41227,2.4,7.7,47.9,14.2,9.1,12.3,6.4,0.4541,73.221,62.7,128804,1.23,89.53,4.43,31.64,18.55,20.08,12.15,17.59,Republican,Democrat
Forest County,pennsylvania,728,1882,3.6,10.6,53.2,17.2,3.8,8.6,3.0,0.4079,56.212,6.29,6973,4.63,75.69,17.71,26.01,23.56,18.83,14.54,17.06,Republican,Democrat
Franklin County,pennsylvania,22422,57245,2.8,7.0,43.7,15.2,8.3,14.0,9.0,0.421,91.71,78.03,155932,6.9,85.02,3.21,33.62,14.81,20.05,10.21,21.31,Republican,Democrat
Fulton County,pennsylvania,1085,6824,3.3,7.3,49.5,13.5,10.1,9.6,6.7,0.4105,77.65,12.83,14556,1.0,94.3,0.85,27.37,15.92,18.36,13.27,25.08,Republican,Democrat
Greene County,pennsylvania,4911,12579,2.6,8.0,44.2,15.8,8.3,13.6,7.5,0.4335,80.653,23.99,35954,1.42,91.5,2.95,33.66,21.62,18.46,13.5,12.76,Republican,Democrat
Huntingdon County,pennsylvania,5445,17061,3.0,7.0,49.9,13.8,8.2,11.9,6.1,0.4268,78.131,19.48,44092,1.93,89.4,5.14,33.17,19.53,15.7,13.18,18.4,Republican,Democrat
Indiana County,pennsylvania,12634,28089,2.8,5.2,40.9,15.4,9.5,14.8,11.4,0.4455,75.448,38.92,83246,1.77,90.96,2.89,32.37,19.37,20.98,11.48,15.79,Republican,Democrat
Jefferson County,pennsylvania,4527,17960,3.1,5.7,51.3,12.7,10.2,11.1,5.9,0.4365,72.426,26.23,44492,0.89,95.11,0.28,26.29,18.24,18.61,13.29,23.56,Republican,Democrat
Juniata County,pennsylvania,2253,9649,5.6,11.4,48.5,12.2,7.9,9.6,4.7,0.4081,78.975,23.22,23509,3.86,92.86,0.49,25.59,12.44,19.98,17.04,24.96,Republican,Democrat
Lackawanna County,pennsylvania,61991,52334,2.6,5.8,35.5,16.0,10.1,18.2,11.7,0.4559,85.038,181.46,215896,8.46,81.17,3.43,36.69,18.6,21.51,7.34,15.86,Democrat,Democrat
Lancaster County,pennsylvania,115847,160209,6.4,6.7,34.5,14.2,7.8,19.5,11.0,0.4277,76.763,226.28,552984,11.06,79.68,3.53,37.32,14.99,19.87,10.05,17.77,Republican,Democrat
Lawrence County,pennsylvania,15978,29597,2.1,5.9,42.8,17.3,9.8,15.7,6.3,0.4366,75.513,92.81,86070,1.92,88.08,4.12,32.71,18.88,21.95,10.15,16.3,Republican,Democrat
Lebanon County,pennsylvania,23932,46731,4.3,8.1,41.9,14.8,7.9,14.6,8.2,0.4236,90.929,152.87,143257,14.2,79.58,1.78,34.36,16.57,21.68,9.08,18.31,Republican,Democrat
Lehigh County,pennsylvania,98288,84259,3.9,5.8,32.2,16.4,9.3,19.9,12.4,0.4614,76.763,418.27,374557,25.89,60.87,6.13,37.82,15.96,20.38,6.65,19.19,Democrat,Democrat
Luzerne County,pennsylvania,64873,86929,3.6,6.0,37.8,17.4,10.7,15.1,9.4,0.4512,79.791,141.19,325594,14.4,76.88,4.31,33.51,17.23,21.1,8.17,19.99,Republican,Democrat
Lycoming County,pennsylvania,16971,41462,2.3,7.0,38.5,15.9,12.0,15.8,8.5,0.4308,80.309,35.82,114188,2.08,87.3,4.97,34.49,17.94,21.78,8.88,16.91,Republican,Democrat
McKean County,pennsylvania,5098,14083,2.6,4.6,47.2,15.6,10.5,12.0,7.5,0.4453,74.725,15.95,40432,1.59,91.49,2.1,31.73,19.13,18.46,10.51,20.16,Republican,Democrat
Mercer County,pennsylvania,21067,36143,3.2,6.3,40.9,15.7,9.8,15.4,8.7,0.4462,75.59,63.49,110652,1.45,87.66,5.68,33.49,20.28,20.93,8.65,16.65,Republican,Democrat
Mifflin County,pennsylvania,4603,16670,4.6,10.6,49.2,14.0,8.4,8.5,4.7,0.3992,70.553,43.35,46143,2.12,93.93,0.76,25.66,18.48,18.96,12.23,24.66,Republican,Democrat
Monroe County,pennsylvania,44060,38726,3.0,7.1,35.3,19.0,9.0,16.0,10.5,0.4234,98.338,106.7,168327,16.97,62.21,13.56,33.86,18.55,21.67,9.23,16.69,Democrat,Democrat
Montgomery County,pennsylvania,319511,185460,1.9,3.3,22.6,13.5,7.2,29.0,22.4,0.4694,76.763,684.63,856553,6.36,72.18,9.28,53.11,12.41,19.9,5.79,8.78,Democrat,Democrat
Montour County,pennsylvania,3771,5844,2.8,4.5,34.7,13.0,8.5,18.1,18.3,0.4979,76.763,53.81,18136,2.69,88.8,1.76,47.41,15.38,14.91,8.4,13.89,Republican,Democrat
Northampton County,pennsylvania,85087,83854,2.6,5.4,33.1,16.3,9.7,20.1,12.7,0.4451,76.763,328.17,312951,14.25,72.97,5.57,40.28,16.61,19.77,8.01,15.34,Democrat,Democrat
Northumberland County,pennsylvania,12677,28952,2.7,7.4,48.1,14.5,8.9,12.8,5.7,0.4345,74.086,77.06,91647,4.53,89.13,2.61,30.56,18.52,19.51,9.91,21.5,Republican,Democrat
Perry County,pennsylvania,5950,18293,3.3,7.5,46.2,14.5,10.2,12.4,5.8,0.4035,91.535,32.17,45842,1.99,93.45,0.63,31.71,13.84,19.53,14.98,19.93,Republican,Democrat
Philadelphia County,pennsylvania,603790,132740,5.0,8.1,30.3,16.8,6.1,18.8,14.8,0.5178,84.435,4578.45,1603797,14.86,34.35,38.27,42.45,21.95,18.95,5.17,11.47,Democrat,Democrat
Pike County,pennsylvania,13019,19213,1.6,5.3,34.0,22.0,9.7,15.6,11.8,0.4391,98.45,41.8,58535,11.48,77.52,5.17,32.62,20.01,23.42,10.11,13.84,Republican,Democrat
Potter County,pennsylvania,1726,7239,2.8,7.1,47.3,16.6,9.6,10.8,5.9,0.4138,70.333,5.85,16396,1.51,94.5,0.26,30.6,14.72,20.61,13.18,20.89,Republican,Democrat
Schuylkill County,pennsylvania,20727,48871,2.7,7.7,44.9,15.2,11.1,12.4,6.1,0.4284,79.277,71.01,143049,5.64,88.22,2.88,30.9,16.64,16.76,11.55,24.14,Republican,Democrat
Snyder County,pennsylvania,4910,13983,6.3,8.8,44.0,11.1,8.8,12.8,8.2,0.4234,84.417,46.73,39736,2.46,93.09,1.27,32.67,14.41,19.46,11.88,21.58,Republican,Democrat
Somerset County,pennsylvania,8654,31466,3.4,6.5,49.1,14.2,9.5,11.2,6.1,0.4306,76.062,26.51,74129,1.4,93.14,2.51,32.01,17.41,19.5,13.31,17.77,Republican,Democrat
Sullivan County,pennsylvania,921,2619,1.1,8.1,48.6,11.6,11.7,12.8,6.0,0.4294,78.481,5.05,5840,1.8,92.57,1.32,29.4,20.53,13.62,18.72,17.74,Republican,Democrat
Susquehanna County,pennsylvania,6236,15207,1.6,6.8,46.2,16.2,9.2,12.7,7.2,0.4597,88.716,18.07,38434,2.2,93.14,0.36,32.8,15.05,19.61,13.72,18.81,Republican,Democrat
Tioga County,pennsylvania,4955,15742,1.8,6.5,43.9,16.9,9.6,13.1,8.2,0.4188,74.629,14.02,41045,1.56,93.21,0.78,31.49,18.05,17.87,11.52,21.07,Republican,Democrat
Union County,pennsylvania,7475,12356,4.2,9.5,42.3,11.1,7.9,13.3,11.8,0.494,96.921,52.43,42681,4.69,84.46,5.76,41.46,15.03,21.21,9.11,13.18,Republican,Democrat
Venango County,pennsylvania,7585,18569,2.9,6.3,46.4,15.1,9.9,12.8,6.6,0.4196,73.406,28.9,50454,1.14,93.39,0.86,29.67,19.4,19.52,9.7,21.7,Republican,Democrat
Warren County,pennsylvania,6066,14237,1.8,4.5,46.3,17.2,11.3,12.4,6.5,0.42,74.092,16.81,38587,1.08,94.1,0.37,30.47,19.52,17.66,9.66,22.69,Republican,Democrat
Washington County,pennsylvania,45088,72080,1.8,4.2,35.9,15.1,10.6,20.7,11.7,0.4588,76.763,94.44,209349,1.92,89.28,3.28,39.96,16.15,20.92,10.29,12.67,Republican,Democrat
Wayne County,pennsylvania,9191,18637,1.8,6.6,44.0,17.4,9.4,12.2,8.6,0.4217,77.823,27.25,51155,4.59,87.62,3.22,30.07,18.63,20.8,13.64,16.85,Republican,Democrat
Westmoreland County,pennsylvania,72129,130218,1.3,3.4,35.5,16.6,12.0,19.8,11.4,0.4512,91.343,133.15,354663,1.47,91.1,2.53,39.18,15.34,20.88,9.06,15.53,Republican,Democrat
Wyoming County,pennsylvania,4704,9936,1.3,5.9,45.6,16.7,9.1,13.9,7.6,0.4424,87.709,25.48,26069,2.23,92.61,0.82,30.39,17.65,18.44,13.4,20.12,Republican,Democrat
York County,pennsylvania,88114,146733,2.6,6.3,38.5,16.7,9.6,16.6,9.7,0.4168,97.814,195.13,456438,8.62,80.04,5.65,36.55,15.31,20.6,9.22,18.33,Republican,Democrat
Bristol County,rhodeisland,18050,9745,2.4,4.3,21.2,14.3,6.4,27.4,24.0,0.4802,76.763,810.53,50793,3.83,87.95,1.44,52.86,17.23,18.88,6.08,4.94,Democrat,Democrat
Kent County,rhodeisland,49113,42001,2.4,4.8,28.0,20.5,10.6,20.6,13.0,0.4435,76.763,389.77,170363,5.67,84.97,1.7,43.67,15.93,21.86,7.95,10.6,Democrat,Democrat
Newport County,rhodeisland,29486,15722,2.1,3.1,19.8,15.7,7.2,30.2,21.9,0.4792,76.763,322.07,85643,6.53,82.8,3.09,47.02,17.64,21.54,7.78,6.02,Democrat,Democrat
Providence County,rhodeisland,165012,102551,6.7,7.0,29.2,18.1,7.8,18.9,12.3,0.4619,95.328,620.42,660741,24.26,57.3,7.21,39.26,18.71,20.83,7.08,14.12,Democrat,Democrat
Washington County,rhodeisland,44549,29818,1.2,3.9,20.7,17.4,8.2,26.8,21.8,0.4265,76.763,152.43,129839,3.53,88.64,1.13,48.38,15.85,20.28,7.96,7.53,Democrat,Democrat
Abbeville County,southcarolina,4101,8215,4.9,10.0,39.0,15.3,11.8,13.5,5.6,0.4901,75.391,19.15,24295,1.74,68.92,25.45,32.1,13.32,18.68,10.73,25.17,Republican,Republican
Aiken County,southcarolina,32275,51589,3.7,6.8,30.5,20.7,8.8,18.8,10.8,0.454,83.69,61.26,168808,6.83,63.93,23.38,38.2,16.91,19.36,9.91,15.63,Republican,Republican
Allendale County,southcarolina,2718,835,3.7,17.5,41.9,18.9,7.3,6.2,4.6,0.4674,49.046,7.64,8039,2.41,24.69,70.23,30.25,19.66,18.14,8.16,23.8,Democrat,Republican
Anderson County,southcarolina,27169,67565,3.4,9.4,30.2,19.2,11.6,16.4,9.7,0.4689,84.294,110.66,203718,4.7,74.81,14.83,36.66,15.33,19.4,8.69,19.92,Republican,Republican
Bamberg County,southcarolina,4010,2417,6.4,16.3,30.8,17.3,11.4,10.0,7.9,0.4799,58.375,13.07,13311,1.06,37.64,58.22,23.32,15.45,18.62,10.73,31.89,Democrat,Republican
Barnwell County,southcarolina,4720,5492,7.3,9.9,39.3,16.8,12.3,9.1,5.3,0.4725,59.44,14.54,20589,2.53,50.28,42.67,23.29,23.33,20.15,9.51,23.72,Republican,Republican
Beaufort County,southcarolina,43419,53194,2.1,4.3,21.3,20.4,8.5,24.9,18.5,0.4782,76.763,126.73,187117,12.51,67.71,14.72,38.05,19.76,22.59,9.39,10.21,Republican,Republican
Berkeley County,southcarolina,45223,57397,3.1,6.9,28.8,22.6,10.3,18.3,10.0,0.4299,97.057,80.95,229861,8.84,59.97,22.53,36.16,15.54,22.01,11.56,14.73,Republican,Republican
Calhoun County,southcarolina,3905,4305,5.9,7.6,34.9,19.9,12.7,12.6,6.5,0.4729,72.72,14.33,14119,3.45,55.12,37.97,35.25,16.3,22.76,7.89,17.8,Republican,Republican
Charleston County,southcarolina,121485,93297,2.1,5.0,19.5,16.9,8.4,29.6,18.4,0.5142,76.763,172.37,408235,7.17,64.56,22.47,47.94,16.33,19.48,7.43,8.82,Democrat,Republican
Cherokee County,southcarolina,6983,18043,4.0,10.8,37.7,20.3,10.0,10.2,7.0,0.4753,65.759,55.22,56216,4.94,70.4,20.09,27.81,19.18,17.7,10.89,24.41,Republican,Republican
Chester County,southcarolina,6941,8660,3.6,11.3,41.4,20.3,9.7,8.7,5.2,0.4456,64.095,21.39,32294,2.46,57.57,34.95,22.67,20.66,19.31,9.83,27.54,Republican,Republican
Chesterfield County,southcarolina,7431,11297,6.1,12.5,40.1,19.5,8.9,8.1,4.8,0.4662,64.325,21.04,43273,4.82,59.69,30.39,23.92,18.21,15.75,13.76,28.35,Republican,Republican
Clarendon County,southcarolina,8250,8361,4.4,14.7,36.7,20.1,7.5,10.7,5.8,0.4821,65.427,19.82,31144,2.91,49.16,44.38,26.98,19.22,23.65,12.68,17.47,Republican,Republican
Colleton County,southcarolina,8602,10440,3.7,10.1,40.6,18.8,11.1,10.3,5.4,0.4564,64.47,14.09,38604,3.57,56.51,34.71,26.48,16.7,22.19,17.78,16.85,Republican,Republican
Darlington County,southcarolina,15220,16832,4.7,9.6,36.7,19.0,11.0,11.9,7.1,0.5033,69.693,43.41,62905,2.22,53.77,40.36,31.44,16.96,21.42,7.29,22.89,Republican,Republican
Dillon County,southcarolina,6436,6582,6.5,15.2,42.3,16.2,8.0,7.0,4.9,0.4811,56.391,26.93,28292,3.03,45.9,44.92,21.17,16.39,23.85,12.17,26.43,Republican,Republican
Dorchester County,southcarolina,33824,41913,2.8,6.5,25.4,24.2,11.6,19.2,10.2,0.4267,95.551,110.14,161540,6.72,61.37,23.7,39.19,15.07,21.17,9.65,14.93,Republican,Republican
Edgefield County,southcarolina,4953,8184,4.8,12.2,34.7,18.4,10.0,11.8,8.0,0.4628,79.001,20.19,25657,5.34,58.03,32.35,29.29,17.59,18.4,14.7,20.02,Republican,Republican
Fairfield County,southcarolina,7382,4625,3.7,12.2,39.6,21.0,8.9,9.1,5.7,0.4942,68.68,11.78,20948,2.02,40.59,53.47,29.84,17.34,20.31,7.9,24.61,Democrat,Republican
Florence County,southcarolina,31153,32615,3.4,9.3,33.4,18.9,11.2,14.8,8.9,0.4845,76.763,66.09,137059,3.12,50.36,41.5,35.05,17.04,22.93,9.05,15.92,Republican,Republican
Georgetown County,southcarolina,15822,20487,2.5,6.7,27.0,22.2,10.6,19.4,11.6,0.4938,88.858,30.18,63404,3.51,64.96,28.47,33.49,24.68,20.21,8.47,13.15,Republican,Republican
Greenville County,southcarolina,103030,150021,3.3,6.6,22.9,18.7,9.1,24.9,14.4,0.4721,99.692,259.51,525534,11.04,65.44,16.58,42.32,14.67,21.21,7.61,14.2,Republican,Republican
Greenwood County,southcarolina,12145,19431,3.9,9.2,32.2,17.2,13.3,15.6,8.7,0.4991,71.476,58.74,69351,6.85,58.58,30.02,31.67,16.8,18.13,9.24,24.15,Republican,Republican
Hampton County,southcarolina,5323,3906,7.0,12.0,43.4,17.9,8.0,7.2,4.3,0.4439,55.601,13.02,18561,3.59,42.03,51.38,25.33,25.21,16.52,12.43,20.51,Democrat,Republican
Horry County,southcarolina,59180,118821,2.6,5.9,32.5,23.2,10.6,16.4,8.9,0.4476,80.054,121.5,351029,6.92,75.7,11.21,31.63,23.08,25.27,10.41,9.61,Republican,Republican
Jasper County,southcarolina,7185,7078,3.2,7.0,36.9,19.9,9.7,16.9,6.3,0.4598,75.441,17.35,28791,17.64,45.35,33.2,23.65,20.73,28.26,15.27,12.08,Democrat,Republican
Kershaw County,southcarolina,12699,20471,3.4,7.7,34.2,22.9,10.5,12.9,8.5,0.4363,76.744,34.95,65403,5.3,66.34,23.06,34.28,17.07,19.52,10.78,18.34,Republican,Republican
Lancaster County,southcarolina,18937,30312,3.8,7.2,28.2,19.7,11.1,19.4,10.7,0.4587,97.132,68.63,96016,6.56,67.62,19.89,39.0,12.97,21.68,8.99,17.36,Republican,Republican
Laurens County,southcarolina,10159,20004,5.9,11.4,36.1,18.1,10.6,11.9,6.1,0.4532,69.159,36.54,67539,6.14,65.68,23.6,27.27,19.88,19.49,10.97,22.39,Republican,Republican
Lee County,southcarolina,5329,3008,6.0,12.8,41.2,18.2,7.3,9.1,5.3,0.4517,51.559,15.58,16531,1.78,34.61,60.82,23.6,17.71,20.64,11.77,26.28,Democrat,Republican
Lexington County,southcarolina,49301,92817,2.8,5.9,26.6,21.5,10.6,20.6,12.0,0.4322,91.269,163.46,293991,7.41,71.04,14.42,40.16,14.52,22.21,10.32,12.79,Republican,Republican
Marion County,southcarolina,8872,5711,4.6,10.9,50.0,13.2,7.6,8.6,5.1,0.4977,51.542,23.05,29183,2.43,37.97,55.97,26.48,16.69,19.1,11.1,26.63,Democrat,Republican
Marlboro County,southcarolina,6290,5044,5.2,14.5,49.6,15.4,7.1,5.4,2.9,0.4941,49.74,21.39,26667,2.16,39.58,49.88,22.46,17.61,19.67,9.94,30.32,Democrat,Republican
McCormick County,southcarolina,2687,2958,5.1,9.7,34.1,17.1,12.7,14.6,6.7,0.4599,72.282,10.34,9526,1.29,54.12,41.11,35.8,20.38,17.81,8.76,17.25,Republican,Republican
Newberry County,southcarolina,6958,11443,5.2,9.3,32.0,18.7,12.2,13.4,9.1,0.4648,76.846,23.23,37719,8.76,60.01,27.47,32.71,18.71,16.5,9.67,22.42,Republican,Republican
Oconee County,southcarolina,10414,29698,3.8,9.2,29.5,18.9,10.8,16.5,11.3,0.4909,82.716,48.54,78607,5.58,82.3,6.51,35.24,17.88,17.52,11.14,18.21,Republican,Republican
Orangeburg County,southcarolina,27295,13603,4.1,11.7,32.8,18.5,13.8,10.2,9.0,0.4839,56.74,29.37,84223,2.34,32.99,60.32,27.05,19.9,19.5,10.07,23.49,Democrat,Republican
Pickens County,southcarolina,13645,42907,3.5,9.4,30.2,18.5,10.9,14.9,12.5,0.4915,80.8,101.86,131404,5.0,81.62,6.41,38.27,18.48,18.22,10.17,14.87,Republican,Republican
Richland County,southcarolina,132570,58313,2.1,5.7,21.4,21.4,9.2,23.2,17.0,0.4898,86.621,212.17,416147,6.27,41.49,45.21,42.85,17.32,22.13,5.71,11.98,Democrat,Republican
Saluda County,southcarolina,2963,6210,7.3,9.5,37.6,16.4,10.0,11.1,8.1,0.4458,68.901,16.16,18862,15.97,59.72,21.36,28.21,20.38,14.5,13.18,23.73,Republican,Republican
Spartanburg County,southcarolina,52926,93560,4.4,7.7,31.1,21.1,10.4,15.5,9.7,0.4505,81.483,157.67,327997,8.45,65.38,19.38,31.98,16.28,20.9,9.56,21.28,Republican,Republican
Sumter County,southcarolina,27379,21000,3.3,7.9,31.8,23.1,10.9,13.7,9.4,0.4563,70.528,61.07,105556,4.08,44.0,45.98,32.01,18.15,21.36,9.85,18.62,Democrat,Republican
Union County,southcarolina,4935,8183,5.5,12.9,38.4,19.0,10.3,10.3,3.6,0.4628,59.118,20.42,27244,1.61,63.42,30.96,24.24,17.8,17.85,9.82,30.29,Republican,Republican
Williamsburg County,southcarolina,10289,5532,4.6,12.4,42.3,16.6,8.8,8.8,6.4,0.4943,54.311,12.76,31026,2.0,32.19,63.11,26.27,17.65,22.94,11.73,21.42,Democrat,Republican
York County,southcarolina,59008,82727,2.5,5.3,24.0,21.0,10.4,23.5,13.4,0.4386,76.763,160.44,282090,6.71,66.65,18.18,42.46,14.0,20.96,7.94,14.65,Republican,Republican
Aurora County,southdakota,317,1052,4.6,4.1,36.8,17.7,18.6,13.5,4.8,0.4523,96.992,1.41,2747,7.97,87.7,0.51,38.25,13.68,16.33,14.4,17.34,Republican,Republican
Beadle County,southdakota,2107,4808,9.4,5.5,33.0,16.5,10.1,16.6,8.9,0.4351,81.214,5.86,19149,14.31,69.82,0.74,31.22,12.73,16.82,11.32,27.91,Republican,Republican
Bennett County,southdakota,466,694,3.0,8.1,34.6,25.2,10.7,15.0,3.3,0.521,66.336,1.11,3381,2.57,29.49,0.21,38.31,17.42,15.77,12.1,16.41,Republican,Republican
Bon Homme County,southdakota,721,2235,3.8,7.3,36.9,19.5,12.5,13.9,6.1,0.4439,76.866,4.81,7003,1.67,87.96,1.51,35.58,17.34,16.05,12.41,18.62,Republican,Republican
Brookings County,southdakota,6110,8000,1.1,2.7,23.2,19.0,11.6,27.8,14.6,0.4052,83.191,16.88,34375,4.15,87.05,1.83,43.08,14.74,16.27,9.45,16.46,Republican,Republican
Brown County,southdakota,6538,10580,2.2,4.1,30.9,18.2,11.7,24.1,8.7,0.4317,87.751,8.63,38301,4.33,85.39,1.4,34.95,17.24,19.91,11.84,16.06,Republican,Republican
Brule County,southdakota,673,1750,9.5,4.8,34.2,15.5,10.4,19.4,6.3,0.4416,84.452,2.48,5247,2.02,82.71,0.53,36.68,19.92,17.55,12.75,13.09,Republican,Republican
Buffalo County,southdakota,352,183,1.1,16.5,44.2,21.3,10.1,5.2,1.6,0.4712,46.912,1.52,1948,0.67,14.68,0.0,33.61,29.05,13.18,14.19,9.97,Democrat,Republican
Butte County,southdakota,939,3731,4.0,6.6,37.8,22.9,10.5,12.7,5.5,0.4706,85.481,1.78,10243,4.0,89.3,0.12,32.47,17.54,19.2,15.31,15.48,Republican,Republican
Campbell County,southdakota,117,747,5.4,7.4,29.7,20.8,8.4,25.0,3.3,0.468,93.912,0.81,1377,2.69,92.23,0.0,38.27,12.19,20.58,15.2,13.76,Republican,Republican
Charles Mix County,southdakota,1177,2552,4.4,6.1,35.3,15.8,13.6,18.6,6.1,0.4509,76.768,3.27,9373,2.43,61.03,0.16,41.08,18.68,19.93,12.18,8.13,Republican,Republican
Clark County,southdakota,437,1373,5.6,3.2,42.8,20.7,8.9,15.7,3.0,0.5008,92.044,1.55,3837,4.4,93.12,0.31,41.52,16.44,19.05,12.38,10.6,Republican,Republican
Clay County,southdakota,3083,2456,1.9,4.7,28.3,16.9,8.1,21.0,19.0,0.4772,78.261,14.01,14967,3.06,84.55,1.57,40.75,22.6,18.9,7.13,10.62,Democrat,Republican
Codington County,southdakota,3837,8958,3.4,4.8,39.7,17.9,14.0,14.1,6.1,0.434,82.684,15.95,28325,2.61,91.23,0.38,35.03,14.33,22.0,9.31,19.32,Republican,Republican
Corson County,southdakota,622,647,1.7,12.1,37.3,18.0,13.7,13.9,3.2,0.4908,64.048,0.61,3902,1.18,24.53,0.15,53.71,11.97,14.59,9.78,9.95,Republican,Republican
Custer County,southdakota,1522,3852,3.0,3.4,32.3,21.7,9.1,18.0,12.5,0.4457,97.012,2.11,8318,2.54,90.24,0.38,38.97,16.15,21.23,11.46,12.19,Republican,Republican
Davison County,southdakota,2648,5613,3.9,5.8,34.1,21.2,11.7,18.5,4.8,0.45,76.883,17.7,19956,4.58,88.32,0.64,29.94,22.13,19.6,11.74,16.58,Republican,Republican
Day County,southdakota,1052,1869,3.6,4.9,36.3,18.5,14.3,16.7,5.7,0.4442,78.591,2.06,5449,2.81,84.33,0.06,37.99,13.8,19.6,15.37,13.24,Republican,Republican
Deuel County,southdakota,609,1699,2.4,4.8,35.3,21.0,12.8,19.3,4.4,0.381,85.841,2.66,4295,3.19,94.18,0.23,36.73,11.56,18.86,11.85,21.0,Republican,Republican
Dewey County,southdakota,1131,790,1.5,11.9,38.6,20.0,10.1,12.4,5.5,0.4334,66.15,0.88,5239,1.55,16.21,0.17,44.24,14.9,16.95,16.13,7.78,Democrat,Republican
Douglas County,southdakota,216,1468,3.5,5.2,36.1,21.1,13.6,17.1,3.5,0.4533,94.978,2.52,2835,1.9,93.58,0.25,42.19,18.26,15.56,14.32,9.68,Republican,Republican
Edmunds County,southdakota,417,1538,4.8,2.6,31.2,20.2,13.0,21.5,6.7,0.4716,76.763,1.38,3986,1.53,94.81,0.3,43.28,17.46,13.33,14.32,11.6,Republican,Republican
Fall River County,southdakota,1053,2878,3.2,5.3,34.1,24.6,13.0,11.9,8.0,0.4425,69.946,1.57,6973,2.58,85.07,0.5,36.25,27.6,11.14,13.93,11.07,Republican,Republican
Faulk County,southdakota,198,964,3.5,4.3,29.7,23.9,16.5,13.8,8.4,0.4527,78.63,0.84,2125,2.16,94.26,0.09,45.3,10.77,15.31,18.06,10.56,Republican,Republican
Grant County,southdakota,1056,2618,3.3,5.0,38.2,16.6,12.5,16.4,8.0,0.458,92.894,4.27,7556,6.35,90.07,0.0,34.11,16.51,15.85,17.28,16.25,Republican,Republican
Gregory County,southdakota,455,1771,2.4,7.2,38.5,22.3,10.5,11.9,7.2,0.4579,70.645,1.52,3994,1.3,87.41,0.23,35.02,16.44,20.45,12.9,15.19,Republican,Republican
Haakon County,southdakota,105,1026,0.2,3.4,47.0,22.4,10.3,15.2,1.5,0.4851,75.758,0.37,1872,1.01,91.72,0.11,43.65,15.41,18.25,13.32,9.37,Republican,Republican
Hamlin County,southdakota,647,2372,5.3,2.3,39.7,19.0,11.8,15.8,6.1,0.3633,88.657,4.72,6164,4.67,91.92,0.08,34.74,12.99,16.7,16.1,19.48,Republican,Republican
Hand County,southdakota,373,1433,4.7,2.3,29.0,19.6,19.1,20.1,5.2,0.4526,90.889,0.83,3145,1.56,95.14,0.22,50.59,16.14,14.36,12.32,6.59,Republican,Republican
Hanson County,southdakota,557,1793,3.5,1.8,33.9,18.4,21.2,15.8,5.3,0.3503,94.654,3.06,3461,0.95,95.81,0.14,43.86,8.91,21.3,12.17,13.75,Republican,Republican
Harding County,southdakota,49,748,3.8,2.1,31.2,28.9,6.7,23.4,3.9,0.436,76.763,0.17,1311,2.44,91.91,0.38,47.86,5.84,13.82,20.09,12.39,Republican,Republican
Hughes County,southdakota,2953,5522,1.2,2.1,27.3,21.0,12.9,24.8,10.6,0.3879,89.752,9.27,17765,2.76,79.29,0.47,48.74,16.61,19.95,7.14,7.56,Republican,Republican
Hutchinson County,southdakota,762,2944,4.2,3.8,31.2,21.2,13.8,19.3,6.4,0.4249,87.737,3.51,7427,2.11,94.37,0.12,40.31,14.89,18.65,13.44,12.71,Republican,Republican
Hyde County,southdakota,136,564,2.8,6.3,31.2,19.3,19.9,16.4,3.9,0.3675,83.831,0.59,1262,1.9,86.21,0.32,41.02,9.74,19.75,15.09,14.4,Republican,Republican
Jackson County,southdakota,359,738,3.7,9.2,37.3,21.0,13.1,11.4,4.1,0.5121,45.67,0.59,2806,2.17,37.24,0.39,52.42,18.64,15.38,3.27,10.29,Republican,Republican
Jerauld County,southdakota,270,721,3.6,4.7,45.8,15.0,14.0,12.0,4.9,0.5324,76.763,1.35,1663,4.45,92.9,0.0,41.94,11.88,18.49,8.68,19.01,Republican,Republican
Jones County,southdakota,90,498,0.0,5.1,34.6,16.4,10.0,25.8,8.1,0.3926,79.336,0.4,917,1.2,84.3,0.44,44.47,15.98,17.62,11.89,10.04,Republican,Republican
Kingsbury County,southdakota,819,1904,4.6,4.9,37.5,17.7,12.3,16.7,6.3,0.4498,87.571,2.4,5187,2.29,94.97,0.1,38.91,14.76,16.38,13.26,16.69,Republican,Republican
Lake County,southdakota,2068,3681,1.9,4.8,26.7,21.3,10.8,24.9,9.7,0.4839,76.763,7.69,11059,5.48,89.06,0.77,36.84,15.72,21.71,12.56,13.16,Republican,Republican
Lawrence County,southdakota,4537,8753,1.9,3.1,26.5,21.4,10.4,24.9,11.8,0.4716,87.697,12.57,25768,3.58,89.01,0.5,35.36,23.02,19.89,11.89,9.85,Republican,Republican
Lincoln County,southdakota,11981,19617,1.2,2.7,23.9,17.1,13.3,28.4,13.4,0.4208,76.763,44.01,65161,2.58,89.79,1.71,46.59,14.18,21.54,6.46,11.23,Republican,Republican
Lyman County,southdakota,525,1042,1.1,7.4,40.8,20.5,7.0,16.9,6.3,0.4429,74.735,0.87,3718,1.21,51.51,0.08,40.46,18.06,20.23,13.73,7.51,Republican,Republican
Marshall County,southdakota,858,1287,6.3,3.4,33.8,16.7,16.5,20.1,3.2,0.467,76.763,2.01,4306,5.92,83.58,0.14,36.0,14.91,19.74,15.09,14.27,Republican,Republican
McCook County,southdakota,769,2068,4.7,2.7,34.4,18.0,12.4,19.7,8.0,0.3806,89.299,3.84,5682,3.08,92.87,0.16,40.82,13.82,19.34,15.39,10.62,Republican,Republican
McPherson County,southdakota,222,1075,12.4,6.4,37.4,13.8,9.4,16.4,4.1,0.5475,90.954,0.76,2411,2.2,93.94,0.12,44.5,13.81,11.29,21.55,8.86,Republican,Republican
Meade County,southdakota,3285,9875,0.9,3.2,28.7,26.0,13.8,20.8,6.6,0.3896,84.062,3.33,29852,4.36,84.73,1.37,33.15,21.5,21.03,14.46,9.86,Republican,Republican
Mellette County,southdakota,298,449,5.0,13.0,40.7,17.7,11.6,9.2,2.7,0.4588,51.327,0.59,1918,2.03,33.94,0.05,50.77,28.28,10.05,10.73,0.17,Republican,Republican
Miner County,southdakota,320,787,4.9,4.6,43.0,21.6,9.4,13.5,3.0,0.4312,76.169,1.57,2298,1.83,95.0,0.17,39.39,12.57,18.36,10.61,19.07,Republican,Republican
Minnehaha County,southdakota,40482,49249,2.9,4.0,25.3,20.7,12.9,23.9,10.3,0.4288,95.106,94.63,197214,6.1,78.97,5.79,38.64,15.76,21.18,9.42,15.0,Republican,Republican
Moody County,southdakota,1179,1951,2.7,2.8,31.3,21.9,14.2,17.3,9.7,0.4148,90.537,4.72,6336,4.96,76.2,0.3,36.22,20.68,16.68,14.24,12.19,Republican,Republican
Oglala Lakota County,southdakota,2829,297,2.2,23.8,35.2,23.6,6.9,5.7,2.4,0.509,47.919,2.53,13672,2.94,3.2,0.18,32.36,27.73,17.5,13.99,8.42,Democrat,Republican
Pennington County,southdakota,20606,35063,2.2,3.7,28.0,21.4,11.4,21.3,12.1,0.467,92.323,15.35,109222,5.1,75.76,1.25,37.66,17.19,22.83,10.01,12.32,Republican,Republican
Perkins County,southdakota,239,1401,2.2,5.6,34.2,22.1,15.7,15.2,5.0,0.4963,92.552,0.4,2835,1.34,93.51,0.07,42.05,13.87,16.91,16.02,11.15,Republican,Republican
Potter County,southdakota,227,1139,2.0,1.4,42.2,17.7,12.4,20.0,4.3,0.3899,84.176,1.16,2472,1.58,93.61,0.24,35.88,8.62,28.89,16.35,10.25,Republican,Republican
Roberts County,southdakota,1828,2404,2.3,6.6,36.8,21.7,16.1,11.8,4.7,0.4344,74.895,3.59,10280,2.09,54.25,0.31,36.93,17.05,20.18,12.15,13.69,Republican,Republican
Sanborn County,southdakota,257,905,2.1,6.0,40.8,17.9,13.3,14.0,5.9,0.457,85.58,1.61,2330,2.45,93.65,0.0,36.81,13.47,22.07,14.5,13.15,Republican,Republican
Spink County,southdakota,998,2104,5.4,3.9,34.2,20.8,10.5,20.3,4.8,0.4575,90.232,1.63,6361,2.25,94.25,0.36,39.54,18.02,17.65,14.61,10.18,Republican,Republican
Stanley County,southdakota,421,1203,1.8,3.9,35.8,18.5,13.1,17.0,9.9,0.4297,76.763,0.8,2980,1.04,85.67,0.4,38.33,11.38,23.4,11.44,15.46,Republican,Republican
Sully County,southdakota,185,726,0.4,3.4,38.5,21.0,15.2,18.4,3.1,0.4644,94.785,0.51,1446,2.9,92.25,0.35,48.41,8.28,17.32,16.82,9.17,Republican,Republican
Todd County,southdakota,1963,532,5.3,14.9,28.0,31.5,5.5,9.2,5.6,0.504,44.378,2.6,9319,2.38,7.35,0.11,42.77,22.13,15.42,9.15,10.54,Democrat,Republican
Tripp County,southdakota,495,2161,2.6,7.6,41.1,20.8,10.8,13.6,3.5,0.4196,71.707,1.34,5624,0.96,76.67,0.18,38.84,17.24,20.2,13.87,9.85,Republican,Republican
Turner County,southdakota,1139,3290,3.3,5.4,32.3,18.9,13.7,20.0,6.5,0.4371,89.041,5.44,8673,2.87,92.74,0.43,36.12,15.74,21.88,14.15,12.11,Republican,Republican
Union County,southdakota,2725,5944,2.1,3.4,27.5,19.2,12.3,22.1,13.4,0.4665,76.763,13.99,16811,3.93,89.19,1.01,41.85,12.57,21.18,10.29,14.12,Republican,Republican
Walworth County,southdakota,565,1966,3.7,5.1,34.2,16.4,12.9,19.7,7.9,0.4318,80.047,2.9,5315,1.86,77.44,0.15,46.73,13.22,17.76,11.07,11.22,Republican,Republican
Yankton County,southdakota,4016,6581,2.4,4.5,35.3,18.5,12.0,17.4,9.9,0.4272,88.162,17.27,23310,5.29,86.64,1.34,36.02,16.18,19.06,7.49,21.25,Republican,Republican
Ziebach County,southdakota,481,404,1.1,9.3,41.9,21.2,11.6,12.0,2.9,0.5474,78.898,0.48,2413,1.41,16.74,0.0,53.32,16.04,18.94,4.46,7.24,Democrat,Republican
Anderson County,tennessee,11741,23184,3.5,5.7,33.5,23.5,9.3,13.5,11.0,0.4467,79.591,88.55,77123,3.66,85.63,3.68,36.56,14.56,20.84,10.85,17.2,Republican,Republican
Bedford County,tennessee,4453,14354,5.6,9.3,41.6,21.1,5.2,12.0,5.1,0.415,76.52,41.19,50237,15.26,72.65,7.09,26.61,17.45,18.29,14.07,23.58,Republican,Republican
Benton County,tennessee,1529,5668,5.9,9.4,46.2,20.1,7.2,6.3,4.8,0.4283,62.079,15.6,15864,2.36,90.63,1.99,26.9,20.05,17.49,10.53,25.04,Republican,Republican
Bledsoe County,tennessee,971,4725,7.1,14.8,46.0,16.1,5.7,6.4,4.0,0.4473,65.017,14.07,14913,3.08,88.04,5.24,24.03,20.56,16.0,23.11,16.29,Republican,Republican
Blount County,tennessee,17932,47369,3.2,6.3,35.5,20.2,8.7,16.5,9.5,0.4209,89.542,93.93,135280,4.22,87.19,2.63,33.08,17.16,21.99,10.89,16.89,Republican,Republican
Bradley County,tennessee,9851,35204,4.2,7.6,31.2,23.2,10.0,14.8,9.1,0.4461,79.443,127.85,108620,7.79,80.86,4.7,33.69,16.27,21.73,7.06,21.25,Republican,Republican
Campbell County,tennessee,2441,12331,6.6,12.2,41.3,20.6,6.3,7.6,5.4,0.4434,63.315,31.68,39272,1.27,94.47,0.33,28.58,16.91,18.73,15.45,20.33,Republican,Republican
Cannon County,tennessee,1261,5190,4.6,9.8,41.9,19.0,7.2,11.7,5.8,0.4538,71.694,21.05,14506,2.72,90.06,1.32,32.97,14.6,20.61,11.22,20.61,Republican,Republican
Carroll County,tennessee,2559,9205,4.6,6.7,42.8,19.0,7.2,11.9,8.0,0.4566,67.574,18.33,28440,2.7,83.49,8.6,29.33,16.66,19.69,12.27,22.06,Republican,Republican
Carter County,tennessee,4529,19584,4.2,8.3,36.7,21.4,8.2,13.5,7.6,0.4491,62.879,63.71,56356,2.1,91.9,1.25,32.71,18.3,21.72,10.94,16.32,Republican,Republican
Cheatham County,tennessee,5514,14438,4.3,6.7,38.4,20.5,7.1,15.0,7.9,0.3956,92.149,52.57,41072,4.48,88.38,1.98,33.46,17.24,22.0,13.01,14.3,Republican,Republican
Chester County,tennessee,1412,5952,3.3,11.1,41.2,23.3,4.7,10.0,6.3,0.4062,65.443,23.5,17341,3.04,83.45,8.62,24.49,18.17,23.78,8.31,25.25,Republican,Republican
Claiborne County,tennessee,2202,10604,8.2,9.7,38.3,16.2,8.9,10.9,7.9,0.4598,59.276,28.51,32043,1.53,93.52,0.98,29.11,15.61,15.47,12.03,27.78,Republican,Republican
Clay County,tennessee,735,2733,7.4,7.6,48.5,18.0,6.2,7.9,4.4,0.4747,55.909,12.39,7581,1.71,95.0,1.0,30.44,13.8,18.99,22.52,14.25,Republican,Republican
Cocke County,tennessee,2533,12162,6.7,8.9,48.3,17.8,6.7,7.7,4.0,0.4549,59.679,32.03,35999,2.65,90.93,1.62,24.95,24.47,17.03,10.71,22.84,Republican,Republican
Coffee County,tennessee,5705,17883,3.8,8.8,37.7,18.7,7.7,13.8,9.5,0.4271,72.491,52.28,57889,5.63,84.62,3.62,33.04,15.68,17.72,11.09,22.48,Republican,Republican
Crockett County,tennessee,1382,4673,5.1,9.2,41.4,21.4,7.4,10.5,5.1,0.4431,75.827,20.29,13911,10.77,72.29,13.51,31.23,13.8,19.51,14.03,21.43,Republican,Republican
Cumberland County,tennessee,6728,25168,3.9,6.8,40.7,22.2,8.3,11.0,7.2,0.4229,69.901,34.88,61145,3.17,92.1,0.49,26.97,16.77,23.39,10.34,22.53,Republican,Republican
Davidson County,tennessee,199703,100218,3.8,5.9,20.7,17.7,5.9,28.4,17.5,0.4944,76.763,544.31,715884,13.71,54.04,23.95,47.31,14.54,20.43,6.26,11.46,Democrat,Republican
DeKalb County,tennessee,1750,6672,6.9,12.0,39.6,16.9,4.2,14.0,6.4,0.4614,65.911,25.63,20080,7.22,87.28,1.17,29.47,15.22,18.73,11.06,25.52,Republican,Republican
Decatur County,tennessee,904,4229,5.1,9.8,45.9,15.8,7.7,12.6,3.0,0.4856,68.881,13.28,11435,3.13,91.49,2.36,28.35,12.97,18.83,15.73,24.12,Republican,Republican
Dickson County,tennessee,6106,17643,3.8,7.8,39.1,21.5,8.5,12.3,7.0,0.4083,86.922,43.0,54315,4.75,86.52,3.56,33.38,14.3,22.4,11.85,18.08,Republican,Republican
Dyer County,tennessee,3158,11768,4.2,7.6,39.0,19.9,7.7,13.1,8.6,0.587,92.632,27.75,36801,3.54,76.82,14.5,30.36,13.34,22.52,11.76,22.02,Republican,Republican
Fayette County,tennessee,7027,15690,2.6,7.2,32.9,23.5,8.2,17.4,8.3,0.4352,76.763,23.16,41990,3.41,65.63,26.29,37.19,12.34,20.52,11.71,18.25,Republican,Republican
Fentress County,tennessee,1214,7441,11.4,7.7,38.8,18.8,6.9,11.3,5.0,0.4164,56.432,14.44,18489,1.71,94.87,0.14,27.59,21.35,18.04,17.36,15.66,Republican,Republican
Franklin County,tennessee,4864,13987,3.7,6.3,41.6,19.0,7.6,13.2,8.6,0.4594,77.091,29.93,42774,3.51,86.18,4.59,32.42,16.41,19.75,11.58,19.83,Republican,Republican
Gibson County,tennessee,5771,16259,4.3,8.1,40.8,22.3,6.0,11.5,7.0,0.4404,69.347,32.32,50429,2.85,75.21,17.71,30.34,14.14,23.24,9.98,22.3,Republican,Republican
Giles County,tennessee,3298,9784,3.9,8.0,43.5,18.3,7.3,12.3,6.6,0.4658,78.627,19.16,30346,2.4,82.12,9.65,29.53,12.42,24.91,10.59,22.56,Republican,Republican
Grainger County,tennessee,1467,8565,7.7,11.3,41.9,19.1,5.9,8.0,6.1,0.4852,64.393,32.54,23527,3.29,92.44,0.5,28.35,15.21,16.94,13.43,26.07,Republican,Republican
Greene County,tennessee,5199,22259,5.2,8.3,43.1,18.8,6.5,11.2,6.8,0.4493,68.249,43.69,70152,3.61,90.01,1.86,29.26,16.24,20.06,8.31,26.13,Republican,Republican
Grundy County,tennessee,988,4802,8.0,12.5,44.1,15.7,6.3,6.9,6.7,0.459,64.023,14.51,13529,1.29,93.28,0.28,28.73,14.21,16.26,14.07,26.74,Republican,Republican
Hamblen County,tennessee,5500,18811,6.0,7.6,39.9,20.1,7.6,11.9,6.9,0.4629,68.152,154.57,64499,14.7,76.28,3.27,27.0,18.31,23.95,9.61,21.12,Republican,Republican
Hamilton County,tennessee,75522,92108,3.6,5.7,23.8,22.6,8.8,22.4,13.1,0.4841,98.703,261.5,366207,7.39,68.25,17.47,41.64,15.85,21.15,6.92,14.44,Republican,Republican
Hancock County,tennessee,362,2372,9.2,11.0,44.0,22.6,3.3,4.0,5.9,0.5402,54.601,11.68,6662,0.6,95.93,0.5,29.59,21.58,19.51,9.53,19.79,Republican,Republican
Hardeman County,tennessee,4180,5760,4.3,14.8,42.0,22.4,6.1,7.0,3.4,0.4324,58.636,14.76,25462,1.94,54.87,39.86,24.19,16.33,20.43,5.38,33.67,Republican,Republican
Hardin County,tennessee,1775,9559,4.7,10.0,44.1,18.9,6.6,11.0,4.8,0.4472,61.894,17.93,26831,2.11,90.46,3.0,29.18,16.95,19.91,10.63,23.33,Republican,Republican
Hawkins County,tennessee,4083,20405,4.9,8.9,42.4,19.9,7.2,11.3,5.5,0.457,69.193,45.27,56721,1.57,93.13,1.18,29.78,15.6,18.07,10.94,25.61,Republican,Republican
Haywood County,tennessee,4012,3343,6.2,11.6,45.0,19.2,5.9,7.2,5.0,0.4708,61.642,12.9,17864,4.69,42.29,50.34,23.9,22.55,15.27,8.76,29.51,Democrat,Republican
Henderson County,tennessee,2092,9797,4.0,8.1,49.0,17.7,7.3,9.4,4.4,0.4419,64.57,20.67,27842,2.58,85.81,6.94,30.77,17.67,17.25,10.43,23.87,Republican,Republican
Henry County,tennessee,3548,11239,5.3,7.6,44.5,18.5,5.1,12.4,6.6,0.454,65.627,22.2,32199,2.72,84.63,7.16,30.08,15.76,19.89,12.08,22.19,Republican,Republican
Hickman County,tennessee,2130,7577,6.0,11.5,42.2,19.6,8.3,8.8,3.6,0.446,73.975,15.76,24925,2.73,88.61,3.74,31.14,17.83,21.12,14.06,15.85,Republican,Republican
Houston County,tennessee,871,2718,5.4,10.5,46.1,15.6,10.9,7.1,4.3,0.432,63.8,15.91,8283,2.44,90.44,2.41,24.39,12.26,20.56,18.31,24.48,Republican,Republican
Humphreys County,tennessee,2017,6120,3.7,9.0,45.4,16.2,8.8,10.8,6.1,0.4191,73.417,13.84,18990,2.36,90.06,2.6,29.39,16.39,19.66,12.92,21.65,Republican,Republican
Jackson County,tennessee,1135,4118,8.3,10.4,45.9,15.4,6.1,11.2,2.7,0.4634,59.307,14.67,11617,2.11,92.78,0.27,22.12,17.45,19.27,17.41,23.75,Republican,Republican
Jefferson County,tennessee,4654,18651,4.5,7.5,36.5,21.2,9.3,13.0,8.1,0.4389,81.062,77.2,54683,4.37,89.56,1.44,30.87,17.35,21.58,11.48,18.72,Republican,Republican
Johnson County,tennessee,1246,6468,5.8,11.8,39.6,20.4,7.4,9.7,5.2,0.4697,65.146,23.26,17948,2.87,89.85,4.03,25.48,24.8,18.68,13.05,17.99,Republican,Republican
Knox County,tennessee,91422,124540,2.6,5.0,25.0,19.2,9.0,23.9,15.2,0.4782,95.22,365.65,478971,5.96,78.04,8.32,43.42,15.92,22.65,7.28,10.73,Republican,Republican
Lake County,tennessee,526,1492,8.2,17.6,42.2,17.3,4.0,6.4,4.4,0.569,53.918,16.07,7005,2.5,67.88,26.15,22.37,33.82,14.84,9.17,19.8,Republican,Republican
Lauderdale County,tennessee,3193,5674,4.7,13.4,47.0,18.0,6.5,6.4,4.1,0.4526,61.805,20.59,25143,2.33,59.72,33.35,23.51,13.59,18.78,10.55,33.57,Republican,Republican
Lawrence County,tennessee,3195,15334,7.1,7.1,43.3,19.5,7.3,9.4,6.2,0.4636,68.335,27.76,44159,2.53,91.42,1.57,29.78,16.18,19.32,12.68,22.04,Republican,Republican
Lewis County,tennessee,1072,4474,7.4,8.3,42.5,24.3,8.3,6.6,2.8,0.442,62.863,17.3,12582,2.59,91.48,1.46,27.31,14.71,21.67,11.25,25.06,Republican,Republican
Lincoln County,tennessee,2919,12281,3.2,8.7,43.8,17.1,7.9,11.6,7.7,0.4285,77.234,23.94,35319,3.59,84.38,6.22,34.09,12.98,20.57,13.57,18.78,Republican,Republican
Loudon County,tennessee,6948,21713,4.5,7.7,31.2,20.6,7.6,17.9,10.5,0.4518,96.654,93.48,54886,9.76,84.57,1.05,34.12,15.15,21.71,9.95,19.07,Republican,Republican
Macon County,tennessee,1307,8096,8.2,13.8,47.2,14.9,6.1,6.5,3.4,0.4246,66.681,31.89,25216,6.68,88.99,0.48,22.81,17.2,18.59,14.73,26.66,Republican,Republican
Madison County,tennessee,18390,23943,2.8,7.5,33.8,22.6,7.4,15.7,10.3,0.474,76.31,68.36,98823,4.78,53.9,36.26,35.34,18.22,20.82,6.81,18.82,Republican,Republican
Marion County,tennessee,3177,9911,6.8,12.3,37.8,20.5,7.4,9.3,5.9,0.4373,72.133,22.36,28837,2.08,89.08,3.58,25.67,18.56,16.96,14.49,24.32,Republican,Republican
Marshall County,tennessee,3605,11043,3.5,7.3,37.1,21.6,9.6,14.4,6.4,0.4273,81.903,35.55,34318,6.51,82.33,5.88,32.1,15.28,21.87,11.51,19.24,Republican,Republican
Maury County,tennessee,14418,31464,3.3,4.9,32.9,22.3,10.7,17.6,8.3,0.425,89.976,64.23,100974,7.59,75.45,11.13,34.87,14.31,24.03,9.46,17.33,Republican,Republican
McMinn County,tennessee,4361,18198,5.1,8.5,38.4,21.2,9.4,11.3,6.1,0.4483,75.745,48.05,53276,4.06,86.33,3.46,30.45,14.65,19.84,9.86,25.2,Republican,Republican
McNairy County,tennessee,1943,9093,4.4,9.3,47.7,19.6,7.6,6.6,4.9,0.447,63.615,17.76,25866,1.69,88.33,5.97,30.08,14.22,16.9,13.21,25.59,Republican,Republican
Meigs County,tennessee,1008,4467,6.4,11.5,42.6,22.0,6.0,7.3,4.2,0.4161,67.011,25.4,12758,1.72,92.67,1.03,27.63,14.68,17.96,15.44,24.29,Republican,Republican
Monroe County,tennessee,3764,16783,6.6,7.7,40.7,21.4,8.0,10.7,4.9,0.4372,66.201,28.23,46250,4.19,89.05,1.59,22.89,16.7,19.49,13.35,27.58,Republican,Republican
Montgomery County,tennessee,32472,42187,1.8,4.1,27.1,24.8,11.9,19.4,11.0,0.4041,83.123,159.19,220069,10.42,59.66,19.7,35.19,18.77,21.56,9.46,15.01,Republican,Republican
Moore County,tennessee,573,2888,5.6,8.3,39.2,14.5,9.3,15.3,7.9,0.4329,86.601,19.59,6461,1.56,92.85,1.59,28.11,12.3,21.4,12.87,25.31,Republican,Republican
Morgan County,tennessee,1167,6930,6.5,12.1,43.7,17.7,7.6,7.3,5.1,0.4733,73.91,15.62,21035,1.42,90.46,4.62,31.87,17.93,17.38,16.45,16.37,Republican,Republican
Obion County,tennessee,2589,10790,5.5,9.7,45.2,17.7,4.8,10.9,6.4,0.467,68.079,21.73,30787,5.11,80.35,10.19,29.4,17.77,17.28,9.46,26.09,Republican,Republican
Overton County,tennessee,2033,7918,8.4,9.4,45.5,17.9,4.9,8.9,4.9,0.5076,72.062,20.11,22511,1.53,94.28,0.38,29.49,14.93,18.47,14.94,22.17,Republican,Republican
Perry County,tennessee,615,2775,12.0,8.0,45.4,15.7,8.2,7.1,3.6,0.5346,82.094,7.85,8366,1.52,92.04,2.33,28.17,14.76,15.76,13.82,27.49,Republican,Republican
Pickett County,tennessee,525,2381,6.3,12.2,39.0,19.6,4.7,11.9,6.3,0.4785,57.684,11.95,5001,1.66,96.2,0.16,40.26,17.5,13.89,12.08,16.28,Republican,Republican
Polk County,tennessee,1492,6792,7.2,8.2,38.0,21.5,11.9,8.2,5.1,0.4628,73.916,15.65,17544,1.69,92.98,0.35,31.81,17.3,12.61,17.56,20.72,Republican,Republican
Putnam County,tennessee,9185,23759,4.6,6.2,34.7,20.8,6.1,17.4,10.2,0.4525,72.137,77.16,79854,7.83,83.63,2.71,34.86,17.85,20.31,8.45,18.53,Republican,Republican
Rhea County,tennessee,2369,11050,4.8,11.9,40.5,19.6,6.1,11.7,5.4,0.4178,70.017,40.43,32870,5.96,87.13,1.82,24.22,15.59,19.46,12.18,28.54,Republican,Republican
Roane County,tennessee,6043,19230,3.4,6.7,37.1,21.6,9.4,13.0,8.9,0.467,87.984,57.55,53404,1.89,90.06,2.44,37.91,17.57,18.54,10.01,15.97,Republican,Republican
Robertson County,tennessee,8692,24536,4.0,7.3,39.2,20.3,8.1,15.6,5.4,0.4127,92.227,59.41,72803,9.45,78.36,6.99,36.8,12.96,20.05,13.24,16.95,Republican,Republican
Rutherford County,tennessee,59341,81480,2.8,4.5,27.9,23.1,8.3,23.0,10.4,0.3985,95.579,214.31,341486,11.22,64.19,15.6,37.66,14.57,21.29,8.5,17.98,Republican,Republican
Scott County,tennessee,986,8004,6.4,13.2,45.9,17.5,6.7,6.2,4.1,0.4581,54.308,15.9,21850,0.94,95.91,0.15,30.42,16.57,13.8,9.76,29.46,Republican,Republican
Sequatchie County,tennessee,1298,5855,4.9,11.1,38.4,20.1,6.9,12.2,6.4,0.4431,67.774,23.33,15826,3.92,91.05,0.45,25.86,21.58,18.04,15.55,18.96,Republican,Republican
Sevier County,tennessee,8721,33783,4.2,8.1,35.9,23.2,8.4,13.4,6.7,0.446,80.07,64.16,98380,8.76,85.18,0.78,28.54,22.33,26.18,10.29,12.66,Republican,Republican
Shelby County,tennessee,246105,129815,3.5,6.9,27.6,21.7,6.6,20.2,13.6,0.5133,90.5,469.88,929744,8.36,34.07,51.1,37.46,16.44,21.47,6.03,18.6,Democrat,Republican
Smith County,tennessee,1802,7136,4.0,9.4,42.5,20.2,7.0,11.5,5.4,0.4736,80.955,24.61,19904,2.6,90.71,1.79,27.76,14.36,21.96,13.01,22.9,Republican,Republican
Stewart County,tennessee,1232,4950,4.3,7.2,45.7,18.3,7.8,12.1,4.7,0.4051,70.516,11.52,13657,2.46,90.22,1.25,32.75,18.28,19.92,14.18,14.88,Republican,Republican
Sullivan County,tennessee,17272,55860,3.8,6.9,32.9,20.2,10.0,17.4,8.9,0.4758,77.959,148.19,158163,2.24,90.64,2.02,36.82,16.34,22.35,9.0,15.49,Republican,Republican
Sumner County,tennessee,27680,63454,3.0,5.6,29.2,22.0,8.9,21.2,10.1,0.4334,76.763,143.55,196281,6.56,79.05,7.92,39.54,14.32,23.33,8.28,14.53,Republican,Republican
Tipton County,tennessee,6837,20070,3.6,7.4,36.0,23.5,9.9,12.4,7.2,0.4111,85.338,51.79,60970,2.77,73.68,17.65,32.67,14.8,21.23,14.6,16.69,Republican,Republican
Trousdale County,tennessee,1012,2936,4.0,10.1,49.2,20.4,6.6,5.4,4.4,0.3868,71.397,39.16,11615,3.23,75.64,16.5,23.88,16.36,21.22,10.52,28.02,Republican,Republican
Unicoi County,tennessee,1615,6599,4.1,7.9,37.9,25.5,7.3,11.6,5.7,0.4551,64.47,37.03,17928,6.17,90.22,0.25,31.6,14.27,21.99,11.29,20.85,Republican,Republican
Union County,tennessee,1249,6803,8.0,11.6,42.4,16.5,8.4,7.0,6.1,0.4419,72.397,34.3,19802,2.04,94.14,0.27,27.11,15.68,18.47,16.53,22.21,Republican,Republican
Van Buren County,tennessee,544,2342,9.4,10.0,47.5,15.5,7.3,5.8,4.4,0.4326,60.231,8.73,6168,1.35,95.1,0.32,33.74,23.86,9.23,10.01,23.16,Republican,Republican
Warren County,tennessee,4126,12323,5.8,10.5,47.4,15.8,6.5,9.7,4.3,0.4484,68.082,36.73,40953,9.63,82.97,2.66,26.88,16.35,18.67,14.18,23.92,Republican,Republican
Washington County,tennessee,18638,40444,3.0,5.9,28.7,21.6,7.4,19.2,14.2,0.4891,83.142,157.59,133001,4.61,84.67,4.14,41.67,16.03,22.39,7.6,12.31,Republican,Republican
Wayne County,tennessee,820,5795,6.3,11.4,44.5,19.3,6.3,8.4,3.8,0.4772,69.064,8.59,16232,2.33,89.35,5.41,32.49,19.49,14.31,13.61,20.1,Republican,Republican
Weakley County,tennessee,3020,10396,4.8,7.6,45.4,17.1,4.9,12.6,7.5,0.4618,64.752,21.92,32902,2.75,84.53,7.88,34.56,16.19,15.57,11.88,21.8,Republican,Republican
White County,tennessee,2143,9606,7.1,11.2,40.0,20.4,7.8,9.0,4.6,0.4352,64.405,28.11,27351,2.69,90.79,1.48,28.02,17.57,18.52,10.47,25.42,Republican,Republican
Williamson County,tennessee,50161,86469,1.7,2.2,13.6,13.9,6.5,39.2,22.7,0.4468,76.763,164.88,247726,5.76,80.9,3.92,57.41,11.37,22.05,3.45,5.72,Republican,Republican
Wilson County,tennessee,22254,50296,2.6,4.3,28.9,19.3,8.1,24.5,12.3,0.4345,76.763,100.8,147737,5.67,80.47,6.84,41.75,12.96,23.9,7.68,13.7,Republican,Republican
Anderson County,texas,3955,15110,5.5,9.7,38.2,24.3,9.1,9.1,4.0,0.4294,72.139,21.1,57922,19.18,57.14,19.73,28.31,21.34,19.18,14.01,17.16,Republican,Republican
Andrews County,texas,850,4943,14.5,11.7,29.2,17.3,7.6,14.8,4.9,0.4628,76.763,4.72,18610,55.88,39.79,1.03,29.86,19.26,17.76,17.99,15.13,Republican,Republican
Angelina County,texas,9143,25076,7.4,8.6,32.2,24.5,8.6,11.8,6.8,0.4341,73.244,41.91,86395,22.84,57.84,14.9,32.28,19.48,19.79,12.35,16.1,Republican,Republican
Aransas County,texas,2916,9239,5.4,6.0,31.8,25.5,7.1,15.7,8.4,0.513,87.039,36.84,23830,25.84,66.37,1.01,35.96,23.11,16.24,12.28,12.41,Republican,Republican
Archer County,texas,446,4300,2.4,6.4,37.3,21.0,7.7,17.0,8.2,0.4714,94.115,3.7,8560,8.67,85.93,0.35,37.17,16.14,18.93,14.18,13.59,Republican,Republican
Armstrong County,texas,75,1035,4.0,3.2,33.1,24.5,9.2,17.7,8.3,0.3626,81.158,0.81,1848,7.79,86.2,0.32,42.3,18.58,12.35,16.87,9.9,Republican,Republican
Atascosa County,texas,5876,12039,8.5,11.0,39.8,21.0,5.3,11.0,3.5,0.4279,81.385,15.64,48981,63.65,32.8,0.69,26.21,17.85,21.03,19.06,15.85,Republican,Republican
Austin County,texas,2951,11447,5.9,6.2,32.5,24.4,6.8,17.9,6.2,0.4246,92.446,18.16,30167,26.69,61.26,7.8,32.82,15.18,22.83,14.17,14.99,Republican,Republican
Bailey County,texas,409,1434,10.1,16.7,33.6,18.8,5.4,11.1,4.2,0.4378,82.529,3.22,6904,65.76,31.72,0.71,23.43,7.03,17.87,20.41,31.26,Republican,Republican
Bandera County,texas,2505,10057,2.7,5.3,29.6,24.3,10.7,17.1,10.2,0.4583,93.223,10.34,20851,19.23,74.79,0.49,38.78,19.39,19.42,13.38,9.03,Republican,Republican
Bastrop County,texas,15474,20516,9.3,7.7,30.4,23.6,6.0,15.7,7.4,0.422,97.636,42.79,97216,42.67,47.06,5.62,32.88,16.68,19.86,15.62,14.96,Republican,Republican
Baylor County,texas,183,1494,2.3,10.7,36.7,19.9,7.1,19.5,3.8,0.4761,71.186,1.55,3465,12.67,80.72,1.5,41.21,13.96,14.36,16.51,13.96,Republican,Republican
Bee County,texas,3288,6006,7.8,12.0,33.3,26.9,8.5,6.8,4.7,0.4937,72.582,13.59,31047,62.46,27.7,7.46,29.81,23.3,18.9,12.35,15.63,Republican,Republican
Bell County,texas,57014,67893,3.5,5.7,25.8,27.8,10.4,17.6,9.1,0.4541,83.348,136.59,370647,25.22,42.3,21.79,35.14,19.01,22.33,10.37,13.15,Republican,Republican
Bexar County,texas,448452,308618,6.6,7.5,24.6,22.4,8.5,18.8,11.6,0.4641,90.894,626.96,2009324,59.27,26.66,7.36,37.52,18.55,23.12,9.52,11.29,Democrat,Republican
Blanco County,texas,1911,5443,5.0,4.7,27.0,23.7,9.0,23.9,6.8,0.4571,76.763,6.32,11374,18.39,76.55,0.6,36.68,17.76,22.41,15.54,7.62,Republican,Republican
Borden County,texas,16,397,2.3,3.2,21.2,25.7,8.2,29.2,10.3,0.4616,76.763,0.3,631,13.63,83.68,0.16,34.77,17.2,20.79,17.2,10.04,Republican,Republican
Bosque County,texas,1561,7469,4.5,7.8,32.1,27.4,9.2,13.5,5.5,0.4258,81.933,7.23,18235,18.21,74.7,1.34,29.81,19.29,20.32,15.88,14.71,Republican,Republican
Bowie County,texas,10747,27116,3.4,6.6,35.3,24.3,8.1,14.1,8.2,0.489,78.971,40.47,92893,8.18,60.13,24.85,32.02,20.54,23.79,9.61,14.04,Republican,Republican
Brazoria County,texas,62228,90433,5.0,6.2,24.6,23.7,9.0,20.2,11.2,0.4161,76.763,106.09,372031,30.97,43.5,14.43,43.07,13.85,19.06,11.52,12.51,Republican,Republican
Brazos County,texas,35349,47530,5.1,5.6,21.1,18.3,6.7,23.5,19.7,0.516,84.652,154.5,233849,26.97,52.61,10.08,44.6,17.1,20.78,7.97,9.55,Republican,Republican
Brewster County,texas,2258,2461,4.2,6.9,16.5,21.5,3.2,28.5,19.2,0.4636,69.449,0.59,9546,41.51,51.83,1.7,35.18,23.18,25.29,7.82,8.53,Republican,Republican
Briscoe County,texas,78,639,7.8,7.7,34.6,22.6,11.7,9.6,6.1,0.5395,58.194,0.55,1435,25.64,70.24,1.18,36.49,11.29,18.55,22.38,11.29,Republican,Republican
Brooks County,texas,1470,998,12.6,17.3,31.0,19.2,0.9,14.1,5.0,0.5043,46.187,2.89,7076,88.21,10.23,0.11,29.78,32.57,13.13,10.37,14.16,Democrat,Republican
Brown County,texas,2107,13698,3.9,8.7,33.3,26.8,7.4,14.7,5.2,0.4562,73.932,15.6,38095,21.55,70.01,3.55,30.39,18.56,19.69,11.97,19.38,Republican,Republican
Burleson County,texas,1788,6743,5.4,10.9,34.0,20.4,6.9,16.3,6.1,0.449,92.851,10.52,17642,21.04,63.81,10.5,33.69,11.67,19.92,18.9,15.82,Republican,Republican
Burnet County,texas,5639,18767,6.4,5.1,29.4,24.5,6.4,19.4,8.7,0.465,76.763,19.28,49130,22.79,70.85,1.18,33.02,19.43,22.62,15.26,9.68,Republican,Republican
Caldwell County,texas,6672,8031,7.4,12.3,37.6,21.7,4.3,11.9,4.8,0.4106,83.491,32.72,45883,55.51,36.09,4.85,29.46,19.6,20.03,17.28,13.64,Republican,Republican
Calhoun County,texas,2148,5641,7.6,8.1,34.7,24.3,9.1,10.1,6.1,0.4133,81.858,15.33,20106,49.03,41.65,1.8,31.59,14.97,17.51,18.62,17.32,Republican,Republican
Callahan County,texas,734,6012,1.9,6.0,36.1,25.1,7.9,17.5,5.4,0.3972,77.474,5.95,13708,9.53,84.29,0.86,35.19,14.09,21.34,13.6,15.78,Republican,Republican
Cameron County,texas,64063,49032,16.6,12.6,26.0,17.9,7.5,13.5,6.0,0.4678,65.655,182.66,421017,89.47,8.81,0.33,29.39,25.75,21.7,10.65,12.51,Democrat,Republican
Camp County,texas,1394,3626,6.8,6.0,37.8,21.8,6.9,14.7,6.0,0.4754,75.13,24.73,12464,25.85,54.03,15.06,31.11,18.73,18.21,10.94,21.01,Republican,Republican
Carson County,texas,297,2779,2.0,5.6,32.9,25.1,9.1,17.4,7.8,0.3927,76.763,2.43,5807,9.61,83.92,0.33,44.33,12.71,21.36,9.18,12.42,Republican,Republican
Cass County,texas,2795,11033,3.4,8.9,42.3,20.5,7.6,12.3,4.9,0.4715,71.369,11.8,28454,4.7,73.9,15.88,32.22,18.72,18.23,9.97,20.86,Republican,Republican
Castro County,texas,466,1602,18.4,6.5,33.5,17.0,5.2,14.9,4.6,0.4186,73.212,3.19,7371,64.9,31.58,1.29,33.89,19.7,16.24,16.04,14.13,Republican,Republican
Chambers County,texas,3997,17353,5.6,5.2,26.8,29.9,9.8,15.9,6.9,0.4188,76.763,30.42,46571,23.52,64.11,6.76,39.69,13.05,16.14,14.11,17.01,Republican,Republican
Cherokee County,texas,4210,15101,9.2,11.9,32.4,22.6,7.7,10.2,5.9,0.4446,75.104,18.64,50412,23.4,59.7,12.61,32.52,17.52,17.6,14.53,17.82,Republican,Republican
Childress County,texas,310,1943,6.1,11.9,37.5,24.1,5.7,10.5,4.1,0.4678,76.358,3.76,6664,29.14,57.8,8.58,34.35,12.76,19.98,20.64,12.27,Republican,Republican
Clay County,texas,614,5069,2.8,4.3,35.5,26.9,7.3,16.3,6.9,0.3824,84.703,3.65,10218,6.27,87.5,0.34,36.61,10.1,22.6,12.82,17.87,Republican,Republican
Cochran County,texas,177,809,20.4,10.2,34.0,16.0,10.9,6.1,2.4,0.4714,59.334,1.26,2547,59.95,35.81,2.43,27.78,12.82,19.83,20.11,19.46,Republican,Republican
Coke County,texas,178,1586,5.5,8.4,32.5,27.5,6.5,12.4,7.1,0.4704,59.15,1.4,3285,20.12,75.28,0.21,25.28,27.37,17.6,16.48,13.27,Republican,Republican
Coleman County,texas,451,3641,7.2,4.7,29.4,31.5,6.7,15.7,5.0,0.4784,73.573,2.39,7684,15.51,78.25,1.85,31.18,24.59,20.14,11.57,12.52,Republican,Republican
Collin County,texas,230945,252318,3.0,2.7,14.7,17.9,7.5,33.8,20.5,0.4332,76.763,495.28,1064465,15.89,50.96,10.16,55.67,12.0,20.67,4.9,6.76,Republican,Republican
Collingsworth County,texas,155,1048,8.6,13.6,23.1,19.1,10.3,20.1,5.1,0.5288,87.624,1.2,2652,31.37,60.97,4.07,34.46,24.27,19.3,15.08,6.89,Republican,Republican
Colorado County,texas,2420,7472,8.2,7.3,34.9,21.3,6.1,15.8,6.4,0.4741,88.293,8.28,20557,29.14,57.21,10.81,37.5,15.09,18.07,15.72,13.62,Republican,Republican
Comal County,texas,24826,62740,2.5,3.9,23.2,21.9,8.0,26.2,14.4,0.4396,76.763,114.0,161501,26.99,65.17,2.22,46.3,14.58,20.58,8.74,9.8,Republican,Republican
Comanche County,texas,853,5177,6.8,8.5,33.1,23.8,8.8,12.6,6.3,0.4526,77.697,5.62,13594,28.45,67.65,0.29,30.73,14.83,17.94,18.63,17.87,Republican,Republican
Concho County,texas,197,1058,14.0,11.1,36.9,21.3,5.1,8.7,2.8,0.4069,67.435,1.27,3303,31.27,63.49,2.09,47.64,18.15,15.35,13.84,5.02,Republican,Republican
Cooke County,texas,3210,15596,5.0,6.3,31.3,25.4,8.8,15.6,7.6,0.4547,93.118,18.47,41668,20.44,70.57,2.83,31.46,15.71,19.01,14.74,19.09,Republican,Republican
Coryell County,texas,7565,15438,3.8,6.2,28.5,33.7,10.5,12.0,5.3,0.4072,77.044,30.43,83093,19.84,55.62,14.15,33.71,19.11,21.36,11.48,14.34,Republican,Republican
Cottle County,texas,113,540,7.0,11.1,28.7,27.0,7.8,11.8,6.6,0.4874,63.16,0.71,1380,23.7,65.36,6.96,29.01,26.64,21.06,16.18,7.11,Republican,Republican
Crane County,texas,241,1247,18.9,6.1,37.7,19.3,2.3,11.0,4.6,0.387,83.614,2.28,4675,67.55,28.71,1.5,25.31,16.13,17.47,25.89,15.2,Republican,Republican
Crockett County,texas,344,1220,12.5,15.5,28.2,26.1,2.0,9.2,6.4,0.364,80.443,0.41,3098,61.98,34.86,0.58,40.05,6.87,16.82,24.33,11.94,Republican,Republican
Crosby County,texas,527,1396,9.6,12.6,37.8,19.3,6.7,11.5,2.5,0.5321,78.614,2.21,5133,55.11,40.44,2.28,26.14,23.4,16.81,19.3,14.36,Republican,Republican
Culberson County,texas,438,415,18.8,4.8,50.3,15.5,0.1,9.7,0.8,0.4335,48.2,0.22,2188,75.18,20.34,0.91,29.57,23.66,3.87,26.88,16.02,Democrat,Republican
Dallam County,texas,197,1389,18.7,3.2,39.6,21.5,2.7,12.5,1.8,0.3686,83.617,1.84,7115,52.1,43.84,1.04,22.82,13.05,19.04,11.96,33.13,Republican,Republican
Dallas County,texas,598576,307076,10.3,8.6,22.6,18.6,6.1,21.0,12.9,0.4923,76.763,1151.43,2613539,40.48,27.74,21.61,37.77,15.89,21.04,11.31,14.0,Democrat,Republican
Dawson County,texas,808,2951,14.5,15.3,34.1,17.4,5.2,11.5,2.0,0.4994,66.869,5.29,12456,54.33,36.85,6.8,30.07,20.4,17.82,19.74,11.97,Republican,Republican
DeWitt County,texas,1494,6567,6.6,9.3,42.5,19.3,8.2,10.1,4.0,0.4882,82.939,8.42,19824,34.76,54.75,7.85,29.01,18.13,21.67,13.46,17.72,Republican,Republican
Deaf Smith County,texas,1264,3294,16.3,11.5,41.1,15.6,3.7,8.8,3.0,0.4051,70.209,4.79,18583,74.93,22.78,0.58,20.21,19.15,17.2,19.38,24.06,Republican,Republican
Delta County,texas,403,2162,4.7,6.1,35.1,22.4,10.2,14.9,6.6,0.4472,87.624,7.93,5230,7.53,80.1,5.97,39.91,15.76,21.3,11.3,11.73,Republican,Republican
Denton County,texas,188695,222480,3.1,3.6,16.9,20.6,7.9,31.7,16.2,0.4345,76.763,402.0,906422,20.16,53.58,10.52,50.17,12.47,22.19,6.0,9.16,Republican,Republican
Dickens County,texas,130,853,5.9,8.6,39.8,18.1,7.4,13.5,6.6,0.4549,68.84,0.67,1770,28.93,66.55,1.02,33.28,18.85,14.94,20.88,12.05,Republican,Republican
Dimmit County,texas,2264,1384,19.5,7.8,34.9,20.6,2.7,8.1,6.5,0.5074,58.081,2.52,8615,86.91,10.42,0.84,19.13,25.09,26.91,17.64,11.22,Democrat,Republican
Donley County,texas,198,1438,3.9,11.7,34.1,27.7,9.1,8.9,4.6,0.417,64.46,1.37,3258,10.93,77.87,5.13,34.13,22.8,16.52,20.85,5.7,Republican,Republican
Duval County,texas,2575,2443,13.7,12.9,34.7,23.8,7.1,4.5,3.4,0.4241,61.341,2.14,9831,80.99,9.53,1.47,25.4,22.38,16.54,24.55,11.14,Democrat,Republican
Eastland County,texas,983,7237,5.3,9.3,30.0,24.3,8.2,15.0,7.8,0.476,75.893,7.42,17725,16.55,77.03,1.89,34.51,18.74,19.79,13.78,13.18,Republican,Republican
Ector County,texas,11367,32697,10.2,13.0,29.7,22.5,8.1,11.3,5.3,0.4579,92.876,69.79,165171,60.57,30.89,4.5,25.81,12.76,21.87,18.17,21.37,Republican,Republican
Edwards County,texas,168,893,15.6,10.0,18.0,27.6,9.9,15.0,4.0,0.4828,59.314,0.25,1422,50.49,45.78,0.14,16.21,35.44,8.65,34.2,5.49,Republican,Republican
El Paso County,texas,178126,84331,11.7,8.3,24.3,21.7,9.0,16.9,8.1,0.4663,73.912,329.09,865657,82.64,11.35,2.82,32.69,20.59,23.3,9.96,13.47,Democrat,Republican
Ellis County,texas,27565,56717,5.2,6.5,27.2,24.9,8.4,19.1,8.8,0.4014,76.763,80.67,192455,27.04,55.34,12.33,38.36,13.51,22.41,10.66,15.05,Republican,Republican
Erath County,texas,2916,13684,6.3,6.6,26.4,20.2,8.2,22.0,10.4,0.4883,83.514,15.25,42545,21.75,70.53,2.81,34.53,17.63,20.66,13.51,13.67,Republican,Republican
Falls County,texas,1899,4177,6.0,11.5,33.5,27.8,7.7,8.8,4.6,0.5024,67.718,8.58,16968,23.37,51.31,21.85,27.93,14.88,23.72,15.77,17.7,Republican,Republican
Fannin County,texas,2655,12171,5.7,8.6,35.0,23.5,6.7,13.3,7.3,0.4738,91.939,15.63,35662,11.83,75.83,6.17,35.85,15.07,21.03,13.5,14.56,Republican,Republican
Fayette County,texas,2661,10171,5.0,5.1,39.7,19.0,7.1,17.7,6.4,0.4838,95.174,9.98,24435,21.35,69.74,5.66,27.46,16.71,20.73,14.44,20.65,Republican,Republican
Fisher County,texas,352,1448,7.7,6.1,34.4,20.4,11.4,13.5,6.4,0.4152,73.425,1.58,3672,26.5,67.97,2.51,35.79,12.56,18.01,20.26,13.38,Republican,Republican
Floyd County,texas,438,1584,13.3,15.5,28.2,20.0,7.0,12.3,3.7,0.5407,75.402,2.1,5402,56.78,38.49,2.31,24.8,22.48,21.85,16.35,14.52,Republican,Republican
Foard County,texas,99,445,8.0,11.6,24.5,29.1,10.7,11.6,4.4,0.4771,59.312,0.59,1095,17.99,77.17,1.74,49.21,19.88,9.25,12.2,9.45,Republican,Republican
Fort Bend County,texas,195552,157718,4.7,3.9,17.9,18.0,7.0,29.2,19.4,0.4239,76.763,373.04,822779,24.14,29.62,20.41,51.27,12.54,20.81,6.14,9.24,Democrat,Republican
Franklin County,texas,804,4161,3.5,5.0,28.0,25.5,7.3,19.9,10.8,0.4403,76.763,14.18,10359,14.05,76.03,3.8,43.35,16.08,15.64,9.96,14.99,Republican,Republican
Freestone County,texas,1635,6991,5.2,9.8,34.5,22.5,10.7,11.9,5.5,0.448,75.009,8.62,19435,16.23,65.95,14.1,26.78,19.59,18.85,15.9,18.88,Republican,Republican
Frio County,texas,2422,2823,12.1,17.9,39.0,16.4,6.1,5.2,3.3,0.472,69.861,6.18,18385,77.08,16.61,3.83,20.16,24.94,18.21,19.84,16.85,Republican,Republican
Gaines County,texas,576,5355,28.7,10.9,33.1,10.6,6.3,8.2,2.2,0.4223,89.014,5.53,21598,38.9,58.13,1.12,24.64,11.75,18.38,26.89,18.34,Republican,Republican
Galveston County,texas,58842,93911,4.2,6.0,23.4,23.2,9.3,22.7,11.1,0.4584,76.763,356.99,350682,25.28,54.57,12.3,43.69,16.57,18.81,8.32,12.61,Republican,Republican
Garza County,texas,231,1413,15.6,14.5,32.8,21.3,2.6,7.5,5.7,0.402,72.497,2.48,5816,56.26,37.17,3.95,38.09,18.41,15.04,8.42,20.04,Republican,Republican
Gillespie County,texas,3176,12514,6.0,5.3,25.2,20.5,7.8,22.0,13.2,0.4673,99.768,9.83,26725,21.58,74.4,0.31,35.8,19.64,21.9,12.87,9.79,Republican,Republican
Glasscock County,texas,39,611,9.9,4.1,16.4,29.4,2.6,29.4,8.4,0.4416,76.763,0.46,1116,34.68,63.62,0.72,43.63,1.73,9.5,33.91,11.23,Republican,Republican
Goliad County,texas,877,3085,8.9,6.7,31.0,24.7,10.9,13.1,4.8,0.5199,91.74,3.21,7012,32.63,60.55,3.35,33.24,10.24,23.04,17.0,16.48,Republican,Republican
Gonzales County,texas,1948,5627,9.3,13.3,43.4,15.0,5.9,9.2,3.9,0.487,87.246,7.14,19653,50.36,41.52,5.47,23.7,16.08,19.5,14.89,25.83,Republican,Republican
Gray County,texas,829,6840,8.6,9.8,32.3,24.4,8.8,12.3,3.8,0.4891,77.997,8.87,21227,29.9,61.36,3.93,29.62,17.08,21.67,16.85,14.79,Republican,Republican
Grayson County,texas,14506,44163,3.9,5.7,30.2,26.5,11.0,15.2,7.6,0.4466,88.868,56.71,135543,15.4,70.24,5.49,31.14,17.7,24.06,10.92,16.19,Republican,Republican
Gregg County,texas,14796,32493,5.7,7.9,28.7,26.5,8.8,15.2,7.2,0.4581,84.85,175.47,124239,19.35,54.77,20.1,31.9,16.44,22.8,10.75,18.12,Republican,Republican
Grimes County,texas,2833,9432,7.0,12.2,31.2,23.1,7.0,12.0,7.4,0.454,84.809,14.44,29268,25.15,57.78,13.07,36.14,14.52,21.47,13.57,14.31,Republican,Republican
Guadalupe County,texas,28805,47553,4.5,6.4,29.5,20.8,9.2,19.6,9.9,0.3926,76.763,94.36,172706,37.77,48.67,6.92,35.68,15.82,23.09,9.8,15.62,Republican,Republican
Hale County,texas,2279,7177,13.8,11.4,33.0,20.2,6.8,9.2,5.6,0.4464,67.058,12.5,32522,59.93,32.88,4.25,28.25,18.97,21.19,13.11,18.48,Republican,Republican
Hall County,texas,168,995,6.7,11.5,33.6,18.9,11.2,14.0,4.2,0.4906,66.562,1.24,2825,33.63,56.25,6.73,33.02,20.07,16.3,15.95,14.67,Republican,Republican
Hamilton County,texas,641,3616,4.0,6.6,35.9,19.7,8.7,17.9,7.2,0.5453,88.744,3.81,8222,12.71,82.77,0.39,31.29,19.6,21.95,11.75,15.41,Republican,Republican
Hansford County,texas,166,1849,12.6,15.2,22.3,15.1,5.1,24.8,4.8,0.4023,77.865,2.21,5285,49.48,48.29,0.23,39.96,18.81,19.34,15.72,6.17,Republican,Republican
Hardeman County,texas,241,1330,5.1,9.9,34.2,25.2,8.1,13.2,4.2,0.4068,73.097,1.97,3549,23.05,68.78,3.66,30.5,16.24,17.18,13.87,22.21,Republican,Republican
Hardin County,texas,3474,23858,3.0,8.1,38.6,23.3,8.5,14.1,4.3,0.4275,87.881,24.53,56231,6.08,83.47,5.4,34.02,15.97,21.68,11.04,17.28,Republican,Republican
Harris County,texas,918193,700630,10.4,7.5,22.9,19.0,7.1,20.8,12.4,0.4973,76.763,1068.99,4731145,43.01,27.68,18.72,38.05,16.52,20.45,11.44,13.53,Democrat,Republican
Harrison County,texas,7908,21466,3.4,7.2,32.8,25.8,8.6,15.1,7.1,0.4695,81.428,29.64,68839,14.29,61.07,19.54,32.0,16.89,20.03,13.66,17.42,Republican,Republican
Hartley County,texas,195,1868,7.8,8.1,35.2,17.9,5.8,14.5,10.7,0.3923,98.638,1.42,5382,30.3,63.23,3.55,43.64,9.55,27.08,9.5,10.23,Republican,Republican
Haskell County,texas,353,1840,8.3,12.2,36.0,18.2,5.2,11.9,8.3,0.5575,91.53,2.31,5416,25.42,66.99,3.34,31.41,25.15,18.72,15.95,8.77,Republican,Republican
Hays County,texas,59524,47680,4.4,4.7,22.3,21.7,6.6,26.3,14.1,0.4521,76.763,139.96,241067,38.52,50.43,3.74,41.66,16.14,22.58,9.12,10.5,Democrat,Republican
Hemphill County,texas,206,1486,7.1,4.2,35.4,20.8,9.2,18.1,5.2,0.4816,76.763,1.44,3382,33.62,61.8,0.12,30.04,15.63,15.63,29.92,8.78,Republican,Republican
Henderson County,texas,7060,28911,4.6,8.7,33.8,25.6,8.2,13.1,5.9,0.4756,81.99,36.51,82150,13.68,75.29,5.73,31.61,19.66,20.25,12.66,15.82,Republican,Republican
Hidalgo County,texas,128199,90527,18.4,13.0,24.8,18.3,5.3,14.0,6.1,0.478,68.145,214.57,870781,91.87,6.13,0.39,28.28,22.69,22.09,14.16,12.77,Democrat,Republican
Hill County,texas,2860,11926,5.7,8.7,34.2,23.7,10.1,12.0,5.5,0.4414,78.273,14.55,35874,21.98,67.24,5.73,26.51,16.63,21.17,15.27,20.42,Republican,Republican
Hockley County,texas,1482,6536,9.8,10.7,28.8,24.0,9.6,11.3,5.9,0.4424,73.311,9.14,21537,49.33,45.28,2.62,33.95,16.26,16.9,16.27,16.64,Republican,Republican
Hood County,texas,5648,26496,2.7,5.0,28.0,25.2,7.6,21.4,10.3,0.4556,76.763,57.32,61598,12.92,80.87,0.8,38.02,13.04,20.74,10.12,18.07,Republican,Republican
Hopkins County,texas,3046,12719,5.5,9.6,34.5,21.5,7.3,14.8,6.7,0.4616,84.614,18.62,36787,17.63,70.61,6.45,31.69,13.21,20.07,14.44,20.59,Republican,Republican
Houston County,texas,2314,7060,6.0,11.6,39.2,21.1,7.3,10.5,4.2,0.4761,71.244,6.93,22066,13.92,58.72,23.4,31.72,23.16,19.78,9.37,15.98,Republican,Republican
Howard County,texas,2069,8054,8.1,10.9,34.7,25.0,7.5,9.4,4.4,0.4397,86.876,14.78,34860,46.4,44.96,4.36,30.52,19.79,16.89,16.47,16.33,Republican,Republican
Hudspeth County,texas,371,779,27.9,17.2,25.3,15.2,4.1,9.5,0.9,0.4107,45.286,0.28,3202,63.59,34.17,0.19,19.57,24.84,18.32,24.53,12.73,Republican,Republican
Hunt County,texas,8906,29163,3.9,8.4,35.1,24.0,7.3,14.6,6.7,0.4305,84.8,46.67,99956,19.68,65.63,7.82,32.12,18.82,21.01,12.31,15.73,Republican,Republican
Hutchinson County,texas,965,7681,5.4,8.7,33.0,27.5,9.8,11.4,4.2,0.419,79.929,8.96,20617,24.06,66.85,2.02,28.16,14.95,17.75,16.42,22.72,Republican,Republican
Irion County,texas,120,759,6.7,4.5,24.1,36.5,9.8,16.2,2.1,0.3913,68.513,0.57,1513,23.07,73.5,0.4,20.34,17.5,21.76,21.05,19.35,Republican,Republican
Jack County,texas,331,3418,6.6,13.8,32.9,24.3,6.9,11.6,3.9,0.4811,78.534,3.64,8472,17.95,75.05,3.47,24.68,18.76,22.03,17.21,17.31,Republican,Republican
Jackson County,texas,1033,5231,9.2,10.2,34.6,24.9,8.0,10.5,2.5,0.4012,82.005,6.99,14988,32.22,56.78,6.25,26.89,15.49,16.32,20.68,20.62,Republican,Republican
Jasper County,texas,2954,12542,3.5,9.3,47.2,20.7,7.1,8.4,3.8,0.5113,75.809,13.59,32980,6.66,72.15,16.9,30.28,21.66,18.43,14.9,14.73,Republican,Republican
Jeff Davis County,texas,501,784,9.7,4.6,19.3,30.1,8.4,12.5,15.4,0.5373,71.74,0.34,1996,30.71,64.23,0.0,44.52,19.52,17.25,13.24,5.48,Republican,Republican
Jefferson County,texas,46073,47570,7.3,7.9,31.7,23.8,9.3,13.9,6.1,0.4796,81.574,112.27,256526,22.97,37.44,32.69,30.06,20.52,21.11,13.38,14.92,Republican,Republican
Jim Hogg County,texas,1197,833,9.1,12.3,42.7,21.2,2.0,8.6,4.2,0.4161,59.372,1.64,4838,88.49,8.56,0.1,16.94,17.08,20.0,22.34,23.64,Democrat,Republican
Jim Wells County,texas,6119,7453,8.6,13.1,36.5,20.4,6.0,12.0,3.2,0.4738,69.066,17.43,38891,79.29,17.9,0.46,28.98,18.95,21.65,16.91,13.5,Republican,Republican
Johnson County,texas,16464,54628,4.9,8.8,34.6,22.9,7.5,14.8,6.5,0.404,94.395,97.29,179927,23.68,66.26,3.58,30.51,14.37,18.82,10.57,25.74,Republican,Republican
Jones County,texas,999,5660,5.5,13.7,38.7,22.9,8.1,8.8,2.4,0.405,70.243,8.22,19663,27.99,58.41,10.06,26.03,22.56,19.38,17.2,14.82,Republican,Republican
Karnes County,texas,1234,3968,8.9,15.0,37.0,16.8,6.0,11.4,4.8,0.5127,86.219,7.64,14710,52.58,36.63,7.59,26.92,26.18,22.39,15.54,8.97,Republican,Republican
Kaufman County,texas,18405,37624,5.2,8.4,29.1,24.5,8.9,17.0,6.8,0.3931,99.652,74.07,145310,24.89,54.11,14.82,36.68,16.23,22.01,10.84,14.23,Republican,Republican
Kendall County,texas,6020,20083,4.1,3.4,15.4,21.2,7.4,30.9,17.6,0.4806,76.763,26.45,44279,22.65,71.74,0.71,49.59,13.2,22.42,8.99,5.8,Republican,Republican
Kenedy County,texas,65,127,47.1,19.5,21.8,3.4,0.0,5.7,2.3,0.3038,56.413,0.03,350,74.57,20.86,0.0,23.91,8.7,6.52,30.43,30.43,Republican,Republican
Kent County,texas,47,411,4.6,6.9,29.0,26.8,4.9,14.2,13.7,0.3834,77.335,0.27,753,10.76,87.25,0.27,42.49,12.44,11.92,25.91,7.25,Republican,Republican
Kerr County,texas,6524,20879,4.3,6.0,28.8,23.6,7.6,18.4,11.4,0.4571,91.321,18.48,52598,25.85,68.05,1.31,35.58,20.35,22.11,11.6,10.36,Republican,Republican
Kimble County,texas,284,1987,5.4,9.4,27.9,25.0,4.5,18.9,8.9,0.5235,94.8,1.33,4286,23.01,73.17,0.19,32.79,17.66,23.04,18.85,7.66,Republican,Republican
King County,texas,8,151,18.1,3.1,33.1,15.0,0.0,25.6,5.0,0.4723,67.984,0.09,265,9.43,86.79,0.0,37.65,16.47,18.82,23.53,3.53,Republican,Republican
Kinney County,texas,446,1144,8.6,6.8,24.5,39.6,7.2,6.9,6.4,0.404,64.114,0.9,3129,46.98,47.59,1.15,35.69,25.8,9.89,6.77,21.84,Republican,Republican
Kleberg County,texas,5314,5504,9.4,8.2,34.7,19.5,5.2,14.9,8.1,0.4767,67.464,13.52,31040,70.62,21.68,3.21,30.55,21.37,21.36,12.76,13.95,Republican,Republican
Knox County,texas,265,1180,9.9,8.3,33.1,26.0,8.6,8.4,5.7,0.4346,64.145,1.51,3353,33.7,57.71,4.35,23.08,14.07,24.81,21.34,16.7,Republican,Republican
La Salle County,texas,1052,1335,13.9,23.7,43.6,11.1,2.3,3.2,2.2,0.3767,63.787,1.81,6664,73.65,22.01,3.32,13.2,31.28,13.47,32.78,9.27,Republican,Republican
Lamar County,texas,4458,16760,5.2,7.2,33.7,23.2,9.8,13.9,7.0,0.4589,73.449,21.34,50088,8.81,70.58,12.73,31.37,17.6,19.89,13.11,18.03,Republican,Republican
Lamb County,texas,840,3521,12.9,10.4,36.9,19.3,7.6,9.8,3.1,0.4368,70.219,4.95,13045,57.1,38.18,3.0,31.8,15.21,16.29,17.8,18.9,Republican,Republican
Lampasas County,texas,2144,8086,4.4,5.3,30.4,28.4,11.3,14.1,6.1,0.4086,89.55,11.83,21627,19.32,69.97,3.24,33.78,19.98,21.76,11.33,13.15,Republican,Republican
Lavaca County,texas,1333,8804,8.1,6.5,37.7,20.7,7.4,13.8,5.8,0.4544,83.239,8.11,20337,19.35,71.61,5.77,35.12,13.73,19.34,12.82,19.0,Republican,Republican
Lee County,texas,1750,6255,6.3,7.2,39.3,23.3,7.4,11.8,4.8,0.4071,76.825,10.77,17478,25.63,60.72,9.33,33.25,15.71,19.45,15.64,15.96,Republican,Republican
Leon County,texas,1072,7523,6.3,9.1,38.8,25.0,5.8,10.5,4.5,0.4882,83.691,5.73,15719,15.56,74.17,5.86,28.07,21.17,21.93,15.48,13.35,Republican,Republican
Liberty County,texas,5785,23302,9.6,12.0,39.3,21.9,6.6,7.7,2.8,0.4519,80.392,31.17,91628,33.61,54.62,7.67,23.73,15.44,19.13,22.3,19.4,Republican,Republican
Limestone County,texas,2213,6789,6.5,8.9,34.7,24.1,8.8,12.0,4.8,0.4418,68.452,9.48,22146,22.64,56.58,16.42,25.23,21.04,16.88,17.16,19.7,Republican,Republican
Lipscomb County,texas,131,1205,8.5,6.4,31.4,21.8,7.1,20.2,4.5,0.4414,89.221,1.26,3059,36.71,58.39,0.13,35.93,15.96,15.01,15.16,17.93,Republican,Republican
Live Oak County,texas,819,4199,10.2,14.4,30.0,27.0,4.8,7.6,5.9,0.4735,75.029,4.22,11335,42.26,52.65,1.81,30.71,13.43,22.2,20.75,12.91,Republican,Republican
Llano County,texas,2465,10079,2.4,6.1,26.6,25.9,7.2,22.2,9.6,0.5296,76.763,8.94,21243,11.81,82.52,0.46,34.65,15.31,25.62,11.22,13.2,Republican,Republican
Loving County,texas,4,60,0.0,3.2,15.9,30.2,50.8,0.0,0.0,0.532,76.763,0.06,64,1.56,87.5,0.0,53.85,0.0,12.82,0.0,33.33,Republican,Republican
Lubbock County,texas,40017,78861,4.9,6.8,25.4,22.6,7.7,20.0,12.6,0.4811,85.341,134.29,310639,35.14,49.9,8.26,39.71,17.42,22.71,8.75,11.42,Republican,Republican
Lynn County,texas,428,1853,8.1,10.5,28.7,20.1,8.0,17.2,7.4,0.4785,81.171,2.43,5596,42.03,52.89,1.88,39.98,18.12,17.72,15.4,8.78,Republican,Republican
Madison County,texas,1088,4169,4.9,16.2,37.5,21.4,5.9,10.2,3.9,0.4083,76.169,11.23,13455,25.38,51.91,19.23,24.56,16.27,23.68,19.22,16.27,Republican,Republican
Marion County,texas,1339,3470,3.6,9.6,40.5,21.6,8.4,13.5,2.8,0.4542,63.07,9.8,9725,4.0,70.63,18.98,26.64,18.7,24.87,10.67,19.13,Republican,Republican
Martin County,texas,288,1857,9.9,5.9,40.2,25.0,2.1,9.7,7.2,0.4717,97.852,2.21,5237,43.06,53.08,1.55,31.42,9.75,18.27,16.0,24.56,Republican,Republican
Mason County,texas,457,1991,6.6,8.5,21.5,20.8,4.7,26.1,11.9,0.4553,93.741,1.65,3953,22.34,74.58,0.1,42.48,12.34,29.83,9.58,5.77,Republican,Republican
Matagorda County,texas,3733,9845,9.9,8.6,28.4,24.0,8.2,14.0,6.9,0.4707,73.26,12.8,36255,42.63,42.35,10.3,27.54,17.1,14.97,21.64,18.75,Republican,Republican
Maverick County,texas,8332,6881,19.8,15.6,26.4,16.5,5.9,11.6,4.2,0.4605,65.116,17.44,57887,94.9,2.72,0.22,24.18,28.69,17.98,12.88,16.27,Democrat,Republican
McCulloch County,texas,490,2904,9.8,10.3,31.5,24.4,5.5,12.7,5.8,0.4321,68.736,2.77,7630,31.05,64.27,1.21,31.77,22.67,16.22,12.99,16.34,Republican,Republican
McLennan County,texas,36688,59543,5.1,7.9,26.9,22.8,10.2,16.4,10.5,0.4764,82.845,97.24,260579,26.32,53.61,13.87,34.82,16.57,21.8,10.27,16.53,Republican,Republican
McMullen County,texas,53,460,4.6,6.5,45.1,20.4,7.6,11.8,3.9,0.4952,80.275,0.23,600,37.33,58.83,0.17,36.03,28.34,7.29,17.0,11.34,Republican,Republican
Medina County,texas,6773,15642,5.6,8.3,32.6,22.2,9.0,13.3,8.9,0.422,91.847,14.98,50748,50.16,43.99,2.47,35.61,15.55,21.85,14.1,12.89,Republican,Republican
Menard County,texas,197,823,8.9,13.2,25.8,20.1,8.1,15.0,8.9,0.5231,63.484,0.84,1962,33.74,62.74,0.61,30.08,16.26,21.27,12.74,19.65,Republican,Republican
Midland County,texas,12329,45624,7.5,8.1,23.2,23.8,8.0,20.6,8.9,0.4703,76.763,72.64,169983,43.14,45.0,6.16,38.23,12.62,22.22,14.21,12.73,Republican,Republican
Milam County,texas,2496,7984,6.9,7.3,39.0,21.1,7.4,12.6,5.7,0.4701,80.18,9.53,24754,25.31,62.08,8.47,31.63,14.68,22.57,18.99,12.13,Republican,Republican
Mills County,texas,271,2217,5.4,6.7,31.4,21.5,6.5,18.5,9.9,0.4742,86.246,2.32,4456,16.34,78.5,0.56,37.06,19.05,14.76,18.75,10.38,Republican,Republican
Mitchell County,texas,397,2170,7.0,9.2,41.0,27.6,5.6,7.2,2.4,0.4642,80.812,3.79,8990,38.42,48.14,10.29,21.86,33.59,17.52,16.81,10.23,Republican,Republican
Montague County,texas,1097,8615,4.7,7.4,38.6,24.6,8.1,12.8,3.9,0.416,78.5,8.38,19965,11.83,81.85,0.37,24.57,18.74,23.7,17.93,15.07,Republican,Republican
Montgomery County,texas,74377,193382,4.3,5.9,22.9,21.5,7.7,25.0,12.8,0.4706,76.763,233.41,620443,26.45,59.86,5.51,42.6,14.13,21.51,10.24,11.52,Republican,Republican
Moore County,texas,1062,4359,21.4,10.7,31.1,17.5,7.5,7.9,3.9,0.4123,77.084,9.13,21358,59.21,30.43,3.06,25.18,13.84,15.86,15.83,29.29,Republican,Republican
Morris County,texas,1669,3872,4.4,8.0,39.7,27.4,7.0,7.9,5.7,0.3968,62.261,18.38,11973,9.87,64.45,20.45,29.3,20.37,20.6,8.31,21.42,Republican,Republican
Motley County,texas,46,604,4.5,9.6,31.2,27.3,7.2,15.2,5.2,0.3845,71.8,0.48,1063,14.39,80.71,0.66,32.49,15.57,20.47,23.86,7.61,Republican,Republican
Nacogdoches County,texas,9000,17378,7.4,7.5,29.3,24.5,5.9,15.9,9.4,0.5024,72.697,26.43,64653,21.03,57.47,16.34,30.82,18.8,23.54,12.82,14.02,Republican,Republican
Navarro County,texas,5101,13800,9.9,9.6,30.3,24.4,8.8,11.4,5.6,0.4572,76.66,20.2,52624,30.5,51.3,11.95,27.21,17.49,18.32,12.9,24.08,Republican,Republican
Newton County,texas,1173,4882,4.5,13.5,45.7,22.7,6.7,4.9,1.9,0.4857,58.462,5.1,12217,2.82,75.71,16.98,25.17,19.21,20.21,17.45,17.95,Republican,Republican
Nolan County,texas,1162,4131,6.9,9.3,34.6,25.4,10.0,9.2,4.8,0.5192,75.043,6.21,14738,36.33,55.22,4.24,24.89,23.14,18.25,15.16,18.55,Republican,Republican
Nueces County,texas,60925,64617,6.6,8.9,29.2,23.7,9.1,14.4,8.1,0.4622,85.253,162.51,353178,61.46,30.06,3.58,32.67,20.28,21.34,13.47,12.24,Republican,Republican
Ochiltree County,texas,302,2812,12.4,11.3,33.5,19.0,5.2,12.3,6.3,0.4158,80.514,4.18,10015,54.62,42.39,0.14,23.59,13.28,16.29,28.18,18.67,Republican,Republican
Oldham County,texas,81,917,9.4,7.1,27.0,21.9,10.8,17.2,6.7,0.4288,89.702,0.56,1758,17.8,75.37,1.88,39.34,17.69,14.51,16.21,12.24,Republican,Republican
Orange County,texas,6357,29186,2.5,8.2,35.8,24.8,11.6,12.8,4.3,0.4396,93.395,98.05,84808,8.57,76.57,9.41,32.87,13.68,20.84,15.54,17.07,Republican,Republican
Palo Pinto County,texas,2178,10179,5.1,7.4,39.2,22.5,7.7,11.9,6.1,0.4521,84.036,11.58,28409,19.76,73.14,1.94,30.46,16.5,21.31,14.09,17.65,Republican,Republican
Panola County,texas,2057,9326,4.5,11.8,29.1,29.2,9.2,11.7,4.4,0.4854,84.446,10.73,22491,9.74,71.58,14.42,27.77,18.47,17.77,14.44,21.55,Republican,Republican
Parker County,texas,13017,62045,3.4,6.3,26.9,22.5,10.0,20.2,10.7,0.43,76.763,64.59,148222,13.37,79.44,1.1,40.4,15.95,20.69,10.74,12.22,Republican,Republican
Parmer County,texas,488,2135,19.0,9.9,24.9,18.5,9.2,13.7,4.7,0.3955,83.695,4.3,9869,65.9,32.29,0.54,27.61,16.21,14.94,22.5,18.74,Republican,Republican
Pecos County,texas,1382,3215,10.3,13.8,36.7,22.6,5.2,6.9,4.5,0.4911,85.884,1.22,15193,71.38,22.86,3.32,24.72,20.13,20.44,22.1,12.6,Republican,Republican
Polk County,texas,5387,18573,6.8,11.8,37.3,24.7,6.2,8.8,4.4,0.4421,74.127,18.46,50123,14.65,69.45,9.71,26.24,16.27,22.18,17.26,18.05,Republican,Republican
Potter County,texas,9921,22820,11.2,11.7,30.9,21.7,7.6,11.9,5.1,0.4908,70.497,50.11,118525,38.13,42.31,10.12,26.58,23.21,18.57,13.27,18.37,Republican,Republican
Presidio County,texas,1463,721,31.6,6.7,17.6,14.4,8.4,15.0,6.2,0.5855,59.503,0.62,6131,81.41,15.67,0.41,43.32,8.57,14.78,26.54,6.78,Democrat,Republican
Rains County,texas,842,5155,5.7,6.9,35.9,24.8,6.2,14.6,5.9,0.4783,91.47,20.62,12164,9.12,83.28,2.17,37.73,13.71,20.78,12.54,15.24,Republican,Republican
Randall County,texas,12802,50796,2.2,4.0,23.4,27.7,10.1,21.7,11.0,0.4337,99.601,59.85,140753,22.44,67.82,3.24,39.38,16.92,22.25,9.34,12.11,Republican,Republican
Reagan County,texas,172,942,1.5,10.4,52.8,17.2,6.1,7.3,4.7,0.3645,83.863,1.09,3385,67.44,28.6,0.97,34.42,8.92,10.9,24.22,21.54,Republican,Republican
Real County,texas,320,1643,7.2,3.8,36.9,26.6,4.6,16.1,4.9,0.4783,72.231,1.56,2758,25.09,70.34,0.8,25.82,25.43,27.14,11.46,10.14,Republican,Republican
Red River County,texas,1246,4517,5.4,9.5,40.0,24.2,6.9,9.3,4.7,0.451,58.759,4.3,11587,6.61,73.35,15.0,24.51,18.34,19.68,18.67,18.8,Republican,Republican
Reeves County,texas,1395,2254,13.7,15.5,36.2,18.2,6.6,7.8,2.0,0.4448,74.058,2.05,14748,84.83,11.51,1.52,17.17,17.8,16.73,29.0,19.3,Republican,Republican
Refugio County,texas,1108,2210,5.8,10.4,43.7,22.5,6.4,8.2,3.0,0.46,67.596,3.37,6741,49.04,42.49,5.93,19.29,26.75,24.95,14.35,14.66,Republican,Republican
Roberts County,texas,17,529,0.0,8.2,37.7,21.6,13.2,14.2,5.0,0.3783,77.618,0.32,827,6.05,86.7,0.24,40.2,9.55,23.12,10.8,16.33,Republican,Republican
Robertson County,texas,2374,5646,5.2,9.5,38.4,20.2,8.4,12.6,5.8,0.4615,79.074,7.64,16757,21.05,56.72,18.47,26.26,25.13,18.91,14.22,15.49,Republican,Republican
Rockwall County,texas,16412,36726,2.5,3.2,18.5,22.5,9.4,27.9,16.0,0.4127,76.763,335.78,107819,19.07,65.11,7.59,50.06,12.83,22.71,6.03,8.37,Republican,Republican
Runnels County,texas,552,3807,9.2,7.9,35.8,22.1,6.7,13.0,5.3,0.4325,75.022,3.62,9900,33.88,61.23,1.33,33.0,17.6,17.31,14.73,17.37,Republican,Republican
Rusk County,texas,4629,16534,5.0,10.9,33.0,25.9,9.4,10.4,5.4,0.4569,84.856,22.04,52214,18.35,61.33,15.78,30.0,16.0,19.42,13.88,20.7,Republican,Republican
Sabine County,texas,669,4784,4.2,8.9,35.6,24.3,9.1,9.5,8.4,0.5205,73.675,7.84,9894,3.97,83.96,7.42,24.99,22.27,22.93,14.19,15.63,Republican,Republican
San Augustine County,texas,980,3007,4.9,12.8,45.1,21.0,3.5,7.5,5.3,0.483,59.266,5.76,7918,8.07,66.56,22.33,24.16,16.66,21.39,13.81,23.97,Republican,Republican
San Jacinto County,texas,2337,10161,5.8,8.6,39.7,24.2,5.6,8.9,7.1,0.4475,76.309,18.77,27402,17.6,69.96,7.6,29.03,20.27,16.01,14.57,20.12,Republican,Republican
San Patricio County,texas,8988,16516,8.2,9.5,33.2,23.8,7.7,11.9,5.7,0.462,85.477,38.39,68755,55.59,38.71,1.45,32.63,20.08,18.01,12.36,16.92,Republican,Republican
San Saba County,texas,287,2308,6.2,8.0,39.5,22.6,4.3,14.0,5.4,0.4248,71.975,1.97,5730,30.52,64.4,1.85,29.42,23.4,17.42,12.52,17.25,Republican,Republican
Schleicher County,texas,211,940,9.8,8.2,29.7,32.7,6.0,9.8,3.7,0.4221,70.578,0.73,2451,52.02,44.96,0.61,30.62,9.21,21.32,21.51,17.34,Republican,Republican
Scurry County,texas,818,4983,7.9,7.7,32.9,24.7,8.3,13.5,5.0,0.4213,82.991,7.2,16932,42.16,51.01,3.54,24.74,20.92,21.31,18.47,14.57,Republican,Republican
Shackelford County,texas,130,1484,0.5,6.0,23.8,29.4,7.9,26.3,6.1,0.4393,76.415,1.32,3105,11.69,84.12,0.64,30.78,15.32,29.31,14.66,9.93,Republican,Republican
Shelby County,texas,2068,7975,8.2,10.1,36.9,25.2,5.7,10.0,3.9,0.4556,69.37,11.72,24022,19.5,60.01,15.84,28.11,18.81,18.07,13.59,21.41,Republican,Republican
Sherman County,texas,91,886,13.7,14.2,23.2,21.5,5.6,16.7,5.1,0.5605,76.763,1.01,2782,47.27,48.96,0.36,30.4,13.52,18.17,22.91,14.99,Republican,Republican
Smith County,texas,29615,69080,5.5,6.9,24.9,25.1,10.3,18.1,9.3,0.4571,92.062,98.33,233479,20.25,57.59,16.28,33.84,17.84,22.49,9.65,16.19,Republican,Republican
Somervell County,texas,768,4105,2.3,4.9,32.1,26.0,6.1,21.3,7.3,0.4073,97.659,19.36,9205,18.33,76.17,0.42,35.82,13.38,21.88,15.31,13.6,Republican,Republican
Starr County,texas,9123,8247,26.0,13.1,26.6,17.1,4.5,9.2,3.6,0.5148,53.913,20.74,65920,97.68,1.78,0.05,25.07,27.67,15.42,15.86,15.98,Democrat,Republican
Stephens County,texas,397,3385,6.7,10.1,34.6,23.9,6.3,13.9,4.5,0.5006,68.486,3.99,9101,24.22,68.74,2.6,34.07,18.87,18.17,10.94,17.94,Republican,Republican
Sterling County,texas,51,584,2.3,7.6,42.1,21.5,3.2,14.6,8.8,0.3683,98.668,0.58,1372,32.73,63.19,0.22,33.22,8.87,28.0,11.3,18.61,Republican,Republican
Stonewall County,texas,116,615,9.0,10.1,44.1,20.2,1.6,7.4,7.7,0.4271,75.657,0.56,1245,18.15,76.95,1.45,19.19,18.89,22.34,14.09,25.49,Republican,Republican
Sutton County,texas,322,1222,10.2,9.8,37.2,23.7,3.7,7.9,7.4,0.4113,69.544,0.89,3372,62.07,35.59,0.18,30.91,15.24,26.78,15.73,11.33,Republican,Republican
Swisher County,texas,478,1845,13.6,8.5,34.2,16.0,8.4,15.7,3.6,0.4799,55.431,3.03,6971,45.14,46.18,5.84,38.79,23.99,11.96,15.07,10.19,Republican,Republican
Tarrant County,texas,411567,409741,6.1,6.8,23.8,21.4,7.9,22.4,11.5,0.4565,76.763,943.27,2110640,29.42,42.87,16.99,38.74,14.98,22.35,8.75,15.18,Democrat,Republican
Taylor County,texas,14588,39547,3.9,6.1,29.5,22.8,9.0,18.4,10.3,0.4463,82.3,60.32,143208,24.27,60.97,7.67,35.95,19.61,21.91,10.6,11.93,Republican,Republican
Terrell County,texas,119,334,2.2,4.0,39.6,21.7,2.9,19.9,9.6,0.3844,66.441,0.14,760,48.68,46.32,1.05,32.97,15.38,17.58,14.56,19.51,Republican,Republican
Terry County,texas,757,2812,14.7,9.3,33.8,24.9,6.3,8.1,2.9,0.47,67.747,5.13,11831,55.52,38.87,3.29,24.32,22.54,18.47,19.91,14.76,Republican,Republican
Throckmorton County,texas,82,806,6.2,3.6,38.9,25.1,6.0,15.1,5.1,0.4228,66.57,0.61,1440,10.07,86.67,0.07,35.56,15.53,17.98,14.71,16.21,Republican,Republican
Titus County,texas,2856,7570,12.6,9.8,37.3,17.3,7.6,10.8,4.6,0.4358,72.023,29.74,31247,43.78,42.92,9.23,25.18,18.34,18.57,10.1,27.81,Republican,Republican
Tom Green County,texas,12239,32313,6.2,7.2,28.4,26.2,7.4,16.4,8.3,0.4476,86.111,30.25,120003,39.22,51.99,3.34,33.42,17.49,23.96,12.24,12.9,Republican,Republican
Travis County,texas,435860,161337,5.3,3.8,15.0,16.5,5.6,33.4,20.3,0.4772,76.763,500.56,1290188,32.64,47.5,7.46,54.36,13.07,18.95,6.28,7.34,Democrat,Republican
Trinity County,texas,1323,5579,5.3,8.3,38.9,26.0,6.6,11.3,3.5,0.4586,71.207,7.64,13602,9.66,77.44,7.98,35.05,19.52,18.76,12.36,14.31,Republican,Republican
Tyler County,texas,1403,8194,5.8,11.6,41.6,22.9,4.9,8.7,4.4,0.5181,80.667,8.34,19798,7.68,77.29,10.3,30.06,18.26,19.58,16.37,15.73,Republican,Republican
Upshur County,texas,2877,15809,4.3,9.2,33.1,26.6,9.9,12.2,4.8,0.4544,80.248,27.33,40892,9.75,76.51,7.11,30.41,14.25,23.97,15.6,15.78,Republican,Republican
Upton County,texas,170,1178,11.5,9.5,43.8,18.9,6.6,6.7,2.9,0.4299,69.047,1.02,3308,54.32,39.84,1.78,32.65,16.18,17.13,22.21,11.84,Republican,Republican
Uvalde County,texas,4073,6174,12.4,11.5,27.1,21.2,8.7,14.2,4.9,0.5044,72.307,6.18,24564,70.5,26.92,0.44,28.95,23.92,20.89,16.97,9.27,Republican,Republican
Val Verde County,texas,6771,8284,16.1,10.4,27.4,17.4,8.5,12.2,8.0,0.4389,71.313,5.86,47586,80.29,16.47,1.13,25.96,23.65,23.57,11.7,15.11,Republican,Republican
Van Zandt County,texas,3516,22270,4.2,9.8,33.3,27.4,8.3,12.2,4.9,0.4676,85.932,27.52,59541,11.88,80.59,2.55,31.19,17.5,21.79,16.13,13.39,Republican,Republican
Victoria County,texas,10380,23358,6.7,9.5,30.3,24.6,9.7,13.9,5.3,0.4424,83.95,39.92,91319,47.01,43.07,5.73,30.43,18.87,22.33,12.78,15.59,Republican,Republican
Walker County,texas,7884,15375,5.9,8.8,38.2,21.2,6.5,12.5,6.8,0.4672,65.076,38.0,76400,21.7,52.12,21.44,26.08,28.62,18.64,10.38,16.29,Republican,Republican
Waller County,texas,8191,14260,6.7,6.6,31.3,25.6,4.9,18.3,6.6,0.4633,76.763,43.22,56794,32.55,41.37,21.31,35.64,17.08,22.81,11.84,12.63,Republican,Republican
Ward County,texas,764,3241,10.1,9.6,37.7,25.5,5.7,8.6,2.7,0.4249,89.224,5.24,11644,54.32,38.7,3.56,27.06,15.52,21.11,15.69,20.62,Republican,Republican
Washington County,texas,4261,12959,4.1,6.2,31.5,21.7,7.6,19.1,9.7,0.4888,96.797,22.88,35805,17.94,61.51,15.51,36.5,17.11,19.56,12.49,14.34,Republican,Republican
Webb County,texas,41820,25898,15.9,15.0,21.9,18.8,7.8,14.7,5.9,0.4614,78.814,30.7,267114,95.22,3.55,0.3,26.01,22.4,24.91,10.67,16.02,Democrat,Republican
Wharton County,texas,4694,11926,8.4,10.3,31.1,21.6,10.4,12.9,5.2,0.453,78.675,14.79,41570,40.82,43.61,13.16,27.09,18.41,20.64,15.99,17.87,Republican,Republican
Wheeler County,texas,168,2159,6.9,7.3,39.7,23.4,5.5,14.5,2.7,0.4338,75.121,2.1,4990,24.59,69.52,1.62,26.65,22.78,20.89,21.06,8.62,Republican,Republican
Wichita County,texas,13161,32069,5.5,7.0,31.8,23.5,8.3,15.1,8.7,0.4596,78.508,79.72,129350,19.95,61.61,10.34,33.21,20.37,20.51,9.7,16.21,Republican,Republican
Wilbarger County,texas,956,3524,8.7,12.9,33.2,22.7,6.0,12.7,4.0,0.4089,62.488,5.09,12887,28.97,54.41,7.86,25.91,27.15,19.33,9.52,18.09,Republican,Republican
Willacy County,texas,3108,2441,17.1,15.5,37.0,14.6,5.3,7.7,2.8,0.4728,59.226,13.28,20164,87.34,8.95,2.21,20.31,26.25,18.27,19.38,15.78,Democrat,Republican
Williamson County,texas,143795,139729,2.8,3.1,18.1,20.8,8.9,29.9,16.4,0.4031,76.763,213.63,609017,24.15,55.24,6.33,50.46,12.81,21.95,6.51,8.27,Democrat,Republican
Wilson County,texas,6350,18463,4.7,4.5,32.7,23.6,9.1,18.1,7.3,0.4458,76.763,24.2,49753,38.65,56.03,1.39,36.77,14.74,22.51,12.51,13.47,Republican,Republican
Winkler County,texas,358,1753,12.5,15.1,36.3,21.1,5.9,7.5,1.6,0.336,91.621,3.48,7791,60.74,34.68,1.78,20.89,16.39,17.69,19.62,25.41,Republican,Republican
Wise County,texas,4973,27032,5.7,7.3,33.9,24.5,7.8,14.9,5.9,0.4112,76.763,29.91,68632,19.95,73.57,0.96,31.65,16.4,22.11,12.1,17.73,Republican,Republican
Wood County,texas,3509,19049,5.3,8.6,31.7,26.3,7.0,12.8,8.3,0.47,83.609,27.13,44843,10.91,80.07,3.7,31.67,13.42,20.5,17.68,16.73,Republican,Republican
Yoakum County,texas,420,2174,19.2,12.3,28.1,25.6,5.1,8.6,1.1,0.4244,98.866,3.68,7694,64.57,32.34,0.71,29.81,12.72,12.66,31.4,13.42,Republican,Republican
Young County,texas,1034,7110,5.2,6.7,32.8,24.7,8.0,16.1,6.4,0.445,83.47,7.56,17867,19.63,75.05,0.97,27.42,20.25,19.73,16.94,15.66,Republican,Republican
Zapata County,texas,1826,2033,19.7,14.7,29.6,18.4,6.2,9.1,2.2,0.5195,56.419,5.37,13889,93.59,5.73,0.06,23.08,19.41,19.53,21.6,16.37,Republican,Republican
Zavala County,texas,2864,1490,16.5,11.0,28.2,21.8,8.8,10.1,3.7,0.3978,60.004,2.89,9670,92.49,5.92,0.69,29.18,17.07,16.09,21.44,16.22,Democrat,Republican
Beaver County,utah,357,2695,3.2,4.6,27.4,23.6,13.7,21.8,5.8,0.3321,86.27,1.06,7072,15.07,80.84,0.33,36.36,16.09,16.42,14.52,16.61,Republican,Republican
Box Elder County,utah,4473,21548,2.1,4.5,32.2,26.0,9.4,18.6,7.2,0.4083,91.694,3.89,57666,9.6,85.6,0.28,33.07,15.69,18.29,11.06,21.89,Republican,Republican
Cache County,utah,16650,38032,2.4,3.4,20.1,26.4,7.7,25.4,14.6,0.4265,92.46,44.56,133154,11.32,82.14,0.78,38.8,15.87,20.81,7.33,17.19,Republican,Republican
Carbon County,utah,2392,6693,2.4,5.6,29.3,29.9,16.1,11.8,5.0,0.4233,66.194,5.31,20412,13.11,81.55,0.24,27.65,14.06,26.15,15.04,17.09,Republican,Republican
Daggett County,utah,111,496,0.7,6.5,29.4,36.6,8.6,12.4,5.8,0.3943,73.434,0.35,935,3.1,94.22,0.11,25.3,22.09,30.52,13.25,8.84,Republican,Republican
Davis County,utah,57411,104135,1.4,2.9,21.2,25.5,10.6,25.5,12.9,0.3966,76.763,431.66,362679,10.83,80.64,1.11,44.31,13.04,22.58,7.74,12.33,Republican,Republican
Duchesne County,utah,843,7513,2.2,8.7,39.2,26.5,9.1,9.8,4.5,0.4141,86.012,2.36,19596,6.56,85.41,0.11,31.26,13.4,18.52,16.81,20.0,Republican,Republican
Emery County,utah,572,4207,2.1,4.6,31.1,30.1,16.5,9.1,6.5,0.3684,78.765,0.86,9825,7.18,89.68,0.02,27.58,18.38,16.57,22.46,15.01,Republican,Republican
Garfield County,utah,514,2158,1.4,2.7,29.1,24.5,12.0,21.0,9.4,0.4324,72.278,0.38,5083,7.55,87.47,0.1,35.0,30.59,12.45,11.25,10.7,Republican,Republican
Grand County,utah,2806,2248,1.9,3.6,23.1,28.7,11.0,21.5,10.2,0.4553,80.818,1.02,9669,12.68,77.37,0.67,35.18,26.78,22.58,8.31,7.14,Democrat,Republican
Iron County,utah,4892,18989,2.0,5.0,23.9,27.7,11.1,20.3,10.0,0.4207,80.86,6.8,57289,9.57,83.12,0.65,31.85,19.95,22.24,11.9,14.07,Republican,Republican
Juab County,utah,645,5087,1.3,5.1,34.1,27.0,11.1,14.7,6.7,0.3804,99.208,1.36,11786,4.87,91.47,0.09,35.92,14.65,17.92,13.61,17.9,Republican,Republican
Kane County,utah,1083,2998,1.5,4.1,26.4,25.7,9.8,22.1,10.3,0.4642,89.463,0.76,7667,4.2,90.31,0.35,37.42,24.37,24.83,5.21,8.15,Republican,Republican
Millard County,utah,624,5404,3.2,6.2,32.5,24.4,10.1,18.0,5.5,0.3943,82.688,0.74,12975,13.67,81.97,0.12,27.12,18.26,18.76,15.77,20.09,Republican,Republican
Morgan County,utah,1086,5181,0.6,1.1,22.9,26.1,11.6,24.0,13.6,0.3741,76.763,7.84,12295,2.75,94.04,0.1,52.79,12.68,14.47,10.94,9.12,Republican,Republican
Piute County,utah,86,773,4.6,6.5,34.6,23.7,11.0,13.9,5.8,0.4758,49.356,0.9,1438,8.62,88.73,0.0,42.91,11.42,8.48,27.51,9.69,Republican,Republican
Rich County,utah,180,1157,1.9,2.3,21.3,35.1,12.5,16.4,10.5,0.3703,81.732,0.95,2510,3.86,92.79,0.44,26.3,15.19,29.87,16.41,12.23,Republican,Republican
Salt Lake County,utah,289906,230174,3.3,4.9,22.3,22.6,9.2,24.3,13.4,0.4295,76.763,605.5,1185238,19.58,67.57,1.85,42.44,13.54,22.67,8.49,12.86,Democrat,Republican
San Juan County,utah,3113,3535,6.0,6.2,31.0,27.4,10.3,12.9,6.1,0.5061,75.391,0.72,14518,5.15,41.59,0.22,35.6,17.42,16.39,16.33,14.26,Republican,Republican
Sanpete County,utah,1794,10459,3.8,6.4,31.2,25.3,10.9,13.2,9.1,0.4126,81.805,7.0,28437,10.7,83.3,0.79,35.31,19.36,17.39,13.21,14.72,Republican,Republican
Sevier County,utah,1084,9052,2.7,5.3,31.4,26.3,11.5,15.3,7.5,0.3859,81.543,4.38,21522,4.89,90.12,0.3,31.43,17.29,23.66,13.57,14.03,Republican,Republican
Summit County,utah,15244,10252,1.6,2.3,15.2,18.3,5.1,35.8,21.6,0.5103,76.763,8.78,42357,11.18,82.89,0.38,50.1,16.05,21.27,6.31,6.27,Democrat,Republican
Tooele County,utah,8943,21014,2.1,5.3,31.8,27.0,11.3,14.8,7.8,0.3816,76.763,4.06,72698,13.1,80.06,0.6,33.87,13.28,22.57,11.23,19.05,Republican,Republican
Uintah County,utah,1663,13261,1.3,10.0,34.2,27.2,9.4,13.4,4.5,0.4184,84.449,3.1,35620,7.96,80.65,0.25,27.71,19.29,21.19,13.46,18.35,Republican,Republican
Utah County,utah,76033,192812,1.8,3.0,16.8,25.4,10.2,29.8,13.0,0.4214,76.763,128.29,659399,13.43,78.63,0.62,44.22,14.56,22.78,7.89,10.56,Republican,Republican
Wasatch County,utah,6187,10795,2.6,1.9,18.9,20.7,9.2,30.8,15.9,0.4833,76.763,11.48,34788,14.51,80.97,0.41,43.78,17.58,18.57,9.96,10.11,Republican,Republican
Washington County,utah,20530,67294,1.7,3.9,21.1,27.3,13.2,20.6,12.2,0.4464,99.534,29.15,180279,11.36,81.8,0.51,36.59,17.0,24.84,8.84,12.73,Republican,Republican
Wayne County,utah,365,1229,0.6,6.3,23.6,29.3,17.9,15.3,6.9,0.3715,78.61,0.4,2486,3.86,91.19,0.04,40.97,11.62,19.15,16.09,12.17,Republican,Republican
Weber County,utah,40695,65949,2.6,5.1,29.1,26.3,9.8,18.8,8.2,0.3964,99.422,166.16,262223,18.59,73.94,1.22,35.74,14.73,22.85,10.41,16.26,Republican,Republican
Addison County,vermont,15089,6567,1.4,4.2,29.1,15.8,7.7,24.3,17.5,0.4127,76.763,18.86,37363,3.09,89.5,0.92,42.41,13.51,19.66,12.58,11.83,Democrat,Democrat
Bennington County,vermont,11858,6724,1.9,4.0,28.1,18.4,8.2,21.4,18.0,0.4768,94.727,21.37,37347,2.51,90.76,1.08,43.69,16.84,20.98,7.52,10.96,Democrat,Democrat
Caledonia County,vermont,8529,5924,1.9,4.4,33.3,21.4,7.6,19.2,12.3,0.4544,84.309,18.09,30233,2.0,90.84,0.71,36.36,16.84,19.13,13.07,14.6,Democrat,Democrat
Chittenden County,vermont,72938,20104,1.6,3.1,16.8,14.2,8.6,32.1,23.6,0.4444,76.763,121.05,168323,2.82,84.88,2.83,53.37,14.89,18.31,6.09,7.34,Democrat,Democrat
Essex County,vermont,1890,2164,2.7,8.4,43.1,18.0,7.6,11.3,8.9,0.4432,71.462,3.48,5920,1.13,93.65,0.25,33.9,17.77,16.44,14.92,16.97,Republican,Democrat
Franklin County,vermont,13612,11274,2.9,5.2,37.5,17.2,9.9,17.5,9.9,0.4051,88.809,30.66,49946,1.83,90.58,0.64,39.41,12.57,18.65,12.5,16.86,Democrat,Democrat
Grand Isle County,vermont,3346,2194,1.0,3.0,31.7,13.5,8.3,25.1,17.5,0.4352,76.763,34.63,7293,1.74,91.83,0.67,48.01,13.78,18.08,11.07,9.05,Democrat,Democrat
Lamoille County,vermont,10773,4171,1.3,4.5,23.0,20.0,8.4,27.2,15.6,0.4614,98.575,21.74,25945,2.51,90.9,0.84,41.38,18.2,19.01,12.05,9.37,Democrat,Democrat
Orange County,vermont,8351,5782,1.8,4.2,33.4,14.3,11.1,19.1,16.1,0.3879,89.027,16.54,29277,1.63,91.72,0.52,44.67,15.11,15.78,13.53,10.91,Democrat,Democrat
Orleans County,vermont,7757,7086,3.0,5.4,37.6,16.6,9.5,17.3,10.4,0.418,79.444,15.26,27393,1.69,92.21,0.46,37.84,17.23,19.68,12.29,12.95,Democrat,Democrat
Rutland County,vermont,18746,14625,1.8,4.6,33.9,17.1,9.5,20.0,13.0,0.4566,83.665,25.14,60572,2.02,90.95,0.81,36.92,19.31,17.92,11.88,13.97,Democrat,Democrat
Washington County,vermont,25101,8707,1.6,3.2,25.7,16.1,7.1,27.1,19.1,0.4353,98.63,33.59,59807,2.62,89.8,1.02,48.62,14.65,17.63,10.64,8.46,Democrat,Democrat
Windham County,vermont,20057,7251,1.0,4.7,30.3,16.5,7.0,21.2,19.2,0.4673,90.021,22.53,45905,2.9,89.34,1.08,42.44,16.91,16.56,11.59,12.5,Democrat,Democrat
Windsor County,vermont,24779,10135,1.5,3.6,28.9,16.4,8.8,24.1,16.7,0.4692,98.098,23.04,57753,2.13,90.97,0.78,44.91,18.79,15.76,10.04,10.5,Democrat,Democrat
Accomack County,virginia,7578,9172,6.5,11.9,33.0,18.8,8.4,12.2,9.2,0.4523,73.075,28.67,33413,10.27,59.33,25.86,24.65,19.52,19.59,13.96,22.28,Republican,Democrat
Albemarle County,virginia,42466,20804,2.3,3.8,14.7,13.3,5.8,30.1,30.1,0.479,76.763,60.3,112395,7.52,71.48,8.71,58.16,15.25,16.62,5.21,4.75,Democrat,Democrat
Alexandria city,virginia,66240,14544,3.5,2.8,10.5,12.0,5.2,31.7,34.3,0.4589,76.763,4074.3,159467,18.42,49.24,19.64,62.57,13.82,13.23,4.55,5.84,Democrat,Democrat
Alleghany County,virginia,2243,5859,3.4,8.4,43.4,22.1,7.4,8.7,6.6,0.4621,68.475,13.11,15223,1.17,90.35,4.44,29.7,19.82,15.74,11.91,22.82,Republican,Democrat
Amelia County,virginia,2411,5390,5.2,8.4,45.3,15.5,7.9,12.8,5.0,0.4294,83.253,14.46,13265,3.2,73.03,19.19,29.92,14.91,18.03,21.26,15.88,Republican,Democrat
Amherst County,virginia,5672,11041,4.3,8.0,37.9,18.1,9.8,13.4,8.4,0.4527,84.089,25.6,31307,2.68,73.36,17.08,33.98,16.93,19.56,11.41,18.12,Republican,Democrat
Appomattox County,virginia,2418,6702,3.8,6.3,39.7,23.5,7.4,14.2,5.1,0.4216,74.825,18.78,16119,2.13,75.41,17.85,31.1,14.71,25.18,12.55,16.46,Republican,Democrat
Arlington County,virginia,105344,22318,3.0,1.7,7.3,8.0,3.3,35.7,41.1,0.4525,76.763,3502.82,238643,15.66,58.52,8.52,73.28,8.78,12.16,2.53,3.25,Democrat,Democrat
Augusta County,virginia,10840,30714,3.7,6.5,40.3,18.9,7.4,15.6,7.6,0.3979,89.194,30.91,77487,3.52,88.24,3.96,34.54,14.78,21.16,11.24,18.28,Republican,Democrat
Bath County,virginia,646,1834,6.5,7.5,36.6,24.0,7.0,12.7,5.7,0.474,74.381,3.05,4209,1.73,91.26,2.71,36.57,22.13,15.46,17.8,8.04,Republican,Democrat
Bedford County,virginia,12176,35600,2.5,5.0,29.4,21.5,9.0,19.9,12.7,0.441,98.237,40.52,79462,2.59,85.74,6.12,42.93,12.61,20.62,9.69,14.16,Republican,Democrat
Bland County,virginia,532,2903,2.1,6.0,45.5,22.1,7.9,11.3,5.1,0.377,74.177,6.74,6270,0.96,93.41,2.66,26.49,11.75,25.7,14.43,21.62,Republican,Democrat
Botetourt County,virginia,5700,15099,2.5,4.0,35.1,18.8,12.0,17.2,10.5,0.4298,99.52,24.06,33596,2.31,90.8,2.69,34.39,17.32,25.05,8.7,14.53,Republican,Democrat
Bristol city,virginia,2313,5347,2.6,11.1,30.6,24.7,8.1,11.8,11.0,0.4824,66.716,510.98,17219,2.64,85.09,5.85,33.0,20.54,23.32,6.84,16.3,Republican,Democrat
Brunswick County,virginia,4552,3357,6.6,16.9,34.5,19.2,6.8,9.9,6.1,0.4291,67.794,10.89,15849,2.44,40.74,54.09,23.95,22.33,21.14,6.6,25.98,Democrat,Democrat
Buchanan County,virginia,1587,8311,10.2,15.5,39.4,16.9,7.0,5.5,5.4,0.4718,55.86,15.55,20355,0.87,94.37,3.01,29.1,14.79,18.8,22.67,14.64,Republican,Democrat
Buckingham County,virginia,3471,4544,6.7,9.2,45.3,20.4,6.3,7.8,4.3,0.429,73.274,11.24,16824,2.45,61.31,32.04,24.45,17.23,19.85,18.39,20.07,Republican,Democrat
Buena Vista city,virginia,825,1863,5.6,13.2,32.7,19.5,7.7,13.1,8.3,0.5618,81.044,398.26,6641,3.45,85.23,4.35,29.36,35.45,15.98,7.86,11.36,Republican,Democrat
Campbell County,virginia,8070,21245,3.5,6.1,34.3,22.5,9.0,16.4,8.2,0.4188,76.036,42.6,55696,3.26,77.0,13.93,33.94,16.25,20.86,9.15,19.8,Republican,Democrat
Caroline County,virginia,7657,8336,2.7,7.9,40.0,19.3,7.7,13.8,8.5,0.4114,76.763,22.83,30887,6.37,61.0,24.69,36.68,14.29,22.77,12.1,14.17,Republican,Democrat
Carroll County,virginia,2842,12659,6.8,10.1,38.1,17.7,11.3,11.3,4.6,0.4374,63.652,23.69,29155,3.57,92.75,0.56,33.64,16.7,16.13,12.29,21.25,Republican,Democrat
Charles City County,virginia,2624,1761,3.5,11.6,40.1,20.9,7.8,11.8,4.4,0.4538,85.855,14.27,6773,1.49,44.25,41.87,28.58,17.53,21.22,14.11,18.56,Democrat,Democrat
Charlotte County,virginia,2317,3815,4.5,11.0,38.0,19.7,10.1,9.7,7.0,0.4587,65.796,9.39,11529,2.19,66.59,27.24,30.92,16.61,21.97,13.5,17.0,Republican,Democrat
Charlottesville city,virginia,20696,3094,3.1,4.9,15.7,12.3,5.0,28.0,30.9,0.5385,76.763,1744.12,46553,6.89,63.6,15.1,60.52,15.83,14.7,2.92,6.04,Democrat,Democrat
Chesapeake city,virginia,66377,58180,2.5,4.2,23.5,24.0,10.1,22.2,13.6,0.4155,76.763,284.48,249422,7.15,54.4,28.42,43.92,16.01,19.78,9.15,11.14,Democrat,Democrat
Chesterfield County,virginia,106935,93326,3.1,4.3,22.3,19.4,8.6,25.9,16.4,0.4209,76.763,333.69,364548,11.04,57.85,22.35,46.95,13.76,20.5,8.0,10.79,Democrat,Democrat
Clarke County,virginia,3920,5192,1.8,4.5,29.5,21.6,8.2,22.2,12.3,0.4137,76.763,32.66,14783,6.0,83.26,3.82,46.67,13.18,20.66,10.21,9.28,Republican,Democrat
Colonial Heights city,virginia,2972,6007,4.2,4.3,31.0,22.6,9.8,16.9,11.2,0.4125,87.287,932.14,18170,7.02,68.29,15.67,39.36,15.2,21.89,9.36,14.21,Republican,Democrat
Covington city,virginia,964,1580,2.6,8.8,48.0,22.1,7.1,7.4,4.0,0.3966,55.199,404.1,5737,3.12,79.15,12.48,23.21,22.1,24.14,15.78,14.76,Republican,Democrat
Craig County,virginia,587,2536,2.8,9.2,41.7,19.2,11.0,10.9,5.1,0.3917,83.74,5.76,4892,1.08,94.66,0.22,33.5,12.97,22.38,10.67,20.48,Republican,Democrat
Culpeper County,virginia,10617,16012,3.6,7.0,34.0,19.4,9.1,17.6,9.3,0.4128,76.763,53.79,52552,14.29,66.3,12.28,37.39,18.07,20.13,10.94,13.47,Republican,Democrat
Cumberland County,virginia,2227,3019,5.8,8.1,34.7,22.1,10.8,9.8,8.8,0.4965,91.502,12.59,9675,2.49,63.09,29.12,28.29,23.75,22.86,14.38,10.71,Republican,Democrat
Danville city,virginia,11710,7428,4.8,10.7,38.4,18.5,8.9,11.6,7.0,0.494,59.489,383.43,42590,4.87,39.64,51.03,26.17,22.11,20.29,8.49,22.94,Democrat,Democrat
Dickenson County,virginia,1503,5748,7.2,11.5,39.3,21.2,9.4,9.3,2.1,0.4843,56.343,16.46,14124,0.59,96.93,0.34,35.55,23.05,19.25,12.05,10.08,Republican,Democrat
Dinwiddie County,virginia,6224,8695,3.5,7.0,39.5,20.9,11.3,11.0,6.8,0.4228,92.305,21.5,27947,4.04,62.07,29.04,30.68,14.44,22.97,11.67,20.24,Republican,Democrat
Emporia city,virginia,1612,754,8.4,14.7,35.2,15.6,9.7,9.6,6.9,0.4513,61.212,317.67,5766,5.98,26.52,62.97,21.33,18.22,19.68,7.55,33.23,Democrat,Democrat
Essex County,virginia,3038,3075,5.8,11.6,36.3,25.9,5.0,10.1,5.2,0.4421,67.229,15.91,10599,3.48,55.39,35.31,31.39,16.88,20.88,15.83,15.02,Republican,Democrat
Fairfax County,virginia,419943,168401,3.5,3.0,12.2,11.7,5.5,31.8,32.3,0.4323,76.763,1130.95,1150309,17.32,47.12,9.42,61.5,13.5,15.14,4.61,5.25,Democrat,Democrat
Fairfax city,virginia,9174,4007,3.7,4.1,14.1,12.1,5.9,31.0,29.0,0.4289,76.763,1500.12,24146,17.72,53.47,4.36,57.41,16.44,15.39,3.88,6.87,Democrat,Democrat
Falls Church city,virginia,7146,1490,1.5,1.1,7.1,9.2,2.2,30.6,48.3,0.439,76.763,2750.19,14658,10.43,67.92,3.78,71.17,9.96,14.15,2.2,2.51,Democrat,Democrat
Fauquier County,virginia,17565,25106,2.9,4.8,24.3,21.6,6.9,24.1,15.3,0.4165,76.763,43.67,72972,10.68,75.33,6.85,46.82,14.9,18.58,11.13,8.57,Republican,Democrat
Floyd County,virginia,3004,6225,3.6,5.6,38.0,17.3,12.4,13.6,9.6,0.421,71.387,15.74,15476,3.15,91.2,1.51,37.18,13.96,15.15,13.04,20.67,Republican,Democrat
Fluvanna County,virginia,7414,8155,1.7,5.0,25.0,24.0,8.5,22.5,13.3,0.4839,76.763,36.9,27249,4.06,76.19,13.46,43.21,17.85,18.56,11.02,9.37,Republican,Democrat
Franklin County,virginia,8381,20895,3.7,6.6,34.5,21.5,9.8,15.3,8.5,0.4691,89.849,30.66,54477,3.59,84.84,7.06,35.07,17.34,20.13,11.19,16.26,Republican,Democrat
Franklin city,virginia,2525,1487,4.0,11.8,32.4,20.3,8.3,13.0,10.2,0.4336,70.7,382.18,8180,2.67,36.26,56.36,29.37,22.85,19.45,10.18,18.15,Democrat,Democrat
Frederick County,virginia,17207,30558,4.3,7.1,31.2,20.9,7.5,17.0,12.0,0.4042,76.763,85.99,91419,10.93,78.47,3.94,39.77,15.04,20.9,10.74,13.56,Republican,Democrat
Fredericksburg city,virginia,8517,4037,3.8,3.7,21.5,22.6,5.0,24.9,18.6,0.4579,76.763,1043.89,27982,12.41,54.32,21.29,49.81,15.71,18.42,6.42,9.64,Democrat,Democrat
Galax city,virginia,777,1838,7.3,12.5,25.7,26.3,10.8,10.2,7.2,0.5161,73.068,313.5,6720,15.79,74.03,5.27,30.83,19.21,26.39,7.4,16.17,Republican,Democrat
Giles County,virginia,2156,6876,3.3,6.3,40.8,21.9,8.4,11.3,7.9,0.3925,73.546,18.06,16787,1.45,93.36,1.42,27.26,18.93,18.96,12.44,22.41,Republican,Democrat
Gloucester County,virginia,6964,14875,2.6,7.5,30.4,24.9,9.2,16.0,9.5,0.3885,76.763,68.91,38711,3.64,82.6,6.99,35.25,17.16,21.76,12.91,12.91,Republican,Democrat
Goochland County,virginia,6685,9966,2.0,3.8,23.2,18.8,7.7,25.0,19.5,0.4929,76.763,34.1,24727,3.49,77.17,13.15,48.97,14.22,22.83,8.07,5.9,Republican,Democrat
Grayson County,virginia,1535,6529,5.8,11.2,39.5,16.9,12.5,10.3,3.8,0.4706,62.651,13.42,15333,3.89,87.37,5.78,30.04,21.13,15.58,10.73,22.52,Republican,Democrat
Greene County,virginia,4163,6866,3.0,7.6,32.3,20.4,8.7,17.3,10.6,0.4027,76.763,51.08,20552,6.47,78.89,7.02,35.83,14.48,24.33,14.23,11.12,Republican,Democrat
Greensville County,virginia,2627,1914,7.9,12.4,39.2,19.9,7.1,8.7,4.7,0.4617,74.132,14.87,11391,2.42,37.02,58.08,31.19,27.04,19.07,8.55,14.15,Democrat,Democrat
Halifax County,virginia,7666,10418,7.3,10.6,36.1,19.5,9.5,11.4,5.7,0.4493,63.524,16.06,34022,2.23,59.52,34.5,29.95,19.94,17.5,9.8,22.8,Republican,Democrat
Hampton city,virginia,46220,18430,2.4,4.9,29.2,24.7,11.1,16.8,10.8,0.4368,81.921,1029.54,137148,6.13,36.01,48.58,37.06,18.29,21.37,8.64,14.63,Democrat,Democrat
Hanover County,virginia,25307,44318,2.0,3.6,24.3,19.9,8.3,26.5,15.4,0.4191,76.763,91.26,109979,3.58,80.81,8.8,46.92,12.8,21.89,9.12,9.27,Republican,Democrat
Harrisonburg city,virginia,11022,5591,9.2,7.2,25.7,14.6,8.0,19.8,15.4,0.4802,75.009,1153.32,51814,23.25,60.71,7.54,36.66,21.32,16.99,9.13,15.9,Democrat,Democrat
Henrico County,virginia,116572,63440,2.7,4.4,21.7,19.0,6.8,26.7,18.7,0.4656,76.763,550.36,334389,6.6,49.95,28.81,46.91,15.3,21.63,6.01,10.14,Democrat,Democrat
Henry County,virginia,9127,16725,7.6,11.1,36.0,19.7,11.1,9.3,5.1,0.442,58.729,51.26,50948,6.48,67.34,21.71,29.47,16.64,21.48,11.55,20.85,Republican,Democrat
Highland County,virginia,417,1092,4.2,5.8,37.5,17.8,4.1,20.2,10.5,0.3778,71.672,2.09,2232,1.57,95.52,0.09,41.41,11.25,21.14,17.43,8.78,Republican,Democrat
Hopewell city,virginia,5430,4020,4.6,8.6,42.1,24.4,9.2,7.3,3.8,0.4417,63.46,859.28,23033,8.2,42.63,42.07,22.49,19.9,23.6,9.63,24.38,Democrat,Democrat
Isle of Wight County,virginia,9399,13707,2.0,6.8,28.8,22.8,9.9,17.7,12.1,0.4359,76.763,47.57,38606,3.11,68.41,22.22,42.95,16.59,17.03,9.65,13.78,Republican,Democrat
James City County,virginia,25553,23153,1.5,2.8,19.3,17.6,8.8,26.2,23.8,0.4161,76.763,213.86,78254,6.64,72.39,12.56,48.08,15.56,21.93,6.33,8.1,Democrat,Democrat
King George County,virginia,5404,8446,3.6,6.1,27.6,20.5,7.4,20.5,14.3,0.3861,76.763,58.0,26723,5.92,70.01,14.67,50.63,12.71,17.65,7.92,11.09,Republican,Democrat
King William County,virginia,3260,7320,1.1,5.4,35.1,25.7,7.9,18.6,6.2,0.3759,91.0,25.15,17810,2.67,75.79,14.51,37.62,16.35,22.73,12.08,11.22,Republican,Democrat
King and Queen County,virginia,1590,2450,2.9,10.7,33.1,21.7,9.1,16.8,5.8,0.4467,89.188,8.19,6608,2.75,67.49,23.62,35.6,19.65,16.56,16.74,11.44,Republican,Democrat
Lancaster County,virginia,3368,3697,3.8,9.8,28.9,16.9,8.3,18.3,14.0,0.5093,93.271,31.47,10919,1.14,68.15,26.98,38.28,18.56,17.31,10.54,15.3,Republican,Democrat
Lee County,virginia,1489,8365,8.4,9.9,36.7,26.2,7.3,8.5,3.1,0.4858,58.254,19.76,22173,2.15,91.07,3.91,31.55,21.01,17.9,13.33,16.22,Republican,Democrat
Lexington city,virginia,1791,906,1.5,2.3,22.8,8.7,4.5,30.9,29.3,0.411,90.644,1135.39,7320,4.58,82.17,6.2,53.38,18.95,20.83,1.67,5.16,Democrat,Democrat
Loudoun County,virginia,138372,82088,2.8,2.9,11.3,13.5,6.1,35.7,27.8,0.3919,76.763,315.01,420959,14.19,51.52,7.06,62.14,11.89,16.53,3.92,5.51,Democrat,Democrat
Louisa County,virginia,8269,13294,4.0,7.3,33.8,21.4,7.6,14.7,11.1,0.4477,76.763,29.72,37596,3.63,75.9,14.27,36.95,16.8,23.0,10.83,12.42,Republican,Democrat
Lunenburg County,virginia,2418,3537,7.9,13.4,36.4,24.1,7.1,7.4,3.7,0.4088,65.633,10.72,11936,4.93,58.78,31.61,27.49,17.01,17.96,16.39,21.16,Republican,Democrat
Lynchburg city,virginia,18048,17097,3.2,6.5,23.8,20.8,7.7,22.7,15.3,0.4484,74.955,624.09,79009,4.91,60.31,26.87,40.65,20.57,19.95,5.73,13.11,Democrat,Democrat
Madison County,virginia,2698,5300,3.6,9.4,34.8,20.6,7.1,12.7,11.8,0.4201,91.898,16.65,13837,3.19,83.57,7.63,36.31,20.98,20.79,8.79,13.13,Republican,Democrat
Manassas Park city,virginia,3992,1979,12.5,7.4,31.6,16.7,6.8,17.1,8.0,0.3783,76.763,2178.5,17219,45.29,27.33,12.06,34.35,20.05,22.57,14.34,8.68,Democrat,Democrat
Manassas city,virginia,10356,6256,7.9,6.2,29.0,15.2,7.1,22.0,12.6,0.3785,76.763,1672.03,42772,42.89,34.64,11.49,40.43,17.01,18.09,13.37,11.1,Democrat,Democrat
Martinsville city,virginia,3766,2165,5.5,8.0,31.4,19.2,15.6,12.7,7.6,0.5135,60.505,477.23,13485,7.6,42.51,44.81,28.39,17.28,23.95,7.76,22.61,Democrat,Democrat
Mathews County,virginia,1825,3901,0.5,5.3,31.4,23.5,9.6,21.7,8.1,0.437,76.763,38.37,8533,2.31,84.96,7.71,43.03,11.21,19.67,18.42,7.67,Republican,Democrat
Mecklenburg County,virginia,6803,9266,5.3,8.2,34.3,20.4,10.3,13.1,8.4,0.4766,70.108,18.75,30319,2.71,58.92,34.18,34.63,19.15,17.94,9.61,18.67,Republican,Democrat
Middlesex County,virginia,2491,4196,3.2,7.4,28.6,22.8,8.4,20.0,9.6,0.4111,87.623,31.81,10625,2.44,78.48,14.3,32.62,17.39,26.84,12.69,10.47,Republican,Democrat
Montgomery County,virginia,23218,20629,1.6,3.5,23.6,17.8,7.0,21.7,24.8,0.4921,85.496,99.18,99721,4.66,78.14,4.07,50.46,17.14,17.26,6.01,9.14,Democrat,Democrat
Nelson County,virginia,4327,4812,3.5,9.9,35.1,14.9,6.1,18.2,12.2,0.5027,98.854,12.12,14775,4.49,80.4,10.33,37.31,19.38,17.11,15.91,10.29,Republican,Democrat
New Kent County,virginia,4621,9631,1.1,4.8,29.3,22.1,9.1,23.6,10.0,0.382,76.763,42.82,22945,3.19,77.66,11.83,49.17,11.62,18.08,13.08,8.05,Republican,Democrat
Newport News city,virginia,53099,26377,2.9,5.4,29.6,23.1,10.4,17.5,11.2,0.4559,83.733,1035.91,186247,10.36,38.26,41.27,35.38,19.38,20.59,9.13,15.53,Democrat,Democrat
Norfolk city,virginia,64440,23443,3.2,7.5,24.4,24.2,8.5,19.2,13.0,0.4783,84.497,1717.44,238005,9.72,40.84,39.31,37.31,19.64,22.26,8.93,11.85,Democrat,Democrat
Northampton County,virginia,3667,2955,5.9,7.2,31.0,19.2,7.3,17.5,11.8,0.5002,83.258,22.13,12282,8.7,56.44,30.58,33.83,18.02,20.77,17.11,10.26,Democrat,Democrat
Northumberland County,virginia,3252,4485,4.1,6.7,27.9,19.3,8.2,18.9,14.9,0.5115,98.655,24.22,11839,2.96,70.19,22.58,42.27,14.3,18.36,13.19,11.88,Republican,Democrat
Norton city,virginia,464,1109,3.7,6.1,34.8,26.8,9.1,10.9,8.5,0.5242,57.8,189.36,3687,2.2,87.42,4.85,40.86,17.41,24.92,11.36,5.45,Republican,Democrat
Nottoway County,virginia,2971,4027,5.7,10.5,39.5,20.5,7.7,11.7,4.4,0.453,78.347,19.2,15642,4.94,54.03,36.91,33.0,24.79,17.47,11.9,12.84,Republican,Democrat
Orange County,virginia,7995,12426,3.5,6.7,35.4,19.8,7.3,16.7,10.6,0.4089,76.763,41.49,36254,5.99,75.55,11.87,35.89,18.43,20.51,15.2,9.97,Republican,Democrat
Page County,virginia,3007,9345,5.9,11.7,45.5,16.6,5.6,8.2,6.5,0.4053,70.963,29.58,23709,2.1,92.24,1.84,24.5,22.07,19.64,15.64,18.15,Republican,Democrat
Patrick County,virginia,1954,7485,7.6,8.7,36.0,20.3,11.1,11.3,5.0,0.4768,73.58,14.12,17608,3.22,88.47,4.72,31.88,15.67,17.3,13.23,21.92,Republican,Democrat
Petersburg city,virginia,12389,1584,5.3,8.3,35.9,20.9,7.9,13.5,8.3,0.4518,59.456,565.18,33458,5.89,15.48,73.32,28.67,22.29,21.26,4.93,22.84,Democrat,Democrat
Pittsylvania County,virginia,10115,23751,5.5,10.3,38.1,21.6,9.6,10.4,4.6,0.4426,67.427,24.12,60501,2.83,73.18,20.42,27.9,18.43,21.17,11.87,20.63,Republican,Democrat
Poquoson city,virginia,2054,5605,1.4,2.4,27.3,20.9,9.5,20.7,17.8,0.3523,76.763,313.78,12460,3.72,87.78,0.86,50.3,12.16,20.32,6.84,10.38,Republican,Democrat
Portsmouth city,virginia,30948,12755,2.5,8.0,32.0,26.8,9.4,13.5,7.7,0.466,74.426,1129.09,97915,4.51,35.66,52.68,32.7,19.28,21.66,10.51,15.86,Democrat,Democrat
Powhatan County,virginia,5320,14055,2.0,6.5,27.6,21.8,9.4,23.5,9.3,0.372,76.763,45.26,30333,2.61,84.06,8.17,47.15,12.79,21.36,10.71,7.99,Republican,Democrat
Prince Edward County,virginia,4973,4434,4.7,6.9,35.3,20.5,5.7,16.4,10.5,0.4538,73.707,24.19,21849,4.98,48.12,42.08,34.76,26.64,19.42,5.85,13.33,Democrat,Democrat
Prince George County,virginia,7103,10103,3.1,7.5,30.8,24.6,9.9,16.7,7.4,0.3694,94.603,62.04,43010,10.1,52.69,29.51,35.91,17.69,21.49,11.65,13.26,Republican,Democrat
Prince William County,virginia,142863,81222,5.7,4.4,19.9,18.4,7.9,25.7,18.0,0.3921,76.763,554.08,482204,25.2,38.38,19.69,47.09,16.92,18.65,8.8,8.55,Democrat,Democrat
Pulaski County,virginia,4925,12127,3.3,6.3,34.3,24.6,10.2,12.7,8.5,0.4681,79.535,40.85,33800,2.08,87.92,4.83,31.11,17.71,20.96,10.12,20.1,Republican,Democrat
Radford city,virginia,3358,2786,2.9,3.7,18.3,23.1,7.1,21.4,23.4,0.5174,69.105,653.59,16070,4.76,74.71,13.22,41.17,20.6,21.48,4.04,12.7,Democrat,Democrat
Rappahannock County,virginia,2096,2812,3.6,5.8,29.8,19.8,7.2,18.5,15.3,0.4779,76.763,10.76,7348,3.93,87.7,2.69,39.1,23.48,14.97,14.41,8.03,Republican,Democrat
Richmond County,virginia,1513,2547,8.6,16.3,35.3,12.6,9.4,11.3,6.5,0.3965,82.387,18.08,8923,6.69,62.36,27.11,29.49,20.78,18.96,13.9,16.86,Republican,Democrat
Richmond city,virginia,92175,16603,4.4,6.8,20.6,18.7,5.4,25.7,18.4,0.5219,90.543,1463.64,226610,10.48,42.02,39.93,46.14,18.44,19.45,5.7,10.27,Democrat,Democrat
Roanoke County,virginia,21801,34268,2.6,4.1,27.1,19.2,9.5,24.1,13.4,0.4404,76.763,148.94,96929,3.62,82.46,5.83,45.16,14.64,21.43,5.67,13.1,Republican,Democrat
Roanoke city,virginia,26773,15607,3.4,7.5,34.4,18.9,7.3,17.7,10.7,0.4978,73.683,900.87,100011,8.48,55.94,27.07,35.34,19.27,22.9,7.21,15.29,Democrat,Democrat
Rockbridge County,virginia,4086,8088,3.6,5.8,34.3,20.0,6.2,15.6,14.5,0.4496,85.003,14.67,22650,2.26,89.88,2.49,38.18,17.18,17.4,11.18,16.06,Republican,Democrat
Rockingham County,virginia,12644,30349,5.2,7.7,36.4,15.4,6.6,17.0,11.8,0.4294,95.21,38.12,83757,8.47,85.21,2.11,33.9,17.12,20.14,10.78,18.06,Republican,Democrat
Russell County,virginia,2373,10879,8.7,8.4,40.8,19.2,10.4,8.6,4.0,0.4549,60.359,21.01,25781,0.65,96.02,0.86,29.95,18.56,20.02,13.83,17.64,Republican,Democrat
Salem city,virginia,5148,7683,2.1,4.0,27.1,21.3,13.1,19.2,13.3,0.4582,93.744,674.97,25346,4.29,81.56,7.55,40.14,17.18,22.33,6.91,13.44,Republican,Democrat
Scott County,virginia,1692,9063,8.1,8.9,36.8,21.7,10.6,9.1,4.8,0.4748,60.731,15.52,21576,1.18,95.14,0.62,29.15,17.85,18.84,14.84,19.31,Republican,Democrat
Shenandoah County,virginia,6836,16463,3.9,7.5,40.4,18.7,8.7,12.2,8.5,0.4474,83.715,33.69,44186,8.43,84.42,2.33,29.81,19.71,20.64,11.99,17.85,Republican,Democrat
Smyth County,virginia,3008,10963,5.0,10.3,38.5,18.1,10.6,11.2,6.3,0.4555,60.341,25.49,29800,1.87,93.16,1.37,26.33,17.82,18.85,8.67,28.34,Republican,Democrat
Southampton County,virginia,3969,5730,4.3,8.9,33.0,26.5,8.4,12.9,6.1,0.407,81.318,11.6,17996,1.84,60.9,32.83,39.5,18.14,17.16,9.85,15.35,Republican,Democrat
Spotsylvania County,virginia,34307,39411,3.3,5.7,27.7,22.4,7.7,20.1,13.2,0.4049,76.763,135.53,140032,11.89,62.33,16.02,43.11,16.13,20.94,9.09,10.74,Republican,Democrat
Stafford County,virginia,40245,37636,3.1,4.0,22.0,20.0,7.8,25.9,17.2,0.3752,76.763,226.04,156927,15.07,54.54,18.79,49.02,16.77,18.13,8.32,7.76,Democrat,Democrat
Staunton city,virginia,6981,5695,2.1,5.3,30.5,21.7,6.8,18.6,15.0,0.4619,80.307,495.85,25750,4.23,77.51,11.19,36.64,22.56,19.2,7.01,14.6,Democrat,Democrat
Suffolk city,virginia,28676,20082,3.3,5.5,26.4,23.7,9.0,19.6,12.4,0.4477,76.763,91.75,94324,4.51,46.47,41.55,41.38,15.41,20.92,8.17,14.12,Democrat,Democrat
Surry County,virginia,2397,2025,3.1,9.2,32.6,24.8,6.7,17.5,6.0,0.4207,83.68,9.06,6561,2.27,52.72,40.95,30.0,22.43,16.27,12.81,18.49,Democrat,Democrat
Sussex County,virginia,2827,2219,4.0,14.7,37.7,21.0,7.2,9.8,5.6,0.4299,76.942,8.56,10829,2.83,40.46,53.25,28.16,19.58,14.92,13.78,23.55,Democrat,Democrat
Tazewell County,virginia,3205,16731,5.8,7.8,38.9,21.0,10.5,10.7,5.2,0.4668,65.927,30.06,40429,1.25,92.35,2.38,30.5,19.57,23.36,9.67,16.9,Republican,Democrat
Virginia Beach city,virginia,117393,105087,1.8,3.6,20.7,23.4,10.6,24.7,15.1,0.4298,76.763,722.44,459470,8.79,58.67,17.97,45.13,17.01,20.73,7.59,9.54,Democrat,Democrat
Warren County,virginia,6603,14069,3.9,7.2,34.4,24.4,7.6,14.8,7.7,0.4168,98.262,73.42,40727,5.92,83.07,4.23,36.59,17.21,23.03,11.69,11.48,Republican,Democrat
Washington County,virginia,6617,21679,4.1,6.6,35.8,18.9,10.0,15.7,8.8,0.4595,80.206,37.14,53935,1.65,93.33,1.21,35.88,15.98,21.03,8.96,18.15,Republican,Democrat
Waynesboro city,virginia,4961,5507,4.6,7.2,34.9,18.5,7.6,16.4,10.8,0.446,68.82,576.24,22196,8.76,72.42,11.76,38.0,18.34,19.83,7.53,16.31,Republican,Democrat
Westmoreland County,virginia,4501,5318,7.1,11.1,40.1,17.3,6.9,10.0,7.7,0.4876,82.653,31.11,18477,5.68,63.64,24.19,33.34,19.18,20.67,14.54,12.27,Republican,Democrat
Williamsburg city,virginia,4790,1963,2.4,4.3,16.2,16.8,9.7,26.9,23.7,0.5278,76.763,668.94,15425,7.88,47.78,36.62,41.3,22.19,26.07,2.03,8.42,Democrat,Democrat
Winchester city,virginia,6610,5221,5.5,7.5,27.8,20.3,6.7,18.9,13.3,0.4492,85.752,1180.3,28120,19.54,62.67,9.96,40.7,18.41,16.25,10.12,14.53,Democrat,Democrat
Wise County,virginia,3110,13366,6.9,12.7,34.5,19.8,9.8,9.7,6.5,0.43,58.817,34.55,36130,1.25,90.19,4.9,35.1,18.75,23.9,11.63,10.63,Republican,Democrat
Wythe County,virginia,3143,11733,2.9,7.0,35.7,22.9,11.4,12.0,8.1,0.4671,71.117,23.63,28290,1.25,92.2,2.47,31.36,18.61,19.39,9.66,20.98,Republican,Democrat
York County,virginia,17683,20241,1.8,2.9,17.1,18.6,10.1,27.0,22.5,0.3847,76.763,259.01,70045,7.33,67.0,12.32,54.4,12.8,17.15,7.42,8.24,Republican,Democrat
Adams County,washington,1814,3907,21.7,7.3,31.3,18.3,6.6,9.0,5.7,0.4405,77.207,4.12,20613,63.65,33.13,0.12,24.21,13.69,15.3,28.95,17.84,Republican,Democrat
Asotin County,washington,4250,7319,1.5,5.5,31.3,25.6,13.0,14.4,8.7,0.4657,85.734,13.58,22285,4.11,87.38,0.51,33.36,21.35,21.05,10.36,13.87,Republican,Democrat
Benton County,washington,38706,60365,5.1,4.8,23.3,23.7,10.8,19.7,12.6,0.4266,76.763,47.14,206873,23.85,65.6,1.27,41.59,16.14,17.94,12.24,12.1,Republican,Democrat
Chelan County,washington,19349,22746,8.1,6.5,24.7,21.2,10.0,19.2,10.3,0.4542,99.583,10.45,79074,27.95,65.88,0.32,35.24,18.19,17.53,15.75,13.28,Republican,Democrat
Clallam County,washington,24721,23062,2.1,5.0,24.2,26.3,11.6,18.2,12.6,0.4408,84.791,17.17,77155,6.13,79.27,0.74,36.47,21.68,20.0,11.13,10.73,Democrat,Democrat
Clark County,washington,140324,126303,2.3,4.7,24.9,25.1,10.8,20.5,11.7,0.4258,76.763,309.67,503311,11.68,72.86,2.16,39.15,16.03,20.5,9.44,14.88,Democrat,Democrat
Columbia County,washington,668,1754,3.2,6.9,20.1,29.4,13.7,16.0,10.7,0.4665,88.854,1.77,3952,7.69,84.69,0.15,35.84,16.64,17.73,16.37,13.42,Republican,Democrat
Cowlitz County,washington,23938,34424,3.3,6.6,31.8,28.9,12.7,11.3,5.3,0.4383,89.3,37.43,110730,9.76,79.53,0.67,29.58,18.91,19.62,12.08,19.81,Republican,Democrat
Douglas County,washington,7811,12955,10.0,8.2,27.6,23.2,9.2,15.6,6.2,0.4467,76.763,9.17,42938,34.09,59.26,0.27,29.36,17.12,18.32,21.26,13.93,Republican,Democrat
Ferry County,washington,1486,2771,2.1,6.5,31.9,29.0,12.4,11.6,6.5,0.4819,70.873,1.27,7178,2.93,70.44,0.29,40.34,26.5,14.95,11.66,6.55,Republican,Democrat
Franklin County,washington,13340,18039,14.9,9.3,26.0,20.7,9.2,12.3,7.7,0.4225,76.763,30.07,96749,54.21,38.48,1.66,31.14,17.02,17.31,19.61,14.91,Republican,Democrat
Garfield County,washington,366,1069,1.7,5.5,24.5,27.2,14.2,15.9,11.1,0.3878,70.817,1.25,2286,4.81,89.9,0.13,38.57,15.05,19.12,13.41,13.85,Republican,Democrat
Grant County,washington,11819,24764,11.0,8.6,28.5,24.1,10.1,12.9,4.8,0.4291,83.535,14.29,99123,42.78,50.69,0.66,29.87,16.44,13.85,23.98,15.86,Republican,Democrat
Grays Harbor County,washington,17354,19877,3.5,6.5,35.3,25.8,11.8,11.1,6.1,0.4397,77.581,15.37,75636,10.36,75.45,1.29,30.62,21.94,20.23,12.47,14.74,Republican,Democrat
Island County,washington,29213,22746,1.3,3.1,21.6,27.0,11.7,20.9,14.4,0.4239,76.763,160.22,86857,8.2,75.82,2.61,40.53,16.68,19.98,11.01,11.8,Democrat,Democrat
Jefferson County,washington,17204,6931,0.6,2.4,20.6,24.6,8.4,23.8,19.7,0.4747,89.66,7.07,32977,3.96,85.56,0.63,38.95,18.49,19.62,10.72,12.22,Democrat,Democrat
King County,washington,907310,269167,3.2,3.0,14.7,16.5,7.7,32.0,22.9,0.4766,76.763,411.4,2269675,10.71,54.22,6.51,56.29,13.42,16.47,5.1,8.72,Democrat,Democrat
Kitsap County,washington,90277,61563,1.5,3.3,21.4,26.7,11.8,23.1,12.2,0.4311,76.763,269.13,275611,8.77,72.21,2.66,42.68,16.79,19.27,10.34,10.92,Democrat,Democrat
Kittitas County,washington,11421,14105,1.6,5.3,26.5,22.9,7.7,23.0,13.0,0.4598,91.848,7.47,44337,10.36,79.67,0.86,37.58,22.69,19.99,9.72,10.02,Republican,Democrat
Klickitat County,washington,5959,7237,4.0,6.6,26.7,21.9,10.0,17.2,13.6,0.4563,88.585,4.7,22735,12.81,77.99,0.28,44.11,14.35,14.58,15.5,11.46,Republican,Democrat
Lewis County,washington,14520,29391,3.5,7.0,30.4,27.2,12.2,12.8,7.0,0.4229,83.595,13.28,82149,10.75,79.73,0.65,31.77,17.34,19.15,14.92,16.82,Republican,Democrat
Lincoln County,washington,1713,5150,1.7,5.8,26.9,30.1,12.4,15.3,7.7,0.4366,87.756,1.84,10876,3.54,88.05,0.14,42.8,15.2,16.71,13.41,11.87,Republican,Democrat
Mason County,washington,17269,18710,2.7,6.8,30.2,26.3,12.5,13.4,8.0,0.418,92.313,26.58,65726,11.56,75.45,1.05,35.54,17.71,19.11,15.6,12.03,Republican,Democrat
Okanogan County,washington,8900,11840,6.8,7.1,29.6,22.9,10.8,13.9,8.8,0.4214,73.238,3.1,42104,19.47,62.99,0.38,33.08,16.61,17.46,22.43,10.42,Republican,Democrat
Pacific County,washington,6794,6953,3.2,5.5,29.5,28.6,9.5,16.9,6.8,0.4621,78.637,9.68,23365,9.4,79.64,0.43,31.32,20.07,20.82,14.22,13.57,Republican,Democrat
Pend Oreille County,washington,2593,5728,1.4,5.2,32.1,28.7,11.2,14.1,7.3,0.435,81.442,3.74,13401,3.34,87.19,0.4,32.79,18.11,19.69,17.3,12.12,Republican,Democrat
Pierce County,washington,249506,197730,2.6,5.1,26.4,25.0,11.6,18.8,10.5,0.42,76.763,212.73,921130,12.14,61.86,6.85,36.9,17.1,20.73,10.39,14.89,Democrat,Democrat
San Juan County,washington,9725,3057,1.3,2.9,15.9,20.6,6.7,30.1,22.5,0.5388,76.763,39.96,17788,7.3,84.46,0.27,41.08,19.9,16.73,14.3,7.98,Democrat,Democrat
Skagit County,washington,38252,32762,3.6,5.6,25.7,25.4,11.1,18.0,10.7,0.4355,76.763,28.89,129523,18.37,71.3,0.61,35.97,17.05,18.24,13.57,15.16,Democrat,Democrat
Skamania County,washington,3192,3885,1.4,5.2,31.3,26.8,8.9,15.9,10.4,0.4363,76.763,2.82,12036,6.36,83.58,0.6,40.29,16.33,16.83,11.81,14.74,Republican,Democrat
Snohomish County,washington,256728,166428,2.8,4.5,22.9,23.8,10.7,23.4,12.0,0.4204,76.763,153.28,827957,11.55,63.82,3.43,43.39,15.02,19.48,10.48,11.63,Democrat,Democrat
Spokane County,washington,135765,148576,1.9,3.9,23.4,25.8,13.0,20.5,11.4,0.4524,93.64,117.9,539339,6.55,80.06,1.94,39.6,18.31,21.64,8.22,12.22,Republican,Democrat
Stevens County,washington,7839,19808,1.7,6.2,33.6,26.1,11.4,12.8,8.1,0.4399,82.246,7.29,46445,3.63,83.37,0.3,31.58,19.81,19.97,13.96,14.68,Republican,Democrat
Thurston County,washington,96608,65277,1.8,3.9,22.0,24.7,11.2,22.6,13.8,0.4066,76.763,157.26,294793,9.85,70.55,3.02,42.88,16.85,20.97,8.36,10.93,Democrat,Democrat
Wahkiakum County,washington,1165,1741,3.9,4.0,28.0,27.6,14.3,14.7,7.5,0.4282,73.542,6.57,4422,4.14,86.32,0.47,25.93,24.77,18.66,17.44,13.19,Republican,Democrat
Walla Walla County,washington,13690,16400,4.6,6.5,21.9,25.4,11.8,16.9,12.9,0.4582,89.381,18.89,62584,22.7,68.04,1.57,35.89,21.81,20.41,8.96,12.93,Republican,Democrat
Whatcom County,washington,83660,50489,2.1,4.6,21.9,23.6,10.7,22.3,14.7,0.4463,99.746,41.49,226847,10.06,75.11,0.98,40.02,18.4,18.9,9.7,12.97,Democrat,Democrat
Whitman County,washington,11184,9067,1.2,3.0,14.3,20.7,10.0,27.0,23.9,0.5276,75.687,8.43,47973,8.45,74.12,2.42,52.24,18.25,14.58,6.92,8.01,Democrat,Democrat
Yakima County,washington,43179,50555,13.9,10.4,28.4,20.3,8.7,11.7,6.5,0.4216,80.759,23.03,256728,50.66,40.35,0.67,27.97,17.76,17.36,19.72,17.19,Republican,Democrat
Barbour County,westvirginia,1457,5116,3.6,8.5,54.0,15.7,6.5,6.9,4.9,0.4488,59.463,17.58,15465,1.24,92.98,1.67,25.65,22.28,19.43,18.09,14.56,Republican,Republican
Berkeley County,westvirginia,17186,33279,3.0,6.5,36.3,20.7,9.2,16.0,8.3,0.4042,90.429,148.22,122076,5.65,79.1,7.47,34.33,15.27,19.84,8.77,21.79,Republican,Republican
Boone County,westvirginia,2041,6816,5.2,10.3,47.5,16.1,9.1,6.4,5.3,0.4131,66.394,16.68,21809,0.61,94.97,0.62,30.61,16.59,25.12,15.44,12.23,Republican,Republican
Braxton County,westvirginia,1457,4120,6.2,11.2,52.0,14.8,4.0,8.6,3.1,0.4117,53.962,9.45,12447,0.68,95.92,0.4,19.28,22.19,24.0,13.77,20.75,Republican,Republican
Brooke County,westvirginia,2947,7545,1.9,5.6,42.3,18.8,9.5,13.8,8.1,0.4089,67.088,96.74,22559,1.27,92.17,1.62,30.39,20.85,20.73,9.13,18.9,Republican,Republican
Cabell County,westvirginia,14994,21721,3.2,7.0,31.2,19.8,8.5,16.8,13.5,0.5045,70.233,129.1,94350,1.66,87.01,5.04,40.32,19.97,23.05,5.8,10.86,Republican,Republican
Calhoun County,westvirginia,568,2364,5.0,8.2,55.0,19.4,4.0,5.2,3.1,0.4796,52.368,8.68,6229,0.77,95.94,0.21,21.59,14.17,25.74,16.66,21.85,Republican,Republican
Clay County,westvirginia,641,2679,7.1,9.6,52.1,11.9,6.7,6.5,6.1,0.475,58.827,9.09,8051,0.65,95.03,0.14,31.84,14.35,19.36,18.55,15.9,Republican,Republican
Doddridge County,westvirginia,435,2619,5.2,12.9,44.2,17.5,8.3,9.1,2.9,0.4767,86.668,9.48,7808,0.99,93.37,2.23,25.85,21.04,15.08,21.77,16.25,Republican,Republican
Fayette County,westvirginia,5063,11580,4.7,10.3,44.6,17.0,7.6,10.8,5.0,0.4368,60.852,23.66,40488,1.3,89.68,4.1,27.41,23.12,24.55,12.45,12.47,Republican,Republican
Gilmer County,westvirginia,599,2012,4.7,12.3,47.3,11.3,4.1,11.8,8.4,0.4092,62.586,8.49,7408,3.29,81.34,12.46,38.87,16.98,19.94,9.51,14.7,Republican,Republican
Grant County,westvirginia,607,4871,5.3,7.0,52.8,16.3,5.5,8.3,4.9,0.4258,65.368,8.92,10976,0.83,95.33,0.76,23.58,18.85,21.25,15.43,20.89,Republican,Republican
Greenbrier County,westvirginia,4655,10925,3.7,8.2,40.9,18.0,8.4,12.2,8.7,0.4887,66.046,12.49,32977,1.73,91.58,2.32,32.39,24.57,17.72,12.6,12.73,Republican,Republican
Hampshire County,westvirginia,1939,8033,4.1,8.2,47.0,18.6,7.5,9.7,4.8,0.435,69.037,14.03,23093,1.46,93.77,0.77,27.54,15.67,19.13,13.21,24.45,Republican,Republican
Hancock County,westvirginia,3790,9806,3.2,6.3,39.6,19.8,11.9,13.3,5.8,0.447,75.334,135.1,29095,1.46,91.03,2.39,32.94,18.51,18.71,12.11,17.73,Republican,Republican
Hardy County,westvirginia,1381,4859,4.8,8.8,47.5,16.8,7.3,7.5,7.4,0.4657,72.439,9.45,14299,4.61,88.71,2.82,27.86,17.59,18.17,9.74,26.63,Republican,Republican
Harrison County,westvirginia,9215,20683,2.2,9.2,39.0,17.3,7.7,14.8,9.8,0.4564,77.982,61.13,65921,2.13,90.81,1.67,37.83,18.8,21.02,9.54,12.8,Republican,Republican
Jackson County,westvirginia,3207,10093,5.2,4.4,40.2,19.2,12.4,12.1,6.5,0.5016,80.874,23.17,27791,0.83,95.03,0.36,38.97,12.43,18.92,11.14,18.55,Republican,Republican
Jefferson County,westvirginia,12127,15033,2.9,6.8,29.6,20.4,8.2,20.1,12.1,0.4212,76.763,107.08,57701,7.17,79.35,5.86,43.93,17.01,17.38,9.68,12.01,Republican,Republican
Kanawha County,westvirginia,34344,46398,2.9,6.5,36.1,19.1,7.2,16.6,11.5,0.4903,79.069,77.03,180745,1.5,84.5,7.42,40.29,18.11,23.33,6.35,11.92,Republican,Republican
Lewis County,westvirginia,1538,5782,4.4,7.9,46.5,17.0,6.6,11.0,6.6,0.4971,75.282,16.88,17033,1.12,94.45,0.39,32.02,17.27,23.29,16.28,11.14,Republican,Republican
Lincoln County,westvirginia,1711,6012,6.7,11.1,47.3,18.5,8.3,5.3,2.8,0.4837,65.505,18.03,20463,0.84,96.28,0.22,24.6,22.29,25.87,11.62,15.62,Republican,Republican
Logan County,westvirginia,2333,10534,4.9,14.0,43.9,16.8,7.1,7.0,6.2,0.5016,64.626,27.58,32567,0.69,94.53,1.78,31.0,21.74,21.19,13.14,12.93,Republican,Republican
Marion County,westvirginia,8901,16300,2.6,6.0,39.9,18.3,8.2,15.8,9.3,0.4186,75.3,70.26,56205,1.56,89.36,3.28,37.39,16.1,22.7,12.35,11.46,Republican,Republican
Marshall County,westvirginia,3455,10435,0.9,6.7,41.8,20.2,11.4,12.3,6.7,0.4863,78.581,38.57,30591,1.16,93.72,0.85,29.31,19.3,20.88,12.71,17.8,Republican,Republican
Mason County,westvirginia,2526,8491,5.6,8.8,42.3,16.5,11.3,10.4,5.1,0.4949,76.285,22.85,25453,0.67,95.56,0.76,27.86,18.04,19.06,13.86,21.17,Republican,Republican
McDowell County,westvirginia,1333,5148,8.1,14.4,53.2,13.9,3.7,4.8,1.8,0.4768,40.173,13.69,19111,2.04,83.05,11.19,31.82,22.76,21.49,10.03,13.9,Republican,Republican
Mercer County,westvirginia,5556,19237,4.5,9.1,38.4,20.1,7.3,13.5,7.1,0.4563,64.284,54.86,59664,1.18,87.6,6.19,33.71,18.83,20.04,10.68,16.74,Republican,Republican
Mineral County,westvirginia,2660,10040,0.9,5.2,44.4,15.6,10.9,12.2,10.9,0.4448,81.555,31.74,26938,1.15,91.33,2.64,30.14,21.15,17.62,12.28,18.81,Republican,Republican
Mingo County,westvirginia,1397,8544,7.9,15.4,44.5,16.0,6.6,5.6,3.9,0.4954,52.853,21.41,23568,0.7,94.59,1.72,29.04,23.77,15.38,21.04,10.77,Republican,Republican
Monongalia County,westvirginia,20282,20803,1.8,4.3,24.8,14.2,6.6,21.9,26.4,0.5111,90.976,113.64,105822,3.13,84.06,3.84,50.72,17.96,18.39,6.05,6.88,Republican,Republican
Monroe County,westvirginia,1345,5068,5.2,6.2,51.3,16.3,5.6,9.8,5.4,0.4005,63.766,10.16,12376,0.76,94.85,0.91,25.91,19.82,16.0,16.13,22.15,Republican,Republican
Morgan County,westvirginia,1998,6537,2.9,8.9,42.8,18.4,8.2,9.9,8.8,0.4028,76.466,29.05,17063,1.38,93.16,0.63,24.28,22.96,21.76,18.15,12.85,Republican,Republican
Nicholas County,westvirginia,2226,8279,3.4,7.5,46.2,18.2,6.2,9.2,9.2,0.4651,66.459,14.7,24604,0.7,95.61,0.23,29.35,23.61,16.8,15.69,14.55,Republican,Republican
Ohio County,westvirginia,7223,12354,1.5,5.4,32.5,18.6,8.7,20.4,12.8,0.5069,83.215,154.05,42425,1.53,88.53,3.9,37.61,18.07,22.29,7.45,14.58,Republican,Republican
Pendleton County,westvirginia,820,2782,6.3,10.6,47.9,12.1,3.8,14.5,4.7,0.4014,64.715,3.41,6143,0.93,94.99,1.32,27.48,20.03,12.34,19.14,21.0,Republican,Republican
Pleasants County,westvirginia,699,2742,3.2,9.1,49.6,19.1,7.0,6.3,5.8,0.5588,76.763,22.62,7653,0.82,94.28,1.24,26.32,21.5,16.4,10.41,25.37,Republican,Republican
Pocahontas County,westvirginia,1047,2895,3.4,13.5,47.4,14.0,7.0,8.5,6.2,0.445,58.395,3.26,7869,1.36,94.74,0.65,23.96,21.47,23.26,12.25,19.06,Republican,Republican
Preston County,westvirginia,3163,11190,4.5,8.7,46.6,17.9,4.7,11.2,6.4,0.4163,74.118,20.36,34216,2.03,88.7,5.85,27.11,19.7,20.32,15.73,17.14,Republican,Republican
Putnam County,westvirginia,7878,20034,2.2,4.2,35.0,19.9,9.2,17.9,11.7,0.4236,95.296,64.05,57440,1.41,92.51,1.12,40.43,12.4,23.16,11.1,12.89,Republican,Republican
Raleigh County,westvirginia,7982,24673,4.1,10.7,37.6,19.6,7.6,12.3,8.3,0.4913,67.591,47.39,74591,1.6,85.14,7.76,36.32,18.89,23.21,11.01,10.58,Republican,Republican
Randolph County,westvirginia,3362,8673,4.5,7.8,50.3,14.6,5.1,12.2,5.4,0.4431,64.793,10.4,27932,1.12,93.2,1.52,32.83,17.41,18.82,13.35,17.59,Republican,Republican
Ritchie County,westvirginia,586,3649,7.2,9.3,49.0,14.6,7.6,9.5,2.8,0.4787,69.916,7.27,8444,0.95,96.12,0.19,22.8,17.53,20.51,15.45,23.7,Republican,Republican
Roane County,westvirginia,1455,4213,6.8,12.6,47.7,12.9,6.3,9.1,4.5,0.4815,59.89,11.2,14028,1.08,94.32,0.25,32.5,17.34,16.67,13.6,19.88,Republican,Republican
Summers County,westvirginia,1448,4074,8.0,9.2,41.9,20.2,4.1,10.4,6.1,0.4193,57.446,12.83,11959,1.55,90.5,3.34,34.26,20.1,22.18,12.59,10.87,Republican,Republican
Taylor County,westvirginia,1796,5477,2.9,10.1,41.4,20.4,6.8,12.4,5.9,0.4373,72.801,37.1,16705,1.07,93.6,0.67,29.38,17.06,23.06,15.58,14.92,Republican,Republican
Tucker County,westvirginia,938,2841,3.9,7.2,40.2,18.0,5.9,13.7,11.1,0.4385,70.765,6.22,6762,0.83,95.12,0.3,31.83,19.37,18.8,14.63,15.37,Republican,Republican
Tyler County,westvirginia,631,3226,4.6,4.5,46.9,17.6,10.0,11.1,5.3,0.4397,73.976,12.56,8313,0.64,95.8,0.05,29.65,17.99,15.86,16.16,20.35,Republican,Republican
Upshur County,westvirginia,2256,7771,4.8,7.9,50.4,13.9,6.3,9.5,7.1,0.4684,68.587,25.99,23816,1.33,93.84,0.89,30.44,17.87,21.29,11.19,19.21,Republican,Republican
Wayne County,westvirginia,4088,12585,4.1,11.7,37.3,19.5,9.1,10.3,8.1,0.4923,72.83,29.71,38982,0.82,95.43,0.43,36.89,19.52,20.2,8.01,15.38,Republican,Republican
Webster County,westvirginia,610,2759,10.3,9.8,49.0,15.6,3.9,8.9,2.6,0.4596,57.479,5.83,8378,0.6,96.51,0.12,23.49,22.22,12.29,20.42,21.58,Republican,Republican
Wetzel County,westvirginia,1539,4993,2.8,7.2,48.4,18.1,10.0,9.1,4.3,0.4445,67.016,15.56,14442,1.02,94.89,0.24,25.82,16.77,19.53,14.35,23.53,Republican,Republican
Wirt County,westvirginia,466,2134,5.0,9.2,45.4,19.4,5.9,10.3,4.9,0.4164,65.551,8.64,5194,0.42,96.25,0.12,29.47,14.66,21.42,13.07,21.37,Republican,Republican
Wood County,westvirginia,10926,27202,2.5,6.7,35.3,22.2,11.4,13.5,8.6,0.4564,73.395,88.78,84296,1.39,92.2,1.21,34.88,16.77,23.42,9.39,15.55,Republican,Republican
Wyoming County,westvirginia,1157,7353,7.8,15.8,46.6,12.4,6.0,6.1,5.3,0.458,57.403,16.42,21382,0.8,96.06,0.5,30.51,16.62,15.94,19.14,17.79,Republican,Republican
Adams County,wisconsin,4329,7362,2.5,9.2,40.9,23.2,8.6,11.4,4.2,0.4181,69.989,12.4,20654,3.86,88.95,2.87,22.75,20.99,21.46,11.4,23.4,Republican,Democrat
Ashland County,wisconsin,4801,3841,1.1,3.8,36.0,23.9,14.4,13.1,7.5,0.4447,71.624,5.93,16027,2.39,79.1,0.7,28.96,18.08,21.38,15.24,16.34,Democrat,Democrat
Barron County,wisconsin,9194,15803,3.5,5.9,35.5,19.7,14.7,14.0,6.7,0.4396,79.658,20.88,46711,2.73,90.36,1.74,30.22,15.74,20.05,11.7,22.29,Republican,Democrat
Bayfield County,wisconsin,6147,4617,1.0,3.2,27.2,22.3,12.7,20.9,12.6,0.4299,85.328,4.24,16220,1.72,82.89,0.33,35.62,21.15,17.39,12.08,13.76,Democrat,Democrat
Brown County,wisconsin,65511,75871,3.0,4.1,29.5,19.1,12.5,22.2,9.5,0.4351,95.087,195.49,268740,9.76,77.56,3.03,37.61,15.95,20.69,7.94,17.81,Republican,Democrat
Buffalo County,wisconsin,2860,4834,2.0,6.1,40.3,17.1,13.5,15.1,5.9,0.3931,77.627,7.62,13317,2.46,94.44,0.32,31.88,15.09,18.43,12.06,22.54,Republican,Democrat
Burnett County,wisconsin,3569,6462,1.6,5.7,38.2,21.3,11.1,15.1,7.0,0.4502,79.906,7.78,16526,1.54,88.7,0.39,32.93,17.0,19.04,10.29,20.75,Republican,Democrat
Calumet County,wisconsin,12116,18156,1.6,3.5,31.3,18.1,13.8,22.8,8.9,0.4083,76.763,63.52,52442,5.45,87.82,0.8,38.48,12.21,20.65,8.14,20.52,Republican,Democrat
Chippewa County,wisconsin,13983,21317,2.2,5.2,34.5,20.5,14.5,17.0,6.2,0.4204,88.362,25.37,66297,1.9,91.09,1.57,34.0,15.99,19.56,10.82,19.63,Republican,Democrat
Clark County,wisconsin,4524,10002,11.4,6.4,39.1,18.9,11.0,9.5,3.6,0.4118,79.9,11.08,34659,6.05,91.08,0.3,28.46,13.83,16.72,15.04,25.95,Republican,Democrat
Columbia County,wisconsin,16410,16927,2.0,4.1,32.0,24.7,13.0,16.7,7.5,0.4023,95.895,29.39,58490,3.66,90.68,1.48,36.67,14.6,19.68,11.43,17.62,Republican,Democrat
Crawford County,wisconsin,3953,4620,2.3,5.9,41.1,20.8,12.4,12.6,4.9,0.4248,75.69,10.91,16113,1.61,93.2,1.64,28.32,16.31,16.24,13.96,25.17,Republican,Democrat
Dane County,wisconsin,260185,78800,1.6,2.4,17.5,15.5,9.0,32.5,21.5,0.4526,76.763,180.67,561504,7.47,76.0,5.3,53.9,13.73,17.65,5.3,9.41,Democrat,Democrat
Dodge County,wisconsin,16356,31355,2.4,5.4,40.6,20.8,11.3,13.9,5.7,0.3908,85.56,39.25,89396,6.14,87.08,3.02,29.09,15.41,18.53,10.85,26.11,Republican,Democrat
Door County,wisconsin,10044,9752,1.1,3.1,27.1,24.1,9.3,23.0,12.3,0.4647,94.903,24.06,30066,3.79,91.55,0.47,36.15,17.2,18.95,13.07,14.63,Democrat,Democrat
Douglas County,wisconsin,13218,10923,1.2,4.4,29.3,23.7,14.2,19.1,8.1,0.4208,80.45,13.05,44295,1.73,88.99,1.3,32.63,20.64,19.12,10.89,16.72,Democrat,Democrat
Dunn County,wisconsin,9897,13173,1.6,4.3,32.7,20.1,12.7,18.5,10.1,0.4289,85.967,20.54,45440,2.28,90.04,0.85,31.94,17.38,18.45,9.38,22.87,Republican,Democrat
Eau Claire County,wisconsin,31620,25341,1.6,2.3,26.1,19.5,15.1,23.1,12.3,0.4395,92.896,63.97,105710,2.95,87.37,1.15,38.35,16.36,21.04,5.84,18.41,Democrat,Democrat
Florence County,wisconsin,781,2133,2.2,6.4,36.1,22.1,10.7,16.9,5.6,0.4367,75.95,3.62,4558,1.45,94.25,0.2,28.31,14.36,18.89,17.01,21.44,Republican,Democrat
Fond du Lac County,wisconsin,20588,35754,2.1,5.5,37.0,20.5,12.6,15.0,7.3,0.4052,87.987,55.82,104154,6.45,86.55,2.23,29.67,15.86,18.74,12.1,23.63,Republican,Democrat
Forest County,wisconsin,1721,3285,2.0,7.8,39.4,24.3,10.8,12.5,3.2,0.4309,70.095,3.52,9179,1.69,80.3,0.35,31.15,18.47,20.43,13.23,16.72,Republican,Democrat
Grant County,wisconsin,10998,14142,3.8,3.7,33.7,19.8,14.8,15.0,9.2,0.4272,81.183,17.45,51938,2.38,93.04,1.31,33.65,16.15,18.56,12.17,19.47,Republican,Democrat
Green County,wisconsin,10851,10169,2.3,4.5,33.8,20.3,13.1,17.5,8.7,0.4149,93.729,24.5,37093,4.04,91.55,0.54,36.95,13.0,18.54,12.01,19.51,Democrat,Democrat
Green Lake County,wisconsin,3344,7168,2.9,6.0,37.6,22.1,8.9,14.6,7.9,0.414,83.262,21.09,19018,5.15,90.73,0.56,29.7,14.48,18.58,14.0,23.24,Republican,Democrat
Iowa County,wisconsin,7828,5909,1.5,3.0,33.5,21.7,12.5,19.0,8.8,0.4041,93.598,12.03,23709,1.92,93.65,0.48,35.78,13.38,19.82,14.99,16.03,Democrat,Democrat
Iron County,wisconsin,1533,2438,0.5,3.2,33.0,24.8,14.7,16.7,7.0,0.4114,69.652,3.12,6137,1.17,94.66,0.18,31.71,18.18,18.55,14.39,17.17,Republican,Democrat
Jackson County,wisconsin,4256,5791,2.4,5.8,43.8,20.8,11.3,10.6,5.3,0.4491,81.771,8.19,21145,3.21,84.84,2.08,28.47,19.7,16.19,14.18,21.47,Republican,Democrat
Jefferson County,wisconsin,19904,27208,3.2,4.1,32.7,21.7,10.5,19.5,8.3,0.4015,94.4,59.62,84900,8.33,86.37,1.02,34.65,17.21,17.3,10.91,19.93,Republican,Democrat
Juneau County,wisconsin,4746,8749,2.1,8.5,39.7,22.1,11.5,11.3,4.9,0.4077,76.575,13.44,26718,2.72,89.86,2.05,27.75,19.99,18.46,11.04,22.76,Republican,Democrat
Kenosha County,wisconsin,42193,44972,3.7,5.0,28.0,23.5,10.4,18.7,10.7,0.4237,96.154,239.61,169151,14.51,72.09,6.79,36.34,16.41,20.62,8.07,18.57,Republican,Democrat
Kewaunee County,wisconsin,3976,7927,2.1,3.8,39.3,19.8,14.8,14.4,5.9,0.392,91.551,23.19,20563,4.06,92.36,0.28,31.38,14.96,16.51,16.21,20.94,Republican,Democrat
La Crosse County,wisconsin,37846,28684,1.5,2.2,25.2,22.1,13.2,21.9,14.0,0.4575,92.644,102.73,120784,2.53,87.19,1.6,39.26,16.94,21.26,6.77,15.77,Democrat,Democrat
Lafayette County,wisconsin,3647,4821,4.3,4.5,40.2,19.1,12.0,13.7,6.1,0.4096,83.219,10.19,16611,6.56,90.79,0.16,33.77,12.42,18.0,16.7,19.12,Republican,Democrat
Langlade County,wisconsin,3704,7330,2.7,7.6,41.6,21.0,11.3,11.1,4.7,0.4381,73.59,8.65,19491,2.35,92.15,0.54,24.64,17.08,20.68,14.19,23.41,Republican,Democrat
Lincoln County,wisconsin,6261,10017,2.7,5.1,42.5,19.6,11.3,12.7,6.0,0.4141,78.353,12.48,28415,1.86,94.08,0.52,29.55,15.22,19.94,9.64,25.66,Republican,Democrat
Manitowoc County,wisconsin,16818,27218,2.6,4.9,37.1,20.5,11.9,16.3,6.8,0.4139,82.65,53.23,81359,4.98,87.21,1.26,31.72,15.14,18.03,11.19,23.92,Republican,Democrat
Marathon County,wisconsin,30808,44624,3.1,4.2,33.0,18.9,13.7,18.6,8.4,0.425,93.251,34.44,138013,3.23,86.07,0.83,36.81,14.63,19.64,9.28,19.65,Republican,Democrat
Marinette County,wisconsin,7366,15304,2.5,5.2,38.6,22.1,13.7,12.1,5.7,0.4148,74.619,11.54,41872,2.58,92.55,0.46,30.66,14.31,16.32,11.26,27.45,Republican,Democrat
Marquette County,wisconsin,3239,5719,1.9,6.6,43.9,22.9,10.3,10.5,3.9,0.4062,75.357,13.23,15592,3.13,92.85,0.28,25.33,18.76,18.15,15.36,22.41,Republican,Democrat
Menominee County,wisconsin,1303,278,1.5,3.0,43.0,22.2,11.3,12.3,6.6,0.4323,81.49,4.62,4255,3.2,11.35,0.05,29.51,27.3,17.61,12.69,12.9,Democrat,Democrat
Milwaukee County,wisconsin,317270,134357,3.9,6.6,28.3,19.9,8.2,21.0,12.1,0.4729,81.77,1492.02,939489,16.29,48.59,25.59,38.57,18.25,19.61,5.97,17.59,Democrat,Democrat
Monroe County,wisconsin,8433,13775,4.5,4.6,36.9,22.1,11.8,13.8,6.3,0.4076,82.567,19.8,46274,5.53,87.76,1.34,29.74,16.1,16.14,14.92,23.09,Republican,Democrat
Oconto County,wisconsin,6715,16226,1.7,5.9,40.9,20.2,14.0,13.3,4.0,0.3901,86.394,15.11,38965,2.18,92.83,0.23,31.22,14.94,16.57,13.92,23.35,Republican,Democrat
Oneida County,wisconsin,10105,13671,0.9,3.7,30.8,25.1,12.4,16.9,10.2,0.4529,88.384,13.1,37845,1.52,93.18,0.54,33.92,16.17,20.66,11.29,17.97,Republican,Democrat
Outagamie County,wisconsin,47667,58385,2.0,3.7,30.8,18.8,13.1,22.3,9.3,0.4441,76.763,115.43,190705,4.94,84.88,1.54,38.49,13.76,19.04,9.37,19.33,Republican,Democrat
Ozaukee County,wisconsin,26517,33912,0.6,1.7,21.7,18.0,8.2,30.8,19.0,0.4773,76.763,152.02,91503,3.39,88.97,1.62,49.58,13.02,18.66,6.01,12.74,Republican,Democrat
Pepin County,wisconsin,1489,2584,2.6,3.6,37.4,20.6,13.0,16.8,6.0,0.4197,90.108,12.25,7318,2.15,93.82,0.27,30.79,15.58,19.91,13.26,20.46,Republican,Democrat
Pierce County,wisconsin,9796,12815,0.8,3.6,30.6,21.4,12.5,20.8,10.2,0.3996,76.763,28.38,42212,2.89,91.29,0.95,35.07,18.07,17.56,11.49,17.81,Republican,Democrat
Polk County,wisconsin,9370,16611,1.3,5.3,35.3,22.1,13.2,15.8,6.9,0.4014,89.208,19.06,44977,2.11,92.87,0.35,31.9,13.99,16.95,12.77,24.39,Republican,Democrat
Portage County,wisconsin,20428,19299,1.7,3.6,30.8,17.4,12.8,23.5,10.1,0.4166,89.135,33.88,70377,3.72,88.4,1.28,37.36,16.55,19.2,9.51,17.38,Democrat,Democrat
Price County,wisconsin,3032,5394,1.4,5.7,42.0,21.4,13.4,11.3,4.8,0.423,70.01,4.33,14054,1.28,93.62,0.22,28.66,13.66,17.45,11.15,29.08,Republican,Democrat
Racine County,wisconsin,50159,54479,2.9,5.8,29.3,23.1,10.9,18.8,9.2,0.4345,94.057,228.76,197727,14.12,68.44,11.4,34.14,15.85,18.82,9.89,21.29,Republican,Democrat
Richland County,wisconsin,3995,4871,4.0,4.9,42.0,18.3,10.9,13.7,6.2,0.4194,77.816,11.37,17304,3.04,92.55,0.53,28.13,14.94,18.53,11.25,27.15,Republican,Democrat
Rock County,wisconsin,46658,37138,2.4,5.3,34.2,22.1,11.6,16.4,8.0,0.402,85.333,88.07,163687,9.65,79.3,4.92,32.72,15.51,19.32,10.56,21.89,Democrat,Democrat
Rusk County,wisconsin,2517,5257,2.3,6.6,41.1,19.2,13.7,12.0,5.2,0.3962,70.178,5.99,14188,1.76,93.65,0.31,26.39,13.52,17.27,15.35,27.47,Republican,Democrat
Sauk County,wisconsin,18108,17493,2.6,5.2,33.4,21.2,12.4,17.7,7.5,0.4068,88.938,30.49,65763,6.16,87.99,0.88,34.55,18.45,18.72,10.75,17.52,Democrat,Democrat
Sawyer County,wisconsin,4498,5909,1.7,5.5,32.6,22.2,11.1,17.1,9.8,0.4547,77.748,5.54,18074,1.98,76.45,0.53,33.18,18.69,21.1,10.27,16.77,Republican,Democrat
Shawano County,wisconsin,7131,15173,2.4,5.5,43.0,18.1,12.8,12.5,5.7,0.4286,83.014,17.66,40881,2.88,84.16,0.29,30.03,15.55,18.52,14.67,21.22,Republican,Democrat
Sheboygan County,wisconsin,27101,37609,2.0,4.2,34.0,21.0,12.2,17.9,8.8,0.4071,87.894,88.87,118034,7.34,81.19,2.06,32.65,15.83,17.96,8.86,24.7,Republican,Democrat
St. Croix County,wisconsin,23190,32199,0.9,2.9,24.5,20.5,13.4,26.4,11.4,0.3938,76.763,50.12,93536,2.86,91.36,0.68,42.13,14.15,19.38,9.0,15.34,Republican,Democrat
Taylor County,wisconsin,2693,7657,3.7,6.9,44.6,18.6,10.3,11.4,4.5,0.4236,80.225,7.91,19913,2.85,93.97,0.32,29.19,13.94,15.85,11.99,29.03,Republican,Democrat
Trempealeau County,wisconsin,6285,8833,3.4,4.9,38.2,18.7,15.3,13.7,6.0,0.398,85.033,16.16,30760,12.86,83.97,0.26,31.04,14.86,18.86,10.62,24.62,Republican,Democrat
Vernon County,wisconsin,7457,8218,5.7,4.0,35.1,18.9,12.0,16.0,8.3,0.4156,80.469,15.03,30714,1.51,95.0,0.39,33.9,15.65,18.47,13.63,18.34,Republican,Democrat
Vilas County,wisconsin,5903,9261,1.0,3.6,31.5,24.2,10.6,18.9,10.2,0.4423,84.774,10.42,23047,1.99,84.91,0.21,34.3,21.39,21.32,11.92,11.06,Republican,Democrat
Walworth County,wisconsin,22789,33851,2.8,5.3,30.4,21.3,9.4,20.5,10.3,0.4389,98.901,73.08,106478,11.79,82.74,1.1,33.58,17.77,20.25,10.28,18.12,Republican,Democrat
Washburn County,wisconsin,3867,6334,2.1,4.7,34.7,23.2,12.3,16.2,6.9,0.4309,76.892,8.08,16623,1.8,92.33,0.18,30.0,17.96,20.33,12.82,18.89,Republican,Democrat
Washington County,wisconsin,26650,60237,1.0,3.8,29.4,19.7,12.2,23.2,10.7,0.3966,76.763,122.69,136761,3.53,90.56,1.22,41.28,11.97,21.29,8.67,16.79,Republican,Democrat
Waukesha County,wisconsin,103906,159649,0.9,2.2,20.9,19.0,9.8,31.2,15.9,0.442,76.763,286.06,406978,5.37,85.49,1.63,49.54,12.26,21.14,6.3,10.76,Republican,Democrat
Waupaca County,wisconsin,9703,18952,1.9,5.3,43.8,18.7,10.9,13.9,5.6,0.4395,89.128,26.76,51812,3.6,92.23,0.39,28.23,15.6,19.29,11.0,25.87,Republican,Democrat
Waushara County,wisconsin,4388,9016,3.6,7.2,42.0,21.2,9.5,11.3,5.2,0.4388,79.62,15.21,24520,6.9,87.9,1.59,25.37,18.84,17.91,12.78,25.09,Republican,Democrat
Winnebago County,wisconsin,44060,47796,1.7,4.1,32.0,20.6,12.4,20.2,9.1,0.4217,88.231,152.06,171730,4.85,84.77,2.87,33.77,16.21,21.7,7.02,21.29,Republican,Democrat
Wood County,wisconsin,16365,24308,1.9,4.8,38.2,19.6,14.1,14.3,7.0,0.4442,83.766,36.1,74207,3.2,90.36,0.74,31.82,17.26,18.37,12.02,20.53,Republican,Democrat
Albany County,wyoming,9092,8579,1.2,2.3,14.4,18.2,8.1,28.8,27.2,0.4838,80.218,3.39,37066,10.55,79.81,1.04,51.14,14.86,15.41,10.28,8.32,Democrat,Republican
Big Horn County,wyoming,788,4806,3.6,8.3,28.3,27.3,12.1,14.4,6.1,0.4114,75.613,1.44,11521,9.28,85.79,0.19,33.81,17.72,14.94,19.58,13.95,Republican,Republican
Campbell County,wyoming,1935,16975,3.2,4.8,33.5,25.5,11.1,13.9,8.0,0.3859,76.763,3.77,47026,9.11,84.21,0.47,33.19,13.39,15.39,22.48,15.55,Republican,Republican
Carbon County,wyoming,1427,5014,3.2,6.7,37.3,22.6,9.1,16.2,4.9,0.4068,80.524,0.71,14537,17.89,75.71,0.89,23.78,18.66,18.15,22.5,16.91,Republican,Republican
Converse County,wyoming,861,5917,2.9,4.8,33.8,23.8,12.7,13.0,9.0,0.3984,92.879,1.25,13751,7.72,87.24,0.28,33.36,12.67,17.87,21.84,14.26,Republican,Republican
Crook County,wyoming,378,3651,0.4,5.5,29.3,27.2,14.3,20.2,3.1,0.3878,82.651,0.98,7181,1.56,94.22,0.0,31.59,15.68,14.75,24.18,13.8,Republican,Republican
Fremont County,wyoming,5519,12007,1.0,5.8,31.4,25.8,11.6,15.2,9.1,0.4245,77.246,1.66,39234,6.17,67.76,0.42,34.77,23.83,16.99,12.73,11.68,Republican,Republican
Goshen County,wyoming,1203,4878,2.5,4.2,27.7,28.8,12.9,15.4,8.6,0.4267,75.763,2.18,12498,9.7,85.57,0.61,41.96,16.14,12.88,15.74,13.29,Republican,Republican
Hot Springs County,wyoming,482,1999,0.8,4.1,26.2,27.7,13.0,20.6,7.6,0.3951,74.052,0.89,4621,3.83,89.63,0.19,36.17,22.22,15.43,12.85,13.33,Republican,Republican
Johnson County,wyoming,897,3881,3.5,3.8,24.9,27.3,8.7,19.3,12.5,0.4887,81.448,0.79,8447,4.11,90.45,0.31,42.69,17.55,18.72,11.67,9.37,Republican,Republican
Laramie County,wyoming,15217,27891,1.8,3.8,24.9,25.4,13.6,19.3,11.2,0.439,97.662,14.42,100512,15.52,74.9,2.19,39.54,16.2,20.81,12.05,11.4,Republican,Republican
Lincoln County,wyoming,1509,8643,1.2,4.7,30.4,27.7,12.9,15.5,7.6,0.3767,98.906,1.88,19581,4.9,90.58,0.17,31.88,15.43,20.5,21.56,10.63,Republican,Republican
Natrona County,wyoming,8530,25271,1.5,4.4,27.8,27.1,12.7,16.3,10.2,0.4426,94.128,5.75,79955,8.97,83.31,0.91,38.76,17.98,18.79,11.67,12.8,Republican,Republican
Niobrara County,wyoming,155,1118,2.9,5.2,38.0,27.0,6.9,17.7,2.3,0.4389,67.412,0.36,2467,3.08,91.41,0.24,35.05,26.54,6.52,23.82,8.06,Republican,Republican
Park County,wyoming,3410,12813,1.1,3.5,25.5,21.5,15.6,21.7,11.0,0.4235,85.04,1.66,29624,5.73,88.83,0.2,36.84,18.29,21.37,13.34,10.16,Republican,Republican
Platte County,wyoming,890,3898,2.1,4.3,33.3,26.4,11.7,12.0,10.1,0.4378,85.301,1.6,8605,8.08,86.8,0.22,37.38,15.7,17.42,14.34,15.16,Republican,Republican
Sheridan County,wyoming,4043,11843,1.1,2.6,31.1,23.8,9.3,18.9,13.2,0.439,89.453,4.77,30921,4.58,88.97,0.36,40.35,18.44,15.88,14.42,10.92,Republican,Republican
Sublette County,wyoming,882,3957,0.4,3.7,28.0,31.2,11.1,19.3,6.3,0.5244,76.763,0.7,8728,7.29,87.66,0.19,32.59,11.09,28.36,15.77,12.19,Republican,Republican
Sweetwater County,wyoming,3823,12229,2.4,4.6,32.7,25.8,14.6,12.4,7.6,0.4433,99.929,1.56,42272,16.46,76.56,0.83,30.8,15.47,19.47,20.34,13.92,Republican,Republican
Teton County,wyoming,9848,4341,2.4,1.7,16.7,16.7,2.3,38.9,21.4,0.5431,76.763,2.26,23331,14.12,80.38,0.21,46.14,23.75,17.91,5.81,6.4,Democrat,Republican
Uinta County,wyoming,1591,7496,2.1,3.5,36.3,27.4,11.5,13.5,5.6,0.3615,85.497,3.81,20450,9.71,85.3,0.24,31.19,17.86,20.48,17.38,13.09,Republican,Republican
Washakie County,wyoming,651,3245,1.4,3.9,28.5,34.6,10.6,13.3,7.9,0.3882,74.491,1.33,7685,13.92,81.56,0.16,34.84,16.97,18.43,14.84,14.92,Republican,Republican
Weston County,wyoming,360,3107,2.0,6.9,36.9,23.1,13.5,12.8,4.8,0.4784,92.279,1.11,6838,4.31,89.3,0.41,32.32,16.34,10.74,20.4,20.2,Republican,Republican
