Source,Target
0,10
0,23
0,25
0,42
0,50
1,12
1,26
1,48
1,49
1,64
1,335
2,5
2,22
2,33
2,54
2,56
2,416
2,504
2,514
3,10
3,32
3,36
3,52
3,57
3,62
4,21
4,27
4,36
4,47
4,58
4,63
5,2
5,43
5,50
5,54
5,56
6,17
6,19
6,20
6,42
6,49
6,65
7,9
7,14
7,27
7,58
7,60
8,40
8,55
8,61
8,458
8,527
9,7
9,14
9,24
9,27
9,413
9,443
9,501
10,0
10,3
10,18
10,23
10,25
10,52
10,57
11,12
11,45
11,59
11,64
11,1412
11,1438
11,1477
12,1
12,11
12,45
12,49
12,64
12,65
13,14
13,18
13,55
13,60
13,61
14,7
14,9
14,13
14,55
14,60
14,408
14,457
14,501
15,19
15,20
15,22
15,30
15,54
16,29
16,38
16,39
16,1471
17,6
17,19
17,26
17,49
18,10
18,13
18,25
18,57
18,60
18,61
19,6
19,15
19,17
19,20
19,26
19,30
19,365
19,385
20,6
20,15
20,19
20,42
20,50
20,54
21,4
21,39
21,47
21,51
21,63
21,66
22,2
22,15
22,30
22,33
22,34
22,54
23,0
23,10
23,42
23,45
23,52
23,65
24,9
24,27
24,35
24,47
24,413
24,427
24,532
25,0
25,10
25,18
25,43
25,50
25,61
26,1
26,17
26,19
26,49
26,335
26,365
26,374
27,4
27,7
27,9
27,24
27,47
27,58
28,37
28,46
28,53
28,62
28,63
29,16
29,39
29,46
29,66
29,1429
29,1471
30,15
30,19
30,22
30,34
30,348
30,350
30,385
31,32
31,45
31,53
31,59
31,62
32,3
32,31
32,45
32,52
32,62
33,2
33,22
33,34
33,416
33,435
34,22
34,30
34,33
34,350
34,435
34,511
35,24
35,44
35,47
35,427
35,2452
35,2482
36,3
36,4
36,58
36,57
36,62
36,63
37,28
37,46
37,53
37,1444
37,1448
38,16
38,39
38,41
38,1471
38,2454
38,2462
38,2476
38,2517
39,16
39,21
39,29
39,38
39,41
39,51
39,66
40,8
40,43
40,56
40,61
40,458
40,492
41,38
41,39
41,44
41,51
41,2454
41,2478
42,0
42,6
42,20
42,23
42,50
42,65
43,5
43,25
43,40
43,50
43,56
43,61
44,35
44,41
44,47
44,51
44,2452
44,2478
45,11
45,12
45,23
45,31
45,32
45,52
45,59
45,65
46,28
46,29
46,37
46,63
46,66
46,1429
46,1448
47,4
47,21
47,24
47,27
47,35
47,44
47,51
48,1
48,64
48,1420
48,1421
48,1430
49,1
49,6
49,12
49,17
49,26
49,65
50,0
50,5
50,20
50,25
50,42
50,43
50,54
51,21
51,39
51,41
51,44
51,47
52,3
52,10
52,23
52,32
52,45
53,28
53,31
53,37
53,59
53,62
53,1444
53,1452
54,2
54,5
54,15
54,20
54,22
54,50
55,8
55,13
55,14
55,61
55,408
55,460
55,527
56,2
56,5
56,40
56,43
56,412
56,492
56,514
58,4
58,7
58,27
58,36
58,57
58,60
57,3
57,10
57,18
57,36
57,58
57,60
59,11
59,31
59,45
59,53
59,1435
59,1438
59,1452
60,7
60,13
60,14
60,18
60,58
60,57
61,8
61,13
61,18
61,25
61,40
61,43
61,55
62,3
62,28
62,31
62,32
62,36
62,53
62,63
63,4
63,21
63,28
63,36
63,46
63,62
63,66
64,1
64,11
64,12
64,48
64,1421
64,1477
65,6
65,12
65,23
65,42
65,45
65,49
66,21
66,29
66,39
66,46
66,63
67,68
67,84
68,67
69,72
69,80
69,85
70,75
70,80
70,83
70,84
70,85
70,96
71,75
71,84
72,69
72,73
72,80
72,85
72,95
73,72
73,85
73,93
73,95
74,76
74,85
74,93
74,96
75,70
75,71
75,84
76,74
76,93
76,96
77,78
77,79
77,92
78,77
78,79
78,89
78,90
78,91
78,95
79,77
79,78
79,89
80,69
80,70
80,72
80,82
80,84
80,85
81,90
81,94
82,80
82,84
83,70
83,86
83,96
84,67
84,70
84,71
84,75
84,80
84,82
85,69
85,70
85,72
85,73
85,74
85,80
85,93
85,96
86,83
86,88
86,96
87,88
87,96
88,86
88,87
88,96
89,78
89,79
89,90
89,94
90,78
90,81
90,89
90,91
90,94
91,78
91,90
92,77
93,73
93,74
93,76
93,85
93,96
94,81
94,89
94,90
95,72
95,73
95,78
96,70
96,74
96,76
96,83
96,85
96,86
96,87
96,88
96,93
97,101
97,102
97,106
97,287
97,1796
97,1798
97,1811
97,1817
97,2794
98,101
98,102
98,107
98,109
98,1806
99,100
99,105
99,106
99,110
99,2788
99,2794
100,99
100,101
100,104
100,106
100,108
100,110
101,97
101,98
101,100
101,102
101,106
101,107
101,108
102,97
102,98
102,101
102,1796
102,1803
102,1806
103,104
103,105
103,110
103,111
103,199
103,219
103,222
104,100
104,103
104,107
104,108
104,110
104,111
105,99
105,103
105,110
105,222
105,1749
105,1756
105,2788
105,2802
106,97
106,99
106,100
106,101
106,2794
107,98
107,101
107,104
107,108
107,109
107,111
108,100
108,101
108,104
108,107
109,98
109,107
110,99
110,100
110,103
110,104
110,105
111,103
111,104
111,107
111,199
112,132
112,146
112,151
112,154
112,159
112,165
112,170
113,117
113,120
113,133
113,181
113,1146
113,1168
114,136
114,144
114,156
114,175
114,180
114,1559
115,119
115,155
115,183
115,1487
115,1546
115,2130
115,2150
116,119
116,156
116,162
116,175
116,1589
117,113
117,118
117,124
117,133
117,181
118,117
118,124
118,131
118,163
118,181
119,115
119,116
119,155
119,162
119,1487
119,1587
119,1589
120,113
120,132
120,133
120,1130
120,1146
120,1174
120,1406
120,1428
120,1476
121,131
121,141
121,160
121,161
121,163
121,166
122,139
122,172
122,1494
122,1517
122,1573
123,134
123,143
123,180
123,182
123,184
124,117
124,118
124,131
124,133
124,138
124,146
124,151
125,148
125,161
125,163
125,181
125,1126
125,1172
126,134
126,164
126,169
126,182
126,186
127,139
127,145
127,149
127,158
127,167
127,1517
128,135
128,155
128,176
128,183
128,2130
128,2197
129,130
129,150
129,158
129,167
129,179
129,1417
129,1472
129,2505
129,2510
130,129
130,145
130,167
130,179
130,185
131,118
131,121
131,124
131,138
131,141
131,163
132,112
132,120
132,133
132,151
132,165
132,1406
133,113
133,117
133,120
133,124
133,132
133,151
134,123
134,126
134,154
134,164
134,171
134,182
134,184
135,128
135,147
135,153
135,155
135,176
136,114
136,144
136,178
136,1528
136,1557
136,1559
137,141
137,160
137,164
137,173
137,186
138,124
138,131
138,141
138,146
138,171
138,173
139,122
139,127
139,149
139,172
139,1517
140,142
140,148
140,152
140,157
140,161
140,166
141,121
141,131
141,137
141,138
141,160
141,173
142,140
142,152
142,160
142,166
142,168
142,177
143,123
143,144
143,145
143,149
143,178
143,180
143,184
144,114
144,136
144,143
144,178
144,180
145,127
145,130
145,143
145,149
145,167
145,184
145,185
146,112
146,124
146,138
146,151
146,154
146,171
147,135
147,153
147,155
147,162
147,169
148,125
148,140
148,157
148,161
148,1120
148,1172
149,127
149,139
149,143
149,145
149,172
149,178
150,129
150,159
150,165
150,179
150,1472
151,112
151,124
151,132
151,133
151,146
152,140
152,142
152,157
152,177
152,2177
152,2540
153,135
153,147
153,169
153,174
153,176
153,186
154,112
154,134
154,146
154,170
154,171
154,184
155,115
155,119
155,128
155,135
155,147
155,162
155,183
156,114
156,116
156,175
156,1559
156,1589
157,140
157,148
157,152
157,1120
157,1121
157,2540
157,2555
158,127
158,129
158,167
158,1517
158,1560
158,2449
158,2475
158,2505
158,2510
159,112
159,150
159,165
159,170
159,179
159,185
160,121
160,137
160,141
160,142
160,166
160,168
160,174
160,186
161,121
161,125
161,140
161,148
161,163
161,166
162,116
162,119
162,147
162,155
162,169
162,175
163,118
163,121
163,125
163,131
163,161
163,181
164,126
164,134
164,137
164,171
164,173
164,186
165,112
165,132
165,150
165,159
165,1406
165,1414
165,1472
166,121
166,140
166,142
166,160
166,161
166,168
167,127
167,129
167,130
167,145
167,158
168,142
168,160
168,166
168,174
168,177
168,2169
168,2177
169,126
169,147
169,153
169,162
169,175
169,182
169,186
170,112
170,154
170,159
170,184
170,185
171,134
171,138
171,146
171,154
171,164
171,173
172,122
172,139
172,149
172,178
172,1557
172,1573
179,129
179,130
179,150
179,159
179,185
173,137
173,138
173,141
173,164
173,171
174,153
174,160
174,168
174,176
174,186
174,2169
175,114
175,116
175,156
175,162
175,169
175,180
175,182
176,128
176,135
176,153
176,174
176,2169
176,2197
177,142
177,152
177,168
177,2177
178,136
178,143
178,144
178,149
178,172
178,1557
180,114
180,123
180,143
180,144
180,175
180,182
181,113
181,117
181,118
181,125
181,163
181,1126
181,1146
181,1168
182,123
182,126
182,134
182,169
182,175
182,180
183,115
183,128
183,155
183,2130
184,123
184,134
184,143
184,145
184,154
184,170
184,185
185,130
185,145
185,159
185,170
185,179
185,184
186,126
186,137
186,153
186,160
186,164
186,169
186,174
187,193
187,224
187,225
187,227
187,229
187,236
188,189
188,191
188,195
188,212
188,241
188,1750
189,188
189,191
189,195
189,220
189,225
190,192
190,197
190,218
190,237
190,238
190,244
191,188
191,189
191,225
191,236
191,241
192,190
192,197
192,203
192,237
192,243
193,187
193,207
193,220
193,224
193,225
193,234
193,235
194,198
194,233
194,2214
194,2223
195,188
195,189
195,217
195,220
195,1750
196,200
196,202
196,206
196,210
196,212
196,213
196,221
196,240
197,190
197,192
197,203
197,209
197,238
198,194
198,209
198,233
198,239
199,103
199,111
199,219
199,223
200,196
200,201
200,212
200,222
200,240
200,1749
200,1752
200,1759
201,200
201,202
201,205
201,222
201,226
201,228
201,240
201,242
202,196
202,201
202,213
202,226
202,240
203,192
203,197
203,209
203,214
203,235
203,243
204,211
204,218
204,231
204,232
204,1762
205,201
205,216
205,222
205,242
206,196
206,208
206,210
206,212
206,241
207,193
207,224
207,234
207,235
208,206
208,210
208,236
208,241
209,197
209,198
209,203
209,235
209,238
209,239
210,196
210,206
210,208
210,221
210,229
210,236
211,204
211,231
211,233
211,1762
211,2224
211,2225
212,188
212,196
212,200
212,206
212,241
212,1750
212,1752
212,1757
212,1758
213,196
213,202
213,221
213,226
213,230
214,203
214,234
214,235
214,243
215,217
215,232
215,244
215,1762
216,205
216,219
216,222
216,223
217,195
217,215
217,220
217,237
217,244
217,1750
217,1762
217,1747
218,190
218,204
218,231
218,232
218,238
218,244
219,103
219,199
219,216
219,222
219,223
220,189
220,193
220,195
220,217
220,225
220,234
220,237
220,243
221,196
221,210
221,213
221,229
221,230
222,103
222,105
222,200
222,201
222,205
222,216
222,219
222,1749
223,199
223,216
223,219
224,187
224,193
224,207
224,227
225,187
225,189
225,191
225,193
225,220
225,236
226,201
226,202
226,213
226,228
227,187
227,224
227,229
227,230
228,201
228,226
228,242
229,187
229,210
229,221
229,227
229,230
229,236
230,213
230,221
230,227
230,229
231,204
231,211
231,218
231,233
231,238
231,239
232,204
232,215
232,218
232,244
232,1762
233,194
233,198
233,211
233,231
233,239
233,2221
233,2223
233,2224
234,193
234,207
234,214
234,220
234,235
234,243
235,193
235,203
235,207
235,209
235,214
235,234
236,187
236,191
236,208
236,210
236,225
236,229
236,241
237,190
237,192
237,217
237,220
237,243
237,244
238,190
238,197
238,209
238,218
238,231
238,239
239,198
239,209
239,231
239,233
239,238
240,196
240,200
240,201
240,202
241,188
241,191
241,206
241,208
241,212
241,236
242,201
242,205
242,228
243,192
243,203
243,214
243,220
243,234
243,237
244,190
244,215
244,217
244,218
244,232
244,237
245,247
245,252
245,261
245,275
245,289
245,306
245,307
246,256
246,257
246,273
246,298
246,300
247,245
247,261
247,263
247,266
247,275
247,282
247,306
248,256
248,272
248,278
248,285
248,298
248,1815
248,1817
249,250
249,281
249,295
249,952
249,981
249,1825
249,2142
250,249
250,276
250,281
250,290
250,295
251,252
251,269
251,270
251,275
251,280
251,307
252,245
252,251
252,275
252,307
253,267
253,271
253,279
253,292
253,294
253,300
254,276
254,277
254,282
254,923
254,987
255,269
255,270
255,275
255,292
255,304
256,246
256,248
256,257
256,298
256,1815
256,1823
257,246
257,256
257,273
257,281
257,1799
257,1823
258,276
258,282
258,290
258,296
259,267
259,273
259,296
259,300
260,271
260,284
260,288
261,245
261,247
261,275
262,278
262,287
262,301
262,302
262,2794
263,247
263,266
263,265
263,275
263,305
264,268
264,270
264,279
264,294
264,299
264,304
266,247
266,263
266,265
266,282
265,263
265,266
265,267
265,282
265,296
265,305
267,253
267,259
267,265
267,292
267,296
267,300
267,305
268,264
268,284
268,294
268,297
268,299
268,2785
268,2799
269,251
269,255
269,270
269,275
270,251
270,255
270,264
270,269
270,274
270,280
270,299
270,304
271,253
271,260
271,272
271,284
271,288
271,291
271,294
271,300
272,248
272,271
272,278
272,285
272,291
272,300
272,301
273,246
273,257
273,259
273,281
273,296
273,300
274,270
274,280
274,299
274,3118
274,3121
275,245
275,247
275,251
275,252
275,255
275,261
275,263
275,269
275,292
275,305
276,250
276,254
276,258
276,282
276,290
276,295
276,923
277,254
277,282
277,306
277,308
277,899
277,978
277,987
279,253
279,264
279,292
279,294
279,304
278,248
278,262
278,272
278,287
278,301
278,1817
280,251
280,270
280,274
280,307
280,3118
280,3128
281,249
281,250
281,257
281,273
281,290
281,296
281,1799
281,1825
282,247
282,254
282,258
282,266
282,265
282,276
282,277
282,296
282,306
283,289
283,293
283,303
283,306
283,307
283,308
283,1670
283,1706
284,260
284,268
284,271
284,288
284,294
284,2785
284,2794
285,248
285,272
285,298
285,300
286,297
286,299
286,2780
286,2799
286,3121
286,3136
287,97
287,262
287,278
287,301
287,1817
287,2794
288,260
288,271
288,284
288,291
288,302
288,2785
288,2794
289,245
289,283
289,306
289,307
290,250
290,258
290,276
290,281
290,296
291,271
291,272
291,288
291,301
291,302
292,253
292,255
292,267
292,275
292,279
292,304
292,305
293,283
293,303
293,308
293,1668
293,1721
294,253
294,264
294,268
294,271
294,279
294,284
295,249
295,250
295,276
295,923
295,925
295,981
296,258
296,259
296,265
296,267
296,273
296,281
296,282
296,290
297,268
297,286
297,299
297,2799
298,246
298,248
298,256
298,285
298,300
299,264
299,268
299,270
299,274
299,286
299,297
299,3121
300,246
300,253
300,259
300,267
300,271
300,272
300,273
300,285
300,298
301,262
301,272
301,278
301,287
301,291
301,302
302,262
302,288
302,291
302,301
302,2794
303,283
303,293
303,1670
303,1678
303,1721
304,255
304,264
304,270
304,279
304,292
305,263
305,265
305,267
305,275
305,292
306,245
306,247
306,277
306,282
306,283
306,289
306,308
307,245
307,251
307,252
307,280
307,283
307,289
307,1706
307,3128
308,277
308,283
308,293
308,306
308,899
308,1668
308,1682
314,311
314,315
314,310
314,312
314,313
314,1223
311,314
311,312
311,313
311,1878
315,314
315,313
315,1223
315,1230
315,2311
315,2313
315,2314
310,314
310,309
310,1218
310,1223
310,1840
312,314
312,311
312,1878
313,314
313,311
313,315
313,1878
313,2314
309,310
309,1840
309,1856
309,1866
309,1878
309,1886
316,317
316,318
316,1198
316,1207
316,1210
316,1778
316,1779
316,1790
317,316
317,1200
317,1207
317,1781
317,1790
317,2257
317,2265
318,316
318,1198
318,1202
318,1215
318,1216
318,1778
319,1208
319,1209
319,2826
319,2821
320,323
320,331
320,339
320,356
320,360
320,373
320,382
321,323
321,329
321,331
321,334
321,364
321,382
321,410
321,418
321,534
322,326
322,341
322,350
322,385
322,386
323,320
323,321
323,329
323,373
323,382
324,349
324,367
324,368
324,376
324,383
325,330
325,344
325,362
325,369
326,322
326,338
326,341
326,350
326,357
327,332
327,340
327,344
327,346
327,354
327,375
328,345
328,356
328,360
328,379
329,321
329,323
329,334
329,373
329,377
330,325
330,344
330,354
330,362
330,363
331,320
331,321
331,339
331,342
331,380
331,382
331,418
331,436
332,327
332,343
332,346
332,359
332,375
333,339
333,352
333,356
333,381
334,321
334,329
334,364
334,377
335,1
335,26
335,374
336,373
336,377
336,383
337,341
337,357
337,384
338,326
338,350
338,355
338,357
338,430
338,451
338,511
339,320
339,331
339,333
339,352
339,356
339,380
340,327
340,344
340,346
340,354
340,361
340,366
340,369
341,322
341,326
341,337
341,357
342,331
342,358
342,380
342,400
342,436
342,478
343,332
343,346
343,347
343,359
343,372
344,325
344,327
344,330
344,340
344,354
344,361
344,366
344,369
345,328
345,370
345,379
346,327
346,332
346,340
346,343
346,366
346,368
346,372
347,343
347,359
347,370
347,371
347,372
348,30
348,350
348,385
348,386
349,324
349,366
349,368
349,378
350,30
350,34
350,322
350,326
350,338
350,348
350,357
350,386
350,511
351,355
351,358
351,381
351,384
351,400
351,522
352,333
352,339
352,358
352,380
352,381
353,360
353,367
353,368
353,372
353,376
353,379
353,383
354,327
354,330
354,340
354,344
355,338
355,351
355,357
355,384
355,451
355,522
356,320
356,328
356,333
356,339
356,360
357,326
357,337
357,338
357,341
357,350
357,355
357,384
358,342
358,351
358,352
358,380
358,381
358,400
358,478
359,332
359,343
359,347
359,372
359,375
360,320
360,328
360,353
360,356
360,373
360,379
360,383
361,340
361,344
361,366
361,369
361,378
362,325
362,330
362,363
363,330
363,362
364,321
364,334
364,406
364,410
365,19
365,26
365,374
365,385
366,340
366,344
366,346
366,349
366,361
366,368
366,369
366,372
366,378
367,324
367,353
367,368
367,372
367,376
367,383
368,324
368,346
368,349
368,353
368,366
368,367
368,372
369,325
369,340
369,344
369,361
369,366
370,345
370,347
370,371
370,372
370,379
371,347
371,370
372,343
372,346
372,347
372,353
372,359
372,366
372,367
372,368
372,370
372,379
373,320
373,323
373,329
373,336
373,360
373,377
373,383
377,329
377,334
377,336
377,373
378,349
378,361
378,366
374,26
374,335
374,365
375,327
375,332
375,359
376,324
376,353
376,367
376,383
379,328
379,345
379,353
379,360
379,370
379,372
380,331
380,339
380,342
380,352
380,358
381,333
381,351
381,352
381,358
382,320
382,321
382,323
382,331
383,324
383,336
383,353
383,360
383,367
383,373
383,376
384,337
384,351
384,355
384,357
385,19
385,30
385,322
385,348
385,365
385,386
386,322
386,348
386,350
386,385
387,389
387,466
387,499
387,518
387,524
387,537
388,396
388,418
388,420
388,472
388,534
389,387
389,420
389,466
389,499
389,534
390,405
390,430
390,433
390,435
390,486
390,487
391,456
391,470
391,503
391,536
391,544
392,445
392,454
392,455
392,464
392,481
392,513
393,415
393,453
393,455
393,464
393,494
393,533
394,414
394,419
394,443
394,450
394,496
394,498
394,501
395,420
395,463
395,520
395,528
395,542
396,388
396,420
396,423
396,463
396,472
396,478
396,523
397,425
397,462
397,470
397,488
397,529
398,431
398,462
398,473
398,502
398,529
398,544
399,406
399,410
399,449
399,499
399,534
399,537
400,342
400,351
400,358
400,421
400,423
400,478
400,522
401,402
401,411
401,437
401,440
401,475
402,401
402,407
402,437
402,439
402,440
402,468
402,510
403,439
403,467
403,468
403,507
403,510
403,2316
403,2317
403,2320
404,461
404,465
404,471
404,488
404,493
404,512
405,390
405,416
405,433
405,435
405,506
405,521
406,364
406,399
406,410
406,449
407,402
407,439
407,440
407,518
407,524
408,14
408,55
408,424
408,434
408,446
408,457
408,460
408,496
409,532
409,541
409,2459
410,321
410,364
410,399
410,406
410,534
411,401
411,437
411,475
411,2341
412,56
412,482
412,492
412,514
412,516
413,9
413,24
413,443
413,532
414,394
414,419
414,428
414,444
414,446
414,450
414,498
415,393
415,464
415,481
415,494
415,495
416,2
416,33
416,405
416,435
416,504
416,506
417,429
417,442
417,446
417,461
417,512
418,321
418,331
418,388
418,436
418,472
418,534
419,394
419,414
419,434
419,446
419,496
420,388
420,389
420,395
420,396
420,463
420,466
420,520
420,534
421,400
421,423
421,487
421,522
421,523
421,545
422,476
422,483
422,507
422,2333
422,2349
423,396
423,400
423,421
423,478
423,523
424,408
424,442
424,446
424,460
424,485
424,512
424,527
425,397
425,462
425,480
425,488
425,497
425,519
425,531
426,432
426,474
426,515
426,528
426,542
426,545
427,24
427,35
427,532
427,2459
427,2482
428,414
428,441
428,444
428,447
428,455
428,479
428,498
430,338
430,390
430,451
430,486
430,487
430,511
429,417
429,446
429,453
429,461
429,508
431,398
431,473
431,502
431,520
431,539
431,542
432,426
432,462
432,480
432,502
432,515
432,542
433,390
433,405
433,474
433,487
433,521
433,545
434,408
434,419
434,446
434,496
435,33
435,34
435,390
435,405
435,416
435,486
435,511
436,331
436,342
436,418
436,472
436,478
437,401
437,402
437,411
437,510
437,2339
437,2341
438,459
438,476
438,481
438,495
438,543
438,2315
438,2318
438,2349
439,402
439,403
439,407
439,467
439,468
439,469
439,473
439,518
439,524
439,526
440,401
440,402
440,407
440,475
440,518
441,428
441,447
441,479
441,491
441,530
441,1908
441,2496
442,417
442,424
442,446
442,512
443,9
443,394
443,413
443,450
443,501
443,532
444,414
444,428
444,446
444,453
444,455
445,392
445,459
445,481
445,513
445,2351
446,408
446,414
446,417
446,419
446,424
446,429
446,434
446,442
446,444
446,453
447,428
447,441
447,450
447,491
447,498
448,456
448,467
448,535
448,536
449,399
449,406
449,484
449,537
450,394
450,414
450,443
450,447
450,491
450,498
450,532
450,541
451,338
451,355
451,430
451,487
451,522
452,456
452,490
452,494
452,495
452,503
452,517
453,393
453,429
453,444
453,446
453,455
453,464
453,508
453,533
454,392
454,455
454,505
454,513
454,525
454,540
454,2351
455,392
455,393
455,428
455,444
455,453
455,454
455,464
455,479
455,540
456,391
456,448
456,452
456,503
456,517
456,535
456,536
457,14
457,408
457,496
457,501
458,8
458,40
458,485
458,492
458,516
458,527
459,438
459,445
459,481
459,2318
459,2351
460,55
460,408
460,424
460,527
461,404
461,417
461,429
461,493
461,508
461,512
462,397
462,398
462,425
462,432
462,480
462,497
462,502
462,529
463,395
463,396
463,420
463,523
463,528
464,392
464,393
464,415
464,453
464,455
464,481
464,494
465,404
465,470
465,488
465,490
465,493
465,503
466,387
466,389
466,420
466,489
466,520
466,524
466,539
467,403
467,439
467,448
467,469
467,483
467,507
467,535
467,536
468,402
468,403
468,439
468,510
469,439
469,467
469,473
469,526
469,536
469,544
470,391
470,397
470,465
470,488
470,503
470,529
470,544
471,404
471,488
471,500
471,512
471,531
472,388
472,396
472,418
472,436
472,478
473,398
473,431
473,439
473,469
473,526
473,529
473,539
473,544
474,426
474,433
474,515
474,521
474,545
475,401
475,411
475,440
475,477
475,484
475,518
476,422
476,438
476,483
476,543
476,2349
477,475
477,484
477,518
477,537
478,342
478,358
478,396
478,400
478,423
478,436
478,472
479,428
479,441
479,455
479,530
479,540
483,422
483,467
483,476
483,507
483,535
483,543
484,449
484,475
484,477
484,537
480,425
480,432
480,462
480,497
480,509
480,515
480,519
481,392
481,415
481,438
481,445
481,459
481,464
481,495
482,412
482,509
482,514
482,515
482,516
482,519
482,538
485,424
485,458
485,500
485,512
485,516
485,527
485,531
486,390
486,430
486,435
486,511
487,390
487,421
487,430
487,433
487,451
487,522
487,545
488,397
488,404
488,425
488,465
488,470
488,471
488,531
489,466
489,524
489,526
489,539
490,452
490,465
490,493
490,494
490,503
490,533
491,441
491,447
491,450
491,541
491,2432
491,2496
492,40
492,56
492,412
492,458
492,516
493,404
493,461
493,465
493,490
493,508
493,533
494,393
494,415
494,452
494,464
494,490
494,495
494,533
495,415
495,438
495,452
495,481
495,494
495,517
495,543
496,394
496,408
496,419
496,434
496,457
496,501
497,425
497,462
497,480
497,519
498,394
498,414
498,428
498,447
498,450
499,387
499,389
499,399
499,534
499,537
500,471
500,485
500,512
500,531
501,9
501,14
501,394
501,443
501,457
501,496
502,398
502,431
502,432
502,462
502,542
503,391
503,452
503,456
503,465
503,470
503,490
504,2
504,416
504,506
504,514
505,454
505,525
505,1910
505,1944
505,2351
506,405
506,416
506,504
506,514
506,521
506,538
507,403
507,422
507,467
507,483
507,2316
507,2333
508,429
508,453
508,461
508,493
508,533
509,480
509,482
509,515
509,519
510,402
510,403
510,437
510,468
510,2317
510,2339
511,34
511,338
511,350
511,430
511,435
511,486
512,404
512,417
512,424
512,442
512,461
512,471
512,485
512,500
513,392
513,445
513,454
513,2351
514,2
514,56
514,412
514,482
514,504
514,506
514,538
515,426
515,432
515,474
515,480
515,482
515,509
515,521
515,538
516,412
516,458
516,482
516,485
516,492
516,519
516,531
517,452
517,456
517,495
517,535
517,543
518,387
518,407
518,439
518,440
518,475
518,477
518,524
518,537
519,425
519,480
519,482
519,497
519,509
519,516
519,531
520,395
520,420
520,431
520,466
520,539
520,542
521,405
521,433
521,474
521,506
521,515
521,538
522,351
522,355
522,400
522,421
522,451
522,487
523,396
523,421
523,423
523,463
523,528
523,545
524,387
524,407
524,439
524,466
524,489
524,518
524,526
525,454
525,505
525,530
525,540
525,1910
526,439
526,469
526,473
526,489
526,524
526,539
527,8
527,55
527,424
527,458
527,460
527,485
528,395
528,426
528,463
528,523
528,542
528,545
529,397
529,398
529,462
529,470
529,473
529,544
530,441
530,479
530,525
530,540
530,1908
530,1910
531,425
531,471
531,485
531,488
531,500
531,516
531,519
532,24
532,409
532,413
532,427
532,443
532,450
532,541
532,2459
533,393
533,453
533,490
533,493
533,494
533,508
534,321
534,388
534,389
534,399
534,410
534,418
534,420
534,499
535,448
535,456
535,467
535,483
535,517
535,543
536,391
536,448
536,456
536,467
536,469
536,544
537,387
537,399
537,449
537,477
537,484
537,499
537,518
538,482
538,506
538,514
538,515
538,521
539,431
539,466
539,473
539,489
539,520
539,526
540,454
540,455
540,479
540,525
540,530
541,409
541,450
541,491
541,532
541,2432
541,2459
542,395
542,426
542,431
542,432
542,502
542,520
542,528
543,438
543,476
543,483
543,495
543,517
543,535
544,391
544,398
544,469
544,470
544,473
544,529
544,536
545,421
545,426
545,433
545,474
545,487
545,523
545,528
548,550
550,548
551,558
551,564
551,570
551,573
551,587
552,573
552,575
552,593
552,594
552,2207
552,2238
553,556
553,565
553,571
553,586
553,589
554,565
554,571
554,2778
554,2792
554,3129
555,578
555,579
555,590
555,2983
555,2989
556,553
556,557
556,560
556,562
556,565
556,576
556,589
557,556
557,562
557,563
557,566
557,569
557,570
557,582
557,584
557,589
558,551
558,569
558,570
558,573
558,593
559,561
559,578
559,590
559,1624
559,1642
559,2977
559,2983
560,556
560,565
560,576
560,583
560,591
560,3129
560,3137
561,559
561,1624
561,2977
562,556
562,557
562,567
562,569
562,576
562,580
563,557
563,570
563,574
563,582
564,551
564,573
564,587
564,588
564,2229
565,553
565,554
565,556
565,560
565,571
565,3129
566,557
566,577
566,584
566,586
566,589
566,592
566,1751
566,2777
567,562
567,572
567,576
567,580
567,1598
568,575
568,579
568,581
568,585
568,590
568,1628
568,1629
569,557
569,558
569,562
569,570
569,580
569,593
570,551
570,557
570,558
570,563
570,569
570,574
570,587
570,592
571,553
571,554
571,565
571,586
571,2778
571,2792
572,567
572,576
572,583
572,591
572,1598
572,1613
572,1625
572,3137
573,551
573,552
573,558
573,564
573,588
573,593
573,594
574,563
574,570
574,577
574,582
574,592
575,552
575,568
575,580
575,581
575,585
575,593
575,1629
575,1638
575,2238
576,556
576,560
576,562
576,567
576,572
576,583
577,566
577,574
577,582
577,584
577,592
578,555
578,559
578,590
578,2983
579,555
579,568
579,585
579,590
579,2989
580,562
580,567
580,569
580,575
580,593
580,1598
580,1638
581,568
581,575
581,585
582,557
582,563
582,574
582,577
582,584
583,560
583,572
583,576
583,591
584,557
584,566
584,577
584,582
585,568
585,575
585,579
585,581
585,2238
585,2953
585,2989
586,553
586,566
586,571
586,589
586,2777
586,2778
587,551
587,564
587,570
587,592
587,1751
587,1754
587,2229
588,564
588,573
588,594
588,2229
589,553
589,556
589,557
589,566
589,586
590,555
590,559
590,568
590,578
590,579
590,1628
590,1642
591,560
591,572
591,583
591,3137
592,566
592,570
592,574
592,577
592,587
592,1751
593,552
593,558
593,569
593,573
593,575
593,580
594,552
594,573
594,588
594,2207
594,2229
595,599
595,628
595,669
595,678
595,1538
595,1545
596,671
596,685
596,996
596,1498
596,1549
596,1577
597,608
597,620
597,651
597,662
598,614
598,657
598,665
598,695
598,3099
598,3110
599,595
599,603
599,663
599,669
599,678
600,631
600,643
600,646
600,653
600,672
600,682
600,692
601,625
601,636
601,669
601,1539
601,1564
601,1580
602,637
602,665
602,683
602,692
602,811
602,837
603,599
603,654
603,659
603,663
603,677
603,678
604,615
604,617
604,621
604,658
604,668
604,686
605,649
605,662
605,677
605,680
606,609
606,611
606,612
606,617
606,634
606,773
606,780
607,619
607,620
607,634
607,652
607,674
607,690
608,597
608,620
608,651
608,652
608,681
608,689
609,606
609,612
609,615
609,617
609,664
609,680
610,616
610,639
610,644
610,657
610,693
610,742
610,760
610,1241
611,606
611,634
611,645
611,674
611,738
611,773
612,606
612,609
612,619
612,634
612,680
614,598
614,639
614,641
614,643
614,646
614,657
614,665
614,695
613,648
613,658
613,649
613,668
615,604
615,609
615,617
615,664
615,668
615,686
616,610
616,639
616,641
616,693
617,604
617,606
617,609
617,615
617,686
617,779
617,780
618,674
618,687
618,690
618,691
619,607
619,612
619,620
619,634
619,680
620,597
620,607
620,608
620,619
620,652
620,662
620,680
621,604
621,632
621,640
621,647
621,658
621,686
622,627
622,633
622,635
622,667
622,676
622,694
623,642
623,656
623,654
623,666
623,678
623,684
623,688
624,627
624,629
624,676
624,691
624,761
624,1105
625,601
625,636
625,650
625,663
625,669
625,679
626,640
626,641
626,643
626,647
626,693
627,622
627,624
627,635
627,676
627,690
627,691
628,595
628,630
628,656
628,678
628,844
628,1505
628,1538
629,624
629,670
629,676
629,1020
629,1062
629,1105
630,628
630,656
630,660
630,688
630,817
630,844
631,600
631,642
631,660
631,675
631,682
631,692
632,621
632,640
632,686
632,700
632,752
633,622
633,667
633,673
633,685
633,694
633,1561
634,606
634,607
634,611
634,612
634,619
634,674
635,622
635,627
635,652
635,667
635,689
635,690
636,601
636,625
636,650
636,651
636,1580
637,602
637,683
637,819
637,837
637,3067
637,3078
638,655
638,670
638,671
638,676
638,685
638,694
639,610
639,614
639,616
639,641
639,657
640,621
640,626
640,632
640,647
640,693
640,742
640,752
641,614
641,616
641,626
641,639
641,643
641,693
642,623
642,631
642,660
642,666
642,682
642,688
644,610
644,657
644,1233
644,1241
644,1310
644,3075
643,600
643,614
643,626
643,641
643,646
643,647
643,653
643,672
643,696
645,611
645,674
645,687
645,738
646,600
646,614
646,643
646,665
646,692
647,621
647,626
647,640
647,643
647,658
647,696
648,613
648,658
648,649
648,654
648,659
648,677
648,684
656,623
656,628
656,630
656,678
656,688
657,598
657,610
657,614
657,639
657,644
657,3075
657,3110
658,604
658,613
658,621
658,647
658,648
658,668
658,684
658,696
649,605
649,613
649,648
649,664
649,668
649,677
649,680
650,625
650,636
650,651
650,662
650,663
650,677
651,597
651,608
651,636
651,650
651,662
651,681
651,1580
651,1583
651,1584
652,607
652,608
652,620
652,635
652,689
652,690
653,600
653,643
653,666
653,672
653,682
653,696
654,603
654,623
654,648
654,659
654,678
654,684
655,638
655,670
655,671
655,1062
655,1071
659,603
659,648
659,654
659,677
660,630
660,631
660,642
660,675
660,688
660,817
660,846
661,673
661,681
661,1532
661,1585
661,1583
662,597
662,605
662,620
662,650
662,651
662,677
662,680
663,599
663,603
663,625
663,650
663,669
663,677
663,679
664,609
664,615
664,649
664,668
664,680
665,598
665,602
665,614
665,646
665,683
665,692
665,695
666,623
666,642
666,653
666,682
666,684
666,696
667,622
667,633
667,635
667,673
667,689
668,604
668,613
668,615
668,658
668,649
668,664
669,595
669,599
669,601
669,625
669,663
669,679
669,1545
669,1564
669,1569
670,629
670,638
670,655
670,676
670,1062
671,596
671,638
671,655
671,685
671,996
671,1071
672,600
672,643
672,653
673,633
673,661
673,667
673,681
673,689
673,1561
673,1585
674,607
674,611
674,618
674,634
674,645
674,687
674,690
675,631
675,660
675,692
675,811
675,846
675,858
675,870
681,608
681,651
681,661
681,673
681,689
681,1583
681,1584
676,622
676,624
676,627
676,629
676,638
676,670
676,694
677,603
677,605
677,648
677,649
677,650
677,659
677,662
677,663
678,595
678,599
678,603
678,623
678,628
678,656
678,654
679,625
679,663
679,669
680,605
680,609
680,612
680,619
680,620
680,649
680,662
680,664
682,600
682,631
682,642
682,653
682,666
683,602
683,637
683,665
683,695
683,3068
683,3078
684,623
684,648
684,658
684,654
684,666
684,696
685,596
685,633
685,638
685,671
685,694
685,1498
685,1561
686,604
686,615
686,617
686,621
686,632
686,700
686,779
686,782
687,618
687,645
687,674
687,691
687,722
687,738
688,623
688,630
688,642
688,656
688,660
689,608
689,635
689,652
689,667
689,673
689,681
690,607
690,618
690,627
690,635
690,652
690,674
690,691
691,618
691,624
691,627
691,687
691,690
691,722
691,761
692,600
692,602
692,631
692,646
692,665
692,675
692,811
693,610
693,616
693,626
693,640
693,641
693,742
694,622
694,633
694,638
694,676
694,685
695,598
695,614
695,665
695,683
695,3068
695,3099
696,643
696,647
696,658
696,653
696,666
696,684
697,698
697,734
697,786
697,2095
697,2122
698,697
698,711
698,731
698,753
698,786
698,788
698,2061
698,2104
698,2122
699,703
699,713
699,732
699,736
699,737
699,768
700,632
700,686
700,733
700,752
700,775
700,782
700,787
701,714
701,723
701,734
701,786
702,708
702,725
702,728
702,745
702,750
703,699
703,732
703,737
703,749
703,751
704,705
704,708
704,730
704,775
704,787
705,704
705,721
705,730
705,748
705,762
705,787
706,718
706,735
706,767
706,784
706,1048
706,1085
706,1104
707,724
707,756
707,757
707,763
707,773
707,780
708,702
708,704
708,725
708,730
708,750
708,775
708,776
709,715
709,727
709,755
709,758
709,784
709,1074
710,715
710,724
710,738
710,747
710,759
712,720
712,754
712,765
712,1000
712,2050
712,2072
713,699
713,720
713,736
713,765
713,766
713,768
711,698
711,740
711,753
711,772
711,2061
711,2127
714,701
714,723
714,729
714,734
714,744
714,764
715,709
715,710
715,747
715,755
715,758
715,759
715,769
715,783
716,739
716,740
716,746
716,753
716,770
716,1244
716,1308
717,720
717,729
717,766
717,777
717,785
718,706
718,727
718,784
718,1048
719,750
719,757
719,775
719,779
719,782
720,712
720,713
720,717
720,765
720,766
720,777
720,2050
720,2072
721,705
721,739
721,746
721,748
721,762
721,771
721,781
722,687
722,691
722,738
722,759
722,761
722,778
722,783
723,701
723,714
723,730
723,731
723,744
723,748
723,776
723,781
723,786
724,707
724,710
724,738
724,743
724,747
724,749
724,756
724,773
725,702
725,708
725,726
725,744
725,745
725,776
726,725
726,729
726,744
726,745
726,766
726,768
727,709
727,718
727,784
727,1039
727,1048
727,1074
728,702
728,745
728,750
728,751
728,763
729,714
729,717
729,726
729,744
729,764
729,766
729,785
730,704
730,705
730,708
730,723
730,748
730,776
731,698
731,723
731,781
731,786
731,788
732,699
732,703
732,736
732,743
732,749
732,767
732,784
733,700
733,742
733,741
733,752
733,760
733,762
733,771
733,787
734,697
734,701
734,714
734,764
734,786
734,2060
734,2095
735,706
735,736
735,765
735,767
735,774
735,1013
735,1104
736,699
736,713
736,732
736,735
736,765
736,767
737,699
737,703
737,745
737,751
737,768
738,611
738,645
738,687
738,710
738,722
738,724
738,759
738,773
739,716
739,721
739,746
739,753
739,781
739,788
740,711
740,716
740,753
740,772
740,1242
740,1308
742,610
742,640
742,693
742,733
742,752
742,760
741,733
741,760
741,770
741,771
741,1241
743,724
743,732
743,747
743,749
743,755
743,784
744,714
744,723
744,725
744,726
744,729
744,776
745,702
745,725
745,726
745,728
745,737
745,751
745,768
746,716
746,721
746,739
746,762
746,770
746,771
747,710
747,715
747,724
747,743
747,755
748,705
748,721
748,723
748,730
748,781
749,703
749,724
749,732
749,743
749,751
749,756
750,702
750,708
750,719
750,728
750,757
750,763
750,775
751,703
751,728
751,737
751,745
751,749
751,756
751,763
752,632
752,640
752,700
752,733
752,742
753,698
753,711
753,716
753,739
753,740
753,772
753,788
754,712
754,765
754,774
754,1000
755,709
755,715
755,743
755,747
755,784
756,707
756,724
756,749
756,751
756,763
757,707
757,719
757,750
757,763
757,779
757,780
758,709
758,715
758,769
758,1006
758,1038
758,1074
759,710
759,715
759,722
759,738
759,783
760,610
760,733
760,742
760,741
760,771
760,1241
761,624
761,691
761,722
761,778
761,1043
761,1105
762,705
762,721
762,733
762,746
762,771
762,787
763,707
763,728
763,750
763,751
763,756
763,757
764,714
764,729
764,734
764,785
764,2060
765,712
765,713
765,720
765,735
765,736
765,754
765,774
766,713
766,717
766,720
766,726
766,729
766,768
770,716
770,741
770,746
770,771
770,1241
770,1244
767,706
767,732
767,735
767,736
767,784
768,699
768,713
768,726
768,737
768,745
768,766
769,715
769,758
769,783
769,1022
769,1038
771,721
771,733
771,741
771,746
771,760
771,762
771,770
772,711
772,740
772,753
772,1242
772,1260
772,2127
773,606
773,611
773,707
773,724
773,738
773,780
774,735
774,754
774,765
774,1000
774,1013
774,1031
775,700
775,704
775,708
775,719
775,750
775,782
775,787
776,708
776,723
776,725
776,730
776,744
777,717
777,720
777,785
777,2050
777,2109
778,722
778,761
778,783
778,1043
779,617
779,686
779,719
779,757
779,780
779,782
780,606
780,617
780,707
780,757
780,773
780,779
781,721
781,723
781,731
781,739
781,748
781,788
782,686
782,700
782,719
782,775
782,779
783,715
783,722
783,759
783,769
783,778
783,1022
783,1043
784,706
784,709
784,718
784,727
784,732
784,743
784,755
784,767
785,717
785,729
785,764
785,777
785,2060
785,2109
786,697
786,698
786,701
786,723
786,731
786,734
787,700
787,704
787,705
787,733
787,762
787,775
788,698
788,731
788,739
788,753
788,781
789,790
789,793
789,803
789,813
789,827
789,849
789,876
790,789
790,803
790,857
790,861
790,868
790,875
790,876
791,810
791,821
791,884
791,1341
791,3057
791,3108
792,814
792,847
792,856
792,878
792,881
792,1568
792,1575
793,789
793,802
793,803
793,812
793,827
793,871
794,795
794,798
794,836
794,840
794,845
794,867
794,874
795,794
795,797
795,798
795,800
795,821
795,826
795,874
796,813
796,825
796,828
796,865
796,873
796,882
797,795
797,798
797,800
797,807
797,821
797,822
798,794
798,795
798,797
798,810
798,816
798,821
798,845
799,801
799,806
799,809
799,835
799,859
799,862
799,864
799,869
800,795
800,797
800,805
800,807
800,822
800,823
800,826
800,830
801,799
801,802
801,825
801,864
801,869
801,882
802,793
802,801
802,812
802,825
802,827
802,869
802,871
803,789
803,790
803,793
803,827
803,857
803,866
803,871
804,811
804,840
804,841
804,845
804,858
804,870
805,800
805,822
805,823
805,829
805,854
805,883
805,886
805,887
806,799
806,809
806,835
806,859
806,863
806,869
806,872
806,885
807,797
807,800
807,821
807,822
807,833
807,854
807,884
808,815
808,847
808,849
808,868
808,876
808,879
808,881
809,799
809,806
809,818
809,820
809,859
809,860
809,862
809,864
810,791
810,798
810,816
810,819
810,821
810,884
810,3057
810,3067
811,602
811,675
811,692
811,804
811,837
811,841
811,870
812,793
812,802
812,831
812,835
812,855
812,869
812,871
812,885
813,789
813,796
813,825
813,827
813,849
813,865
813,879
814,792
814,839
814,856
814,877
814,878
814,1575
814,1576
815,808
815,847
815,868
815,876
815,881
815,1523
815,1547
816,798
816,810
816,819
816,821
816,841
816,845
817,630
817,660
817,832
817,844
817,846
818,809
818,820
818,859
818,860
818,862
818,1345
819,637
819,810
819,816
819,837
819,841
819,3067
820,809
820,818
820,843
820,862
820,1345
820,1358
821,791
821,795
821,797
821,798
821,807
821,810
821,816
821,884
822,797
822,800
822,805
822,807
822,823
822,833
822,854
823,800
823,805
823,822
823,826
823,828
823,829
823,830
823,887
824,853
824,857
824,861
824,1485
824,1666
824,1719
825,796
825,801
825,802
825,813
825,827
825,882
826,795
826,800
826,823
826,830
826,852
826,874
827,789
827,793
827,802
827,803
827,813
827,825
827,849
828,796
828,823
828,830
828,873
828,882
828,887
829,805
829,823
829,834
829,843
829,883
829,886
829,887
830,800
830,823
830,826
830,828
830,852
830,873
830,887
831,812
831,855
831,866
831,871
831,1664
831,1742
832,817
832,839
832,844
832,846
832,877
832,880
833,807
833,822
833,854
833,884
833,1336
833,1363
834,829
834,843
834,862
834,864
834,882
834,887
835,799
835,806
835,812
835,855
835,869
835,885
836,794
836,840
836,842
836,845
836,867
836,874
836,880
837,602
837,637
837,811
837,819
837,841
838,850
838,851
838,852
838,865
838,867
838,873
838,874
839,814
839,832
839,842
839,877
839,878
839,880
840,794
840,804
840,836
840,845
840,846
840,858
840,880
841,804
841,811
841,816
841,819
841,837
841,845
842,836
842,839
842,850
842,867
842,878
842,880
843,820
843,829
843,834
843,862
843,864
843,883
843,887
843,1335
843,1358
844,628
844,630
844,817
844,832
844,877
844,1505
845,794
845,798
845,804
845,816
845,836
845,840
845,841
846,660
846,675
846,817
846,832
846,840
846,858
846,880
847,792
847,808
847,815
847,851
847,856
847,879
847,881
848,859
848,860
848,872
848,1366
848,1380
848,2401
848,2409
849,789
849,808
849,813
849,827
849,865
849,876
849,879
850,838
850,842
850,851
850,856
850,867
850,878
851,838
851,847
851,850
851,856
851,865
851,879
852,826
852,830
852,838
852,867
852,873
852,874
853,824
853,857
853,861
853,866
853,1666
853,1730
854,805
854,807
854,822
854,833
854,886
854,1363
855,812
855,831
855,835
855,885
855,1664
855,1740
856,792
856,814
856,847
856,850
856,851
856,878
856,881
857,790
857,803
857,824
857,853
857,861
857,866
857,875
858,675
858,804
858,840
858,846
858,870
859,799
859,806
859,809
859,818
859,848
859,860
859,863
859,872
860,809
860,818
860,848
860,859
860,872
860,1345
860,1366
861,790
861,824
861,853
861,857
861,875
861,1485
861,1556
862,799
862,809
862,818
862,820
862,834
862,843
862,864
863,806
863,859
863,872
863,885
863,2423
864,799
864,801
864,809
864,834
864,843
864,862
864,869
864,882
865,796
865,813
865,838
865,849
865,851
865,873
865,879
866,803
866,831
866,853
866,857
866,871
866,1681
866,1730
866,1742
867,794
867,836
867,838
867,842
867,850
867,852
867,874
868,790
868,808
868,815
868,875
868,876
868,1523
868,1596
869,799
869,801
869,802
869,806
869,812
869,835
869,864
870,675
870,804
870,811
870,858
871,793
871,802
871,803
871,812
871,831
871,866
872,806
872,848
872,859
872,860
872,863
872,2401
872,2423
873,796
873,828
873,830
873,838
873,852
873,865
874,794
874,795
874,826
874,836
874,838
874,852
874,867
875,790
875,857
875,861
875,868
875,876
875,1556
875,1596
876,789
876,790
876,808
876,815
876,849
876,868
876,875
877,814
877,832
877,839
877,844
877,878
877,1505
877,1576
878,792
878,814
878,839
878,842
878,850
878,856
878,877
879,808
879,813
879,847
879,849
879,851
879,865
880,832
880,836
880,839
880,840
880,842
880,846
881,792
881,808
881,815
881,847
881,856
881,1547
881,1568
882,796
882,801
882,825
882,828
882,834
882,864
882,887
883,805
883,829
883,843
883,886
883,1335
883,1337
884,791
884,807
884,810
884,821
884,833
884,1336
884,1341
885,806
885,812
885,835
885,855
885,863
885,1675
885,1740
885,2423
886,805
886,829
886,854
886,883
886,1337
886,1363
887,805
887,823
887,828
887,829
887,830
887,834
887,843
887,882
888,889
888,893
888,903
888,941
888,954
888,990
888,991
889,888
889,893
889,903
889,917
889,941
889,948
889,991
890,894
890,909
890,930
890,931
890,939
890,1493
890,1565
891,904
891,926
891,935
891,936
891,963
891,2131
891,2205
892,914
892,960
892,967
892,970
892,971
892,980
893,888
893,889
893,906
893,941
893,954
893,1591
894,890
894,909
894,930
894,953
894,1727
895,896
895,905
895,912
895,924
895,927
895,944
895,974
895,983
896,895
896,924
896,943
896,944
896,951
897,905
897,912
897,950
897,2186
897,2203
898,906
898,937
898,1531
898,1555
898,2147
898,2187
899,277
899,308
899,964
899,978
899,1682
900,904
900,916
900,936
900,947
900,2133
900,2159
901,902
901,908
901,918
901,959
901,968
901,988
902,901
902,932
902,949
902,959
902,966
902,988
903,888
903,889
903,917
903,924
903,943
903,957
903,991
904,891
904,900
904,936
904,2159
904,2205
905,895
905,897
905,912
905,974
905,983
905,2165
905,2186
906,893
906,898
906,937
906,954
906,1488
906,1531
906,1591
907,956
907,964
907,977
907,984
907,1686
907,1726
908,901
908,918
908,946
908,944
908,951
908,959
908,972
909,890
909,894
909,1484
909,1493
909,1526
909,1727
910,917
910,931
910,933
910,939
910,948
910,957
910,976
911,916
911,929
911,936
911,960
911,963
911,980
912,895
912,897
912,905
912,924
912,950
912,990
913,955
913,958
913,969
913,970
913,971
913,985
914,892
914,940
914,946
914,967
914,971
914,972
915,921
915,922
915,928
915,929
915,934
915,938
915,955
915,973
916,900
916,911
916,922
916,929
916,936
916,947
917,889
917,903
917,910
917,933
917,941
917,948
917,957
918,901
918,908
918,951
918,968
918,986
919,920
919,938
919,942
919,955
919,973
919,977
919,984
919,985
920,919
920,956
920,961
920,969
920,977
920,985
921,915
921,925
921,928
921,934
921,981
921,982
922,915
922,916
922,928
922,929
922,947
923,254
923,276
923,295
923,925
923,987
923,989
924,895
924,896
924,903
924,912
924,943
924,990
924,991
925,295
925,921
925,923
925,934
925,981
925,989
926,891
926,935
926,983
926,2131
926,2156
927,895
927,946
927,944
927,965
927,974
928,915
928,921
928,922
928,934
928,947
928,975
928,982
929,911
929,915
929,916
929,922
929,955
929,960
930,890
930,894
930,931
930,953
930,962
930,976
931,890
931,910
931,930
931,939
931,976
932,902
932,949
932,958
932,966
932,979
932,1718
932,1744
933,910
933,917
933,939
933,948
933,992
933,1501
933,1530
934,915
934,921
934,925
934,928
934,973
934,981
934,989
935,891
935,926
935,963
935,965
935,974
935,983
936,891
936,900
936,904
936,911
936,916
936,963
937,898
937,906
937,950
937,954
937,2147
937,2182
938,915
938,919
938,955
938,973
939,890
939,910
939,931
939,933
939,992
939,1565
940,914
940,949
940,958
940,959
940,971
940,972
941,888
941,889
941,893
941,917
941,948
941,1489
941,1591
942,919
942,973
942,978
942,984
942,987
942,989
943,896
943,903
943,924
943,951
943,957
943,986
946,908
946,914
946,927
946,944
946,965
946,967
946,972
944,895
944,896
944,908
944,927
944,946
944,951
944,972
945,953
945,962
945,968
945,988
945,1687
945,1720
947,900
947,916
947,922
947,928
947,975
947,2133
948,889
948,910
948,917
948,933
948,941
948,1489
948,1501
949,902
949,932
949,940
949,958
949,959
950,897
950,912
950,937
950,954
950,990
950,2182
950,2203
951,896
951,908
951,918
951,943
951,944
951,986
952,249
952,981
952,982
952,2142
952,2199
953,894
953,930
953,945
953,962
953,1720
953,1727
954,888
954,893
954,906
954,937
954,950
954,990
954,991
955,913
955,915
955,919
955,929
955,938
955,960
955,970
955,985
956,907
956,920
956,961
956,977
956,1686
956,1695
957,903
957,910
957,917
957,943
957,976
957,986
958,913
958,932
958,940
958,949
958,969
958,971
958,979
959,901
959,902
959,908
959,940
959,949
959,972
960,892
960,911
960,929
960,955
960,970
960,980
961,920
961,956
961,969
961,979
961,1684
961,1695
962,930
962,945
962,953
962,968
962,976
962,986
963,891
963,911
963,935
963,936
963,965
963,980
964,899
964,907
964,978
964,984
964,1682
964,1697
964,1726
965,927
965,935
965,946
965,963
965,967
965,974
965,980
966,902
966,932
966,988
966,1701
966,1718
966,1738
967,892
967,914
967,946
967,965
967,980
968,901
968,918
968,945
968,962
968,986
968,988
969,913
969,920
969,958
969,961
969,979
969,985
970,892
970,913
970,955
970,960
970,971
971,892
971,913
971,914
971,940
971,958
971,970
972,908
972,914
972,940
972,946
972,944
972,959
973,915
973,919
973,934
973,938
973,942
973,989
974,895
974,905
974,927
974,935
974,965
974,983
975,928
975,947
975,982
975,2133
975,2199
976,910
976,930
976,931
976,957
976,962
976,986
977,907
977,919
977,920
977,956
977,984
978,277
978,899
978,942
978,964
978,984
978,987
979,932
979,958
979,961
979,969
979,1684
979,1744
980,892
980,911
980,960
980,963
980,965
980,967
981,249
981,295
981,921
981,925
981,934
981,952
981,982
982,921
982,928
982,952
982,975
982,981
982,2199
983,895
983,905
983,926
983,935
983,974
983,2156
983,2165
984,907
984,919
984,942
984,964
984,977
984,978
985,913
985,919
985,920
985,955
985,969
986,918
986,943
986,951
986,957
986,962
986,968
986,976
987,254
987,277
987,923
987,942
987,978
987,989
988,901
988,902
988,945
988,966
988,968
988,1687
988,1701
988,1738
989,923
989,925
989,934
989,942
989,973
989,987
990,888
990,912
990,924
990,950
990,954
990,991
991,888
991,889
991,903
991,924
991,954
991,990
992,933
992,939
992,1506
992,1530
992,1565
993,1015
993,1021
993,1036
993,1077
993,1096
993,1101
994,997
994,1078
994,1099
994,1106
994,2480
994,2509
995,1029
995,1076
995,1082
995,1098
995,1100
995,1107
995,1112
996,596
996,671
996,1012
996,1071
996,1549
997,994
997,1023
997,1042
997,1077
997,1078
997,1106
998,1001
998,1027
998,1075
998,1079
998,1083
998,1095
999,1018
999,1040
999,1053
999,1058
999,1110
999,2439
999,2887
1000,712
1000,754
1000,774
1000,1031
1000,1033
1000,1051
1000,2072
1001,998
1001,1017
1001,1026
1001,1041
1001,1079
1001,1083
1001,1097
1002,1014
1002,1037
1002,1056
1002,2085
1002,3040
1003,1015
1003,1032
1003,1061
1003,1067
1003,1076
1003,1107
1004,1041
1004,1070
1004,1088
1004,1093
1004,2049
1004,2054
1005,1052
1005,1057
1005,1066
1005,1087
1005,1089
1005,1111
1006,758
1006,1035
1006,1038
1006,1039
1006,1074
1006,1084
1007,1039
1007,1048
1007,1082
1007,1100
1008,1023
1008,1035
1008,1063
1008,1081
1008,1084
1008,1106
1009,1016
1009,1020
1009,1046
1009,1064
1009,1103
1009,1109
1010,1034
1010,1068
1010,1103
1010,2466
1010,2507
1011,1051
1011,1088
1011,2054
1011,2072
1012,996
1012,1034
1012,1045
1012,1071
1012,1549
1013,735
1013,774
1013,1031
1013,1044
1013,1086
1013,1104
1014,1002
1014,1024
1014,1037
1014,1056
1014,1060
1014,1095
1015,993
1015,1003
1015,1061
1015,1067
1015,1092
1015,1096
1015,1101
1016,1009
1016,1046
1016,1081
1016,1102
1016,1103
1016,2489
1016,2507
1017,1001
1017,1025
1017,1026
1017,1065
1017,1079
1017,1091
1018,999
1018,1047
1018,1053
1018,1055
1018,1058
1018,1087
1018,1089
1019,1021
1019,1096
1019,1108
1019,2440
1019,2495
1020,629
1020,1009
1020,1062
1020,1064
1020,1105
1020,1109
1021,993
1021,1019
1021,1077
1021,1078
1021,1096
1021,2440
1022,769
1022,783
1022,1038
1022,1043
1022,1073
1022,1084
1023,997
1023,1008
1023,1035
1023,1042
1023,1106
1024,1014
1024,1056
1024,1080
1024,1095
1025,1017
1025,1047
1025,1057
1025,1065
1025,1091
1026,1001
1026,1017
1026,1049
1026,1065
1026,1097
1026,1112
1027,998
1027,1060
1027,1070
1027,1083
1027,1093
1027,1095
1028,1050
1028,1052
1028,1066
1028,1069
1028,1090
1029,995
1029,1044
1029,1086
1029,1097
1029,1098
1029,1112
1030,1045
1030,1549
1030,1554
1030,2474
1030,2492
1031,774
1031,1000
1031,1013
1031,1033
1031,1086
1032,1003
1032,1049
1032,1061
1032,1065
1032,1076
1032,1094
1033,1000
1033,1031
1033,1041
1033,1051
1033,1086
1033,1088
1033,1097
1034,1010
1034,1012
1034,1045
1034,1071
1034,1068
1034,2466
1034,2518
1035,1006
1035,1008
1035,1023
1035,1039
1035,1042
1035,1084
1036,993
1036,1042
1036,1054
1036,1077
1036,1101
1037,1002
1037,1014
1037,1060
1037,2085
1037,2114
1038,758
1038,769
1038,1006
1038,1022
1038,1084
1039,727
1039,1006
1039,1007
1039,1035
1039,1042
1039,1048
1039,1054
1039,1074
1039,1082
1040,999
1040,1058
1040,1059
1040,1089
1040,2887
1040,2949
1041,1001
1041,1004
1041,1033
1041,1083
1041,1088
1041,1093
1041,1097
1042,997
1042,1023
1042,1035
1042,1036
1042,1039
1042,1054
1042,1077
1043,761
1043,778
1043,783
1043,1022
1043,1073
1043,1105
1043,1109
1044,1013
1044,1029
1044,1085
1044,1086
1044,1098
1044,1104
1045,1012
1045,1030
1045,1034
1045,1549
1045,2492
1045,2518
1046,1009
1046,1016
1046,1073
1046,1081
1046,1109
1047,1018
1047,1025
1047,1055
1047,1057
1047,1065
1047,1087
1047,1094
1048,706
1048,718
1048,727
1048,1007
1048,1039
1048,1085
1048,1098
1048,1100
1049,1026
1049,1032
1049,1065
1049,1076
1049,1112
1050,1028
1050,1056
1050,1066
1050,1069
1050,1080
1051,1000
1051,1011
1051,1033
1051,1088
1051,2072
1052,1005
1052,1028
1052,1059
1052,1066
1052,1089
1052,1090
1053,999
1053,1018
1053,1055
1053,1110
1054,1036
1054,1039
1054,1042
1054,1067
1054,1082
1054,1101
1055,1018
1055,1047
1055,1053
1055,1072
1055,1092
1055,1094
1055,1110
1056,1002
1056,1014
1056,1024
1056,1050
1056,1069
1056,1080
1056,3040
1057,1005
1057,1025
1057,1047
1057,1087
1057,1091
1057,1111
1058,999
1058,1018
1058,1040
1058,1089
1059,1040
1059,1052
1059,1089
1059,1090
1059,2949
1060,1014
1060,1027
1060,1037
1060,1070
1060,1095
1060,2042
1060,2114
1061,1003
1061,1015
1061,1032
1061,1092
1061,1094
1062,629
1062,655
1062,670
1062,1020
1062,1064
1062,1071
1062,1068
1063,1008
1063,1081
1063,1099
1063,1102
1063,1106
1063,2500
1064,1009
1064,1020
1064,1062
1064,1068
1064,1103
1071,655
1071,671
1071,996
1071,1012
1071,1034
1071,1062
1071,1068
1072,1055
1072,1092
1072,1108
1072,1110
1072,2433
1072,2502
1073,1022
1073,1043
1073,1046
1073,1081
1073,1084
1073,1109
1065,1017
1065,1025
1065,1026
1065,1032
1065,1047
1065,1049
1065,1094
1066,1005
1066,1028
1066,1050
1066,1052
1066,1080
1066,1111
1067,1003
1067,1015
1067,1054
1067,1082
1067,1101
1067,1107
1068,1010
1068,1034
1068,1062
1068,1064
1068,1071
1068,1103
1069,1028
1069,1050
1069,1056
1069,1090
1069,3020
1069,3040
1070,1004
1070,1027
1070,1060
1070,1093
1070,2042
1070,2049
1074,709
1074,727
1074,758
1074,1006
1074,1039
1075,998
1075,1079
1075,1080
1075,1091
1075,1095
1075,1111
1076,995
1076,1003
1076,1032
1076,1049
1076,1107
1076,1112
1077,993
1077,997
1077,1021
1077,1036
1077,1042
1077,1078
1078,994
1078,997
1078,1021
1078,1077
1078,2440
1078,2480
1079,998
1079,1001
1079,1017
1079,1075
1079,1083
1079,1091
1080,1024
1080,1050
1080,1056
1080,1066
1080,1075
1080,1095
1080,1111
1081,1008
1081,1016
1081,1046
1081,1063
1081,1073
1081,1084
1081,1102
1082,995
1082,1007
1082,1039
1082,1054
1082,1067
1082,1100
1082,1107
1083,998
1083,1001
1083,1027
1083,1041
1083,1079
1083,1093
1084,1006
1084,1008
1084,1022
1084,1035
1084,1038
1084,1073
1084,1081
1085,706
1085,1044
1085,1048
1085,1098
1085,1104
1086,1013
1086,1029
1086,1031
1086,1033
1086,1044
1086,1097
1087,1005
1087,1018
1087,1047
1087,1057
1087,1089
1088,1004
1088,1011
1088,1033
1088,1041
1088,1051
1088,2054
1089,1005
1089,1018
1089,1040
1089,1052
1089,1058
1089,1059
1089,1087
1090,1028
1090,1052
1090,1059
1090,1069
1090,2834
1090,2852
1090,2949
1090,3020
1091,1017
1091,1025
1091,1057
1091,1075
1091,1079
1091,1111
1092,1015
1092,1055
1092,1061
1092,1072
1092,1094
1092,1096
1092,1108
1093,1004
1093,1027
1093,1041
1093,1070
1093,1083
1094,1032
1094,1047
1094,1055
1094,1061
1094,1065
1094,1092
1095,998
1095,1014
1095,1024
1095,1027
1095,1060
1095,1075
1095,1080
1096,993
1096,1015
1096,1019
1096,1021
1096,1092
1096,1108
1097,1001
1097,1026
1097,1029
1097,1033
1097,1041
1097,1086
1097,1112
1098,995
1098,1029
1098,1044
1098,1048
1098,1085
1098,1100
1099,994
1099,1063
1099,1106
1099,2500
1099,2509
1100,995
1100,1007
1100,1048
1100,1082
1100,1098
1101,993
1101,1015
1101,1036
1101,1054
1101,1067
1102,1016
1102,1063
1102,1081
1102,2489
1102,2500
1103,1009
1103,1010
1103,1016
1103,1064
1103,1068
1103,2507
1104,706
1104,735
1104,1013
1104,1044
1104,1085
1105,624
1105,629
1105,761
1105,1020
1105,1043
1105,1109
1106,994
1106,997
1106,1008
1106,1023
1106,1063
1106,1099
1107,995
1107,1003
1107,1067
1107,1076
1107,1082
1108,1019
1108,1072
1108,1092
1108,1096
1108,2495
1108,2502
1109,1009
1109,1020
1109,1043
1109,1046
1109,1073
1109,1105
1110,999
1110,1053
1110,1055
1110,1072
1110,2433
1110,2439
1111,1005
1111,1057
1111,1066
1111,1075
1111,1080
1111,1091
1112,995
1112,1026
1112,1029
1112,1049
1112,1076
1112,1097
1113,1132
1113,1138
1113,1141
1113,1161
1113,1169
1114,1118
1114,1132
1114,1138
1114,1152
1114,1170
1115,1116
1115,1129
1115,1136
1115,1144
1115,1159
1115,1160
1116,1115
1116,1135
1116,1136
1116,1142
1116,1159
1116,1162
1116,1163
1116,1167
1117,1125
1117,1127
1117,1132
1117,1140
1117,1151
1117,1152
1117,1161
1117,1175
1118,1114
1118,1122
1118,1138
1118,1170
1118,2697
1119,1120
1119,1126
1119,1137
1119,1143
1119,1147
1119,1153
1119,1172
1119,1176
1120,148
1120,157
1120,1119
1120,1121
1120,1153
1120,1172
1121,157
1121,1120
1121,1128
1121,1153
1121,2555
1121,2623
1121,2676
1121,2704
1122,1118
1122,1124
1122,1138
1122,2697
1122,2702
1123,1125
1123,1133
1123,1137
1123,1140
1123,1149
1123,1154
1123,1176
1124,1122
1124,1138
1124,1169
1124,2644
1124,2702
1125,1117
1125,1123
1125,1127
1125,1133
1125,1140
1125,1166
1126,125
1126,181
1126,1119
1126,1143
1126,1168
1126,1172
1127,1117
1127,1125
1127,1151
1127,1166
1127,1175
1127,1401
1127,1479
1128,1121
1128,1147
1128,1153
1128,1155
1128,2704
1128,2731
1129,1115
1129,1131
1129,1136
1129,1144
1129,1158
1129,1173
1130,120
1130,1145
1130,1154
1130,1174
1130,1428
1130,1475
1131,1129
1131,1158
1131,1173
1131,1175
1131,1403
1131,1479
1132,1113
1132,1114
1132,1117
1132,1138
1132,1152
1132,1161
1133,1123
1133,1125
1133,1145
1133,1154
1133,1166
1134,1140
1134,1147
1134,1152
1134,1176
1135,1116
1135,1136
1135,1141
1135,1162
1135,1163
1135,1169
1136,1115
1136,1116
1136,1129
1136,1135
1136,1151
1136,1162
1136,1173
1137,1119
1137,1123
1137,1143
1137,1149
1137,1176
1139,1142
1139,1148
1139,1150
1139,1157
1139,1160
1139,1164
1138,1113
1138,1114
1138,1118
1138,1122
1138,1124
1138,1132
1138,1169
1141,1113
1141,1135
1141,1161
1141,1162
1141,1169
1142,1116
1142,1139
1142,1157
1142,1159
1142,1160
1142,1167
1140,1117
1140,1123
1140,1125
1140,1134
1140,1152
1140,1176
1143,1119
1143,1126
1143,1137
1143,1149
1143,1168
1144,1115
1144,1129
1144,1158
1144,1160
1144,1165
1145,1130
1145,1133
1145,1154
1145,1166
1145,1475
1146,113
1146,120
1146,181
1146,1149
1146,1154
1146,1168
1146,1174
1147,1119
1147,1128
1147,1134
1147,1152
1147,1153
1147,1155
1147,1170
1147,1176
1148,1139
1148,1150
1148,1156
1148,1164
1149,1123
1149,1137
1149,1143
1149,1146
1149,1154
1149,1168
1150,1139
1150,1148
1150,1156
1151,1117
1151,1127
1151,1136
1151,1161
1151,1162
1151,1173
1151,1175
1152,1114
1152,1117
1152,1132
1152,1134
1152,1140
1152,1147
1152,1170
1153,1119
1153,1120
1153,1121
1153,1128
1153,1147
1154,1123
1154,1130
1154,1133
1154,1145
1154,1146
1154,1149
1154,1174
1155,1128
1155,1147
1155,1170
1155,2697
1155,2723
1155,2731
1156,1148
1156,1150
1156,1164
1156,1423
1156,1424
1157,1139
1157,1142
1157,1160
1158,1129
1158,1131
1158,1144
1158,1165
1158,1403
1159,1115
1159,1116
1159,1142
1159,1160
1160,1115
1160,1139
1160,1142
1160,1144
1160,1157
1160,1159
1160,1164
1160,1165
1161,1113
1161,1117
1161,1132
1161,1141
1161,1151
1161,1162
1162,1116
1162,1135
1162,1136
1162,1141
1162,1151
1162,1161
1162,1163
1163,1116
1163,1135
1163,1162
1163,1167
1164,1139
1164,1148
1164,1156
1164,1160
1164,1165
1164,1171
1164,1423
1164,1455
1165,1144
1165,1158
1165,1160
1165,1164
1165,1171
1165,1403
1165,1457
1166,1125
1166,1127
1166,1133
1166,1145
1166,1401
1166,1411
1166,1432
1166,1475
1167,1116
1167,1142
1167,1163
1168,113
1168,181
1168,1126
1168,1143
1168,1146
1168,1149
1169,1113
1169,1124
1169,1135
1169,1138
1169,1141
1170,1114
1170,1118
1170,1147
1170,1152
1170,1155
1170,2697
1171,1164
1171,1165
1171,1446
1171,1455
1171,1457
1171,1474
1172,125
1172,148
1172,1119
1172,1120
1172,1126
1173,1129
1173,1131
1173,1136
1173,1151
1173,1175
1174,120
1174,1130
1174,1146
1174,1154
1175,1117
1175,1127
1175,1131
1175,1151
1175,1173
1175,1479
1176,1119
1176,1123
1176,1134
1176,1137
1176,1140
1176,1147
1177,1179
1177,1180
1177,1182
1177,1185
1177,1188
1178,1186
1178,1187
1178,1189
1178,1191
1179,1177
1179,1185
1179,1188
1179,1192
1180,1177
1180,1182
1180,1185
1180,1189
1181,1183
1181,1186
1181,1190
1181,1191
1182,1177
1182,1180
1182,1184
1182,1188
1182,1189
1182,1190
1183,1181
1183,1184
1183,1190
1184,1182
1184,1183
1184,1188
1184,1190
1185,1177
1185,1179
1185,1180
1185,1192
1185,1765
1185,1767
1186,1178
1186,1181
1186,1187
1186,1189
1186,1190
1186,1191
1187,1178
1187,1186
1187,1189
1188,1177
1188,1179
1188,1182
1188,1184
1189,1178
1189,1180
1189,1182
1189,1186
1189,1187
1189,1190
1190,1181
1190,1182
1190,1183
1190,1184
1190,1186
1190,1189
1191,1178
1191,1181
1191,1186
1192,1179
1192,1185
1192,1765
1192,1771
1192,1772
1193,1204
1193,1214
1193,2247
1193,2271
1193,2298
1193,3004
1193,3019
1193,3023
1194,1195
1194,1197
1194,1206
1194,1207
1194,1209
1194,1210
1194,1213
1194,1196
1195,1194
1195,1199
1195,1205
1195,1206
1195,1207
1195,1196
1195,2309
1197,1194
1197,1201
1197,1202
1197,1209
1197,1212
1197,1213
1198,316
1198,318
1198,1202
1198,1210
1198,1213
1199,1195
1199,1203
1199,1206
1199,2243
1199,2309
1200,317
1200,1205
1200,1207
1200,2257
1200,2278
1201,1197
1201,1209
1201,1212
1201,2856
1201,2883
1201,2919
1201,2936
1201,2946
1202,318
1202,1197
1202,1198
1202,1212
1202,1211
1202,1213
1202,1215
1203,1199
1203,1206
1203,1208
1203,1214
1203,2243
1203,2270
1203,2889
1204,1193
1204,2268
1204,2298
1204,3002
1204,3019
1204,3029
1205,1195
1205,1200
1205,1207
1205,2278
1205,2309
1206,1194
1206,1195
1206,1199
1206,1203
1206,1208
1206,1209
1207,316
1207,317
1207,1194
1207,1195
1207,1200
1207,1205
1207,1210
1208,319
1208,1203
1208,1206
1208,1209
1208,2826
1208,2856
1208,2889
1209,319
1209,1194
1209,1197
1209,1201
1209,1206
1209,1208
1209,2856
1209,2821
1210,316
1210,1194
1210,1198
1210,1207
1210,1213
1212,1197
1212,1201
1212,1202
1212,1211
1212,2906
1212,2946
1211,1202
1211,1212
1211,1215
1211,1216
1211,2819
1211,2906
1213,1194
1213,1197
1213,1198
1213,1202
1213,1210
1214,1193
1214,1203
1214,2270
1214,2271
1214,2889
1214,2992
1214,3009
1214,3023
1215,318
1215,1202
1215,1211
1215,1216
1216,318
1216,1211
1216,1215
1216,2819
1196,1194
1196,1195
1217,1219
1217,1220
1217,1228
1218,310
1218,1222
1218,1223
1218,1224
1218,1837
1218,1840
1218,1868
1218,2806
1219,1217
1219,1220
1219,1227
1219,1228
1219,2310
1219,2312
1219,2313
1220,1217
1220,1219
1220,1226
1221,1225
1221,1229
1221,1769
1221,1771
1222,1218
1222,1224
1222,1230
1222,1766
1222,2806
1222,2817
1223,314
1223,315
1223,310
1223,1218
1223,1224
1223,1230
1224,1218
1224,1222
1224,1223
1224,1230
1225,1221
1225,1227
1225,1229
1225,1230
1225,1769
1226,1220
1227,1219
1227,1225
1227,1228
1227,1229
1227,1230
1227,2313
1228,1217
1228,1219
1228,1227
1228,1229
1229,1221
1229,1225
1229,1227
1229,1228
1230,315
1230,1222
1230,1223
1230,1224
1230,1225
1230,1227
1230,1766
1230,1769
1230,2313
1231,1234
1231,1265
1231,1295
1231,1298
1232,1251
1232,1272
1232,1278
1232,1282
1232,1305
1233,644
1233,1238
1233,1269
1233,1271
1233,1300
1233,1310
1233,3075
1233,3097
1234,1231
1234,1290
1234,1298
1234,1301
1235,1245
1235,1250
1235,1258
1235,1270
1235,1275
1235,1299
1236,1239
1236,1256
1236,1262
1236,1265
1236,1295
1237,1261
1237,1266
1237,1282
1238,1233
1238,1243
1238,1253
1238,1264
1238,1269
1238,1271
1239,1236
1239,1256
1239,1262
1239,1286
1239,1303
1239,1309
1240,1258
1240,1275
1240,1281
1240,1313
1240,3060
1240,3076
1241,610
1241,644
1241,741
1241,760
1241,770
1241,1244
1241,1310
1242,740
1242,772
1242,1243
1242,1260
1242,1269
1242,1308
1243,1238
1243,1242
1243,1253
1243,1260
1243,1268
1243,1269
1243,1308
1244,716
1244,770
1244,1241
1244,1269
1244,1308
1244,1310
1245,1235
1245,1246
1245,1254
1245,1275
1245,1279
1245,1299
1245,1305
1246,1245
1246,1254
1246,1279
1246,1290
1246,1299
1246,1301
1247,1278
1247,1279
1247,1301
1248,1256
1248,1267
1248,1284
1248,1286
1248,1287
1248,1297
1248,1302
1249,1253
1249,1259
1249,1263
1249,1264
1249,1289
1249,1306
1250,1235
1250,1270
1250,1287
1250,1290
1250,1295
1250,1298
1250,1299
1250,1302
1251,1232
1251,1275
1251,1282
1251,1285
1251,1305
1251,3060
1252,1266
1252,1282
1252,1285
1252,3064
1252,3083
1253,1238
1253,1243
1253,1249
1253,1263
1253,1264
1253,1268
1254,1245
1254,1246
1254,1279
1255,1274
1255,1277
1255,1293
1255,1303
1255,1306
1255,1309
1256,1236
1256,1239
1256,1248
1256,1267
1256,1286
1256,1295
1256,1302
1257,1266
1257,1296
1257,3047
1257,3071
1257,3109
1258,1235
1258,1240
1258,1270
1258,1275
1258,1281
1258,1287
1258,1313
1259,1249
1259,1264
1259,1267
1259,1286
1259,1289
1259,1303
1259,1306
1260,772
1260,1242
1260,1243
1260,1268
1260,1276
1260,2067
1260,2127
1261,1237
1261,1266
1261,1272
1261,1282
1261,1296
1262,1236
1262,1239
1262,1265
1262,1304
1262,1309
1263,1249
1263,1253
1263,1268
1263,1277
1263,1306
1264,1238
1264,1249
1264,1253
1264,1259
1264,1271
1264,1289
1265,1231
1265,1236
1265,1262
1265,1295
1265,1298
1266,1237
1266,1252
1266,1257
1266,1261
1266,1282
1266,1296
1266,3064
1266,3066
1266,3109
1267,1248
1267,1256
1267,1259
1267,1284
1267,1286
1267,1289
1267,1297
1268,1243
1268,1253
1268,1260
1268,1263
1268,1276
1268,1277
1268,1311
1269,1233
1269,1238
1269,1242
1269,1243
1269,1244
1269,1308
1269,1310
1270,1235
1270,1250
1270,1258
1270,1287
1270,1299
1270,1302
1270,1313
1271,1233
1271,1238
1271,1264
1271,1289
1271,1291
1271,1292
1271,1300
1272,1232
1272,1261
1272,1282
1272,1296
1272,1329
1273,1281
1273,1283
1273,1284
1273,1292
1273,1294
1273,1297
1273,1313
1274,1255
1274,1280
1274,1293
1274,1307
1274,1304
1274,1309
1275,1235
1275,1240
1275,1245
1275,1251
1275,1258
1275,1305
1275,3060
1276,1260
1276,1268
1276,1288
1276,1311
1276,2067
1276,2089
1277,1255
1277,1263
1277,1268
1277,1293
1277,1306
1277,1311
1278,1232
1278,1247
1278,1279
1278,1305
1279,1245
1279,1246
1279,1247
1279,1254
1279,1278
1279,1301
1279,1305
1280,1274
1280,1293
1280,1307
1280,1312
1281,1240
1281,1258
1281,1273
1281,1283
1281,1313
1281,3076
1281,3081
1282,1232
1282,1237
1282,1251
1282,1252
1282,1261
1282,1266
1282,1272
1282,1285
1283,1273
1283,1281
1283,1292
1283,1294
1283,3081
1283,3104
1284,1248
1284,1267
1284,1273
1284,1289
1284,1292
1284,1297
1285,1251
1285,1252
1285,1282
1285,3060
1285,3083
1286,1239
1286,1248
1286,1256
1286,1259
1286,1267
1286,1303
1287,1248
1287,1250
1287,1258
1287,1270
1287,1297
1287,1302
1287,1313
1288,1276
1288,1311
1288,1312
1288,2089
1289,1249
1289,1259
1289,1264
1289,1267
1289,1271
1289,1284
1289,1292
1290,1234
1290,1246
1290,1250
1290,1298
1290,1299
1290,1301
1291,1271
1291,1292
1291,1294
1291,1300
1291,3086
1291,3091
1292,1271
1292,1273
1292,1283
1292,1284
1292,1289
1292,1291
1292,1294
1292,1297
1293,1255
1293,1274
1293,1277
1293,1280
1293,1311
1293,1312
1294,1273
1294,1283
1294,1291
1294,1292
1294,3091
1294,3104
1295,1231
1295,1236
1295,1250
1295,1256
1295,1265
1295,1298
1295,1302
1296,1257
1296,1261
1296,1266
1296,1272
1296,1329
1296,3047
1297,1248
1297,1267
1297,1273
1297,1284
1297,1287
1297,1292
1297,1313
1298,1231
1298,1234
1298,1250
1298,1265
1298,1290
1298,1295
1298,1299
1298,1302
1299,1235
1299,1245
1299,1246
1299,1250
1299,1270
1299,1290
1299,1298
1300,1233
1300,1271
1300,1291
1300,3086
1300,3097
1301,1234
1301,1246
1301,1247
1301,1279
1301,1290
1302,1248
1302,1250
1302,1256
1302,1270
1302,1287
1302,1295
1302,1298
1303,1239
1303,1255
1303,1259
1303,1286
1303,1306
1303,1309
1307,1274
1307,1280
1307,1304
1308,716
1308,740
1308,1242
1308,1243
1308,1244
1308,1269
1308,1310
1304,1262
1304,1274
1304,1307
1304,1309
1305,1232
1305,1245
1305,1251
1305,1275
1305,1278
1305,1279
1306,1249
1306,1255
1306,1259
1306,1263
1306,1277
1306,1303
1309,1239
1309,1255
1309,1262
1309,1274
1309,1303
1309,1304
1310,644
1310,1233
1310,1241
1310,1244
1310,1269
1310,1308
1311,1268
1311,1276
1311,1277
1311,1288
1311,1293
1311,1312
1312,1280
1312,1288
1312,1293
1312,1311
1313,1240
1313,1258
1313,1270
1313,1273
1313,1281
1313,1287
1313,1297
1314,1322
1314,1324
1314,1331
1314,1344
1314,1346
1314,1361
1314,1371
1314,1385
1315,1326
1315,1340
1315,1343
1315,1375
1315,1383
1315,1395
1316,1327
1316,1328
1316,1342
1316,1356
1316,1367
1316,1369
1316,1393
1317,1324
1317,1328
1317,1342
1317,1344
1317,1349
1317,1352
1317,1357
1317,1370
1317,1381
1318,1361
1318,1362
1318,1383
1318,1386
1319,1350
1319,1388
1319,1389
1319,1391
1319,2385
1319,2415
1320,1321
1320,1335
1320,1353
1320,1358
1320,1365
1320,1394
1320,1396
1321,1320
1321,1330
1321,1365
1321,1377
1321,1378
1321,1396
1322,1314
1322,1371
1322,1385
1322,3061
1323,1340
1323,1359
1323,1382
1323,1384
1323,1399
1324,1314
1324,1317
1324,1331
1324,1342
1324,1344
1324,1362
1324,1390
1324,1393
1325,1347
1325,1350
1325,1378
1325,1389
1325,1400
1326,1315
1326,1343
1326,1346
1326,1371
1326,1395
1326,3052
1326,3094
1327,1316
1327,1367
1327,1369
1327,1397
1327,1997
1327,2027
1328,1316
1328,1317
1328,1342
1328,1356
1328,1370
1328,1373
1329,1272
1329,1296
1329,1351
1329,3047
1330,1321
1330,1345
1330,1364
1330,1366
1330,1377
1330,1396
1331,1314
1331,1324
1331,1361
1331,1362
1332,1338
1332,1340
1332,1375
1332,1379
1332,1382
1332,1395
1332,3093
1333,1338
1333,1363
1333,1368
1333,1379
1333,1387
1334,1339
1334,1369
1334,1374
1334,1386
1334,1388
1334,1390
1335,843
1335,883
1335,1320
1335,1337
1335,1358
1335,1394
1336,833
1336,884
1336,1341
1336,1363
1336,1368
1336,1398
1337,883
1337,886
1337,1335
1337,1363
1337,1387
1337,1394
1338,1332
1338,1333
1338,1368
1338,1379
1338,1392
1338,3092
1338,3093
1339,1334
1339,1369
1339,1374
1339,1388
1339,1391
1339,1397
1340,1315
1340,1323
1340,1332
1340,1375
1340,1382
1340,1383
1340,1399
1341,791
1341,884
1341,1336
1341,1398
1341,3077
1341,3108
1342,1316
1342,1317
1342,1324
1342,1328
1342,1393
1343,1315
1343,1326
1343,1346
1343,1361
1343,1371
1343,1383
1344,1314
1344,1317
1344,1324
1344,1349
1344,1385
1345,818
1345,820
1345,860
1345,1330
1345,1358
1345,1366
1345,1396
1346,1314
1346,1326
1346,1343
1346,1361
1346,1371
1347,1325
1347,1360
1347,1374
1347,1378
1347,1386
1347,1389
1348,1357
1348,1381
1348,2022
1349,1317
1349,1344
1349,1352
1349,1385
1350,1319
1350,1325
1350,1389
1350,1400
1350,2379
1350,2385
1351,1329
1351,1385
1351,3047
1351,3049
1351,3061
1352,1317
1352,1349
1352,1381
1353,1320
1353,1365
1353,1379
1353,1382
1353,1384
1353,1394
1354,1355
1354,1372
1354,1400
1354,2365
1354,2379
1354,2410
1355,1354
1355,1364
1355,1372
1355,1377
1355,1400
1359,1323
1359,1360
1359,1378
1359,1384
1359,1399
1356,1316
1356,1328
1356,1367
1356,1373
1357,1317
1357,1348
1357,1370
1357,1373
1357,1381
1357,2006
1357,2022
1357,2038
1358,820
1358,843
1358,1320
1358,1335
1358,1345
1358,1396
1360,1347
1360,1359
1360,1378
1360,1386
1360,1399
1361,1314
1361,1318
1361,1331
1361,1343
1361,1346
1361,1362
1361,1383
1362,1318
1362,1324
1362,1331
1362,1361
1362,1386
1362,1390
1363,833
1363,854
1363,886
1363,1333
1363,1336
1363,1337
1363,1368
1363,1387
1364,1330
1364,1355
1364,1366
1364,1372
1364,1377
1364,1380
1365,1320
1365,1321
1365,1353
1365,1378
1365,1384
1366,848
1366,860
1366,1330
1366,1345
1366,1364
1366,1380
1367,1316
1367,1327
1367,1356
1367,1373
1367,1997
1367,2037
1368,1333
1368,1336
1368,1338
1368,1363
1368,1392
1368,1398
1369,1316
1369,1327
1369,1334
1369,1339
1369,1390
1369,1393
1369,1397
1370,1317
1370,1328
1370,1357
1370,1373
1370,1376
1371,1314
1371,1322
1371,1326
1371,1343
1371,1346
1371,3052
1371,3061
1372,1354
1372,1355
1372,1364
1372,1380
1372,2365
1372,2409
1372,2410
1373,1328
1373,1356
1373,1357
1373,1367
1373,1370
1373,1376
1373,2006
1373,2037
1374,1334
1374,1339
1374,1347
1374,1386
1374,1388
1374,1389
1375,1315
1375,1332
1375,1340
1375,1395
1376,1370
1376,1373
1377,1321
1377,1330
1377,1355
1377,1364
1377,1378
1377,1400
1378,1321
1378,1325
1378,1347
1378,1359
1378,1360
1378,1365
1378,1377
1378,1384
1378,1400
1379,1332
1379,1333
1379,1338
1379,1353
1379,1382
1379,1387
1379,1394
1380,848
1380,1364
1380,1366
1380,1372
1380,2409
1380,2410
1381,1317
1381,1348
1381,1352
1381,1357
1385,1314
1385,1322
1385,1344
1385,1349
1385,1351
1385,3061
1382,1323
1382,1332
1382,1340
1382,1353
1382,1379
1382,1384
1383,1315
1383,1318
1383,1340
1383,1343
1383,1361
1383,1386
1383,1399
1384,1323
1384,1353
1384,1359
1384,1365
1384,1378
1384,1382
1386,1318
1386,1334
1386,1347
1386,1360
1386,1362
1386,1374
1386,1383
1386,1390
1386,1399
1387,1333
1387,1337
1387,1363
1387,1379
1387,1394
1388,1319
1388,1334
1388,1339
1388,1374
1388,1389
1388,1391
1389,1319
1389,1325
1389,1347
1389,1350
1389,1374
1389,1388
1390,1324
1390,1334
1390,1362
1390,1369
1390,1386
1390,1393
1391,1319
1391,1339
1391,1388
1391,1397
1391,2027
1391,2415
1392,1338
1392,1368
1392,1398
1392,3051
1392,3092
1393,1316
1393,1324
1393,1342
1393,1369
1393,1390
1394,1320
1394,1335
1394,1337
1394,1353
1394,1379
1394,1387
1395,1315
1395,1326
1395,1332
1395,1375
1395,3093
1395,3094
1395,3105
1396,1320
1396,1321
1396,1330
1396,1345
1396,1358
1397,1327
1397,1339
1397,1369
1397,1391
1397,2027
1398,1336
1398,1341
1398,1368
1398,1392
1398,3051
1398,3077
1398,3107
1399,1323
1399,1340
1399,1359
1399,1360
1399,1383
1399,1386
1400,1325
1400,1350
1400,1354
1400,1355
1400,1377
1400,1378
1400,2379
1401,1127
1401,1166
1401,1419
1401,1432
1401,1479
1402,1459
1402,1470
1402,1471
1402,2461
1402,2462
1402,2486
1403,1131
1403,1158
1403,1165
1403,1419
1403,1443
1403,1457
1403,1479
1404,1408
1404,1410
1404,1426
1404,1440
1404,1445
1404,1449
1404,1450
1404,1480
1404,1482
1405,1447
1405,1470
1405,1473
1405,2450
1405,2461
1406,120
1406,132
1406,165
1406,1414
1406,1467
1406,1476
1407,1409
1407,1422
1407,1436
1407,1458
1407,1478
1407,1481
1408,1404
1408,1422
1408,1426
1408,1442
1408,1449
1409,1407
1409,1413
1409,1441
1409,1448
1409,1458
1409,1478
1410,1404
1410,1449
1410,1453
1410,1478
1410,1480
1411,1166
1411,1415
1411,1425
1411,1432
1411,1475
1412,11
1412,1431
1412,1438
1412,1451
1412,1477
1413,1409
1413,1444
1413,1448
1413,1453
1413,1478
1414,165
1414,1406
1414,1460
1414,1467
1414,1468
1414,1472
1415,1411
1415,1425
1415,1432
1415,1439
1415,1443
1415,1461
1415,1464
1416,1418
1416,1433
1416,1434
1416,1437
1416,1464
1416,1465
1417,129
1417,1447
1417,1469
1417,1472
1417,2505
1418,1416
1418,1434
1418,1437
1418,1455
1418,1456
1418,1466
1419,1401
1419,1403
1419,1432
1419,1443
1419,1479
1420,48
1420,1421
1420,1430
1420,1456
1420,1466
1421,48
1421,64
1421,1420
1421,1456
1421,1477
1422,1407
1422,1408
1422,1442
1422,1449
1422,1468
1422,1478
1422,1481
1423,1156
1423,1164
1423,1424
1423,1455
1423,1466
1424,1156
1424,1423
1424,1430
1424,1455
1424,1466
1425,1411
1425,1415
1425,1445
1425,1461
1425,1464
1425,1475
1425,1482
1426,1404
1426,1408
1426,1427
1426,1442
1426,1445
1426,1482
1427,1426
1427,1442
1427,1463
1427,1467
1427,1476
1427,1482
1428,120
1428,1130
1428,1463
1428,1475
1428,1476
1428,1482
1429,29
1429,46
1429,1441
1429,1448
1429,1459
1429,1471
1430,48
1430,1420
1430,1424
1430,1466
1431,1412
1431,1434
1431,1438
1431,1451
1431,1462
1431,1465
1431,1477
1432,1166
1432,1401
1432,1411
1432,1415
1432,1419
1432,1443
1433,1416
1433,1437
1433,1439
1433,1446
1433,1464
1434,1416
1434,1418
1434,1431
1434,1456
1434,1465
1434,1477
1435,59
1435,1438
1435,1450
1435,1451
1435,1452
1435,1480
1436,1407
1436,1447
1436,1454
1436,1458
1436,1469
1436,1473
1436,1481
1437,1416
1437,1418
1437,1433
1437,1446
1437,1455
1438,11
1438,59
1438,1412
1438,1431
1438,1435
1438,1450
1438,1451
1439,1415
1439,1433
1439,1443
1439,1446
1439,1464
1439,1474
1440,1404
1440,1445
1440,1450
1440,1451
1440,1462
1440,1480
1441,1409
1441,1429
1441,1448
1441,1458
1441,1459
1441,1473
1442,1408
1442,1422
1442,1426
1442,1427
1442,1467
1442,1468
1443,1403
1443,1415
1443,1419
1443,1432
1443,1439
1443,1457
1443,1474
1444,37
1444,53
1444,1413
1444,1448
1444,1452
1444,1453
1445,1404
1445,1425
1445,1426
1445,1440
1445,1461
1445,1462
1445,1482
1446,1171
1446,1433
1446,1437
1446,1439
1446,1455
1446,1474
1447,1405
1447,1417
1447,1436
1447,1469
1447,1473
1447,2450
1447,2505
1448,37
1448,46
1448,1409
1448,1413
1448,1429
1448,1441
1448,1444
1449,1404
1449,1408
1449,1410
1449,1422
1449,1478
1450,1404
1450,1435
1450,1438
1450,1440
1450,1451
1450,1480
1451,1412
1451,1431
1451,1435
1451,1438
1451,1440
1451,1450
1451,1462
1451,1465
1452,53
1452,59
1452,1435
1452,1444
1452,1453
1452,1480
1453,1410
1453,1413
1453,1444
1453,1452
1453,1478
1453,1480
1454,1436
1454,1460
1454,1468
1454,1469
1454,1472
1454,1481
1455,1164
1455,1171
1455,1418
1455,1423
1455,1424
1455,1437
1455,1446
1455,1466
1456,1418
1456,1420
1456,1421
1456,1434
1456,1466
1456,1477
1457,1165
1457,1171
1457,1403
1457,1443
1457,1474
1458,1407
1458,1409
1458,1436
1458,1441
1458,1473
1459,1402
1459,1429
1459,1441
1459,1470
1459,1471
1459,1473
1460,1414
1460,1454
1460,1468
1460,1472
1461,1415
1461,1425
1461,1445
1461,1462
1461,1464
1461,1465
1462,1431
1462,1440
1462,1445
1462,1451
1462,1461
1462,1465
1463,1427
1463,1428
1463,1476
1463,1482
1464,1415
1464,1416
1464,1425
1464,1433
1464,1439
1464,1461
1464,1465
1465,1416
1465,1431
1465,1434
1465,1451
1465,1461
1465,1462
1465,1464
1466,1418
1466,1420
1466,1423
1466,1424
1466,1430
1466,1455
1466,1456
1467,1406
1467,1414
1467,1427
1467,1442
1467,1468
1467,1476
1468,1414
1468,1422
1468,1442
1468,1454
1468,1460
1468,1467
1468,1481
1469,1417
1469,1436
1469,1447
1469,1454
1469,1472
1470,1402
1470,1405
1470,1459
1470,1473
1470,2461
1471,16
1471,29
1471,38
1471,1402
1471,1429
1471,1459
1471,2462
1472,129
1472,150
1472,165
1472,1414
1472,1417
1472,1454
1472,1460
1472,1469
1473,1405
1473,1436
1473,1441
1473,1447
1473,1458
1473,1459
1473,1470
1474,1171
1474,1439
1474,1443
1474,1446
1474,1457
1475,1130
1475,1145
1475,1166
1475,1411
1475,1425
1475,1428
1475,1482
1476,120
1476,1406
1476,1427
1476,1428
1476,1463
1476,1467
1477,11
1477,64
1477,1412
1477,1421
1477,1431
1477,1434
1477,1456
1478,1407
1478,1409
1478,1410
1478,1413
1478,1422
1478,1449
1478,1453
1479,1127
1479,1131
1479,1175
1479,1401
1479,1403
1479,1419
1480,1404
1480,1410
1480,1435
1480,1440
1480,1450
1480,1452
1480,1453
1481,1407
1481,1422
1481,1436
1481,1454
1481,1468
1482,1404
1482,1425
1482,1426
1482,1427
1482,1428
1482,1445
1482,1463
1482,1475
1483,1534
1483,1540
1483,1542
1483,1568
1483,1575
1483,1576
1483,1588
1484,909
1484,1493
1484,1514
1484,1520
1484,1526
1484,1556
1485,824
1485,861
1485,1526
1485,1556
1485,1717
1485,1719
1486,1492
1486,1496
1486,1551
1486,1552
1486,1564
1486,1569
1486,1570
1487,115
1487,119
1487,1537
1487,1546
1487,1555
1487,1587
1488,906
1488,1502
1488,1511
1488,1531
1488,1591
1489,941
1489,948
1489,1501
1489,1524
1489,1581
1489,1591
1490,1497
1490,1524
1490,1525
1490,1553
1490,1562
1490,1581
1491,1498
1491,1543
1491,1561
1491,1586
1491,1594
1492,1486
1492,1496
1492,1508
1492,1509
1492,1527
1492,1550
1492,1570
1493,890
1493,909
1493,1484
1493,1507
1493,1514
1493,1565
1494,122
1494,1500
1494,1517
1494,1573
1494,1586
1494,1594
1495,1499
1495,1507
1495,1513
1495,1514
1495,1541
1495,1571
1496,1486
1496,1492
1496,1508
1496,1552
1496,1558
1497,1490
1497,1512
1497,1525
1497,1535
1497,1548
1497,1553
1497,1567
1498,596
1498,685
1498,1491
1498,1561
1498,1577
1498,1586
1499,1495
1499,1503
1499,1536
1499,1541
1499,1571
1499,1574
1500,1494
1500,1557
1500,1572
1500,1573
1500,1578
1500,1594
1501,933
1501,948
1501,1489
1501,1524
1501,1530
1501,1533
1502,1488
1502,1511
1502,1566
1502,1581
1502,1591
1503,1499
1503,1527
1503,1540
1503,1541
1503,1542
1503,1570
1503,1574
1504,1516
1504,1521
1504,1537
1504,1587
1504,1589
1504,1595
1505,628
1505,844
1505,877
1505,1534
1505,1538
1505,1576
1506,992
1506,1507
1506,1530
1506,1565
1506,1571
1507,1493
1507,1495
1507,1506
1507,1514
1507,1565
1507,1571
1508,1492
1508,1496
1508,1548
1508,1550
1508,1558
1509,1492
1509,1527
1509,1550
1509,1553
1509,1562
1509,1574
1510,1515
1510,1518
1510,1519
1510,1529
1510,1563
1510,1593
1511,1488
1511,1502
1511,1521
1511,1531
1511,1537
1511,1566
1512,1497
1512,1521
1512,1525
1512,1535
1512,1566
1512,1595
1513,1495
1513,1514
1513,1520
1513,1522
1513,1523
1513,1541
1514,1484
1514,1493
1514,1495
1514,1507
1514,1513
1514,1520
1515,1510
1515,1529
1515,1563
1515,1572
1515,1578
1515,1590
1516,1504
1516,1528
1516,1559
1516,1589
1516,1590
1516,1595
1516,1597
1517,122
1517,127
1517,139
1517,158
1517,1494
1517,1554
1517,1560
1517,1586
1518,1510
1518,1519
1518,1532
1518,1580
1518,1583
1518,1592
1518,1593
1519,1510
1519,1518
1519,1544
1519,1552
1519,1558
1519,1563
1519,1592
1520,1484
1520,1513
1520,1514
1520,1523
1520,1556
1520,1596
1521,1504
1521,1511
1521,1512
1521,1537
1521,1566
1521,1595
1522,1513
1522,1523
1522,1540
1522,1541
1522,1547
1522,1588
1523,815
1523,868
1523,1513
1523,1520
1523,1522
1523,1547
1523,1596
1524,1489
1524,1490
1524,1501
1524,1533
1524,1562
1524,1581
1525,1490
1525,1497
1525,1512
1525,1566
1525,1581
1526,909
1526,1484
1526,1485
1526,1556
1526,1717
1526,1727
1527,1492
1527,1503
1527,1509
1527,1570
1527,1574
1528,136
1528,1516
1528,1557
1528,1559
1528,1578
1528,1590
1529,1510
1529,1515
1529,1543
1529,1572
1529,1582
1529,1593
1529,1594
1530,933
1530,992
1530,1501
1530,1506
1530,1533
1530,1536
1530,1571
1531,898
1531,906
1531,1488
1531,1511
1531,1537
1531,1555
1532,661
1532,1518
1532,1585
1532,1582
1532,1583
1532,1593
1533,1501
1533,1524
1533,1530
1533,1536
1533,1562
1534,1483
1534,1505
1534,1538
1534,1542
1534,1576
1534,1579
1535,1497
1535,1512
1535,1567
1535,1590
1535,1595
1535,1597
1536,1499
1536,1530
1536,1533
1536,1562
1536,1571
1536,1574
1537,1487
1537,1504
1537,1511
1537,1521
1537,1531
1537,1555
1537,1587
1538,595
1538,628
1538,1505
1538,1534
1538,1545
1538,1579
1539,601
1539,1552
1539,1564
1539,1580
1539,1592
1540,1483
1540,1503
1540,1522
1540,1541
1540,1542
1540,1588
1541,1495
1541,1499
1541,1503
1541,1513
1541,1522
1541,1540
1546,115
1546,1487
1546,1555
1546,2150
1546,2187
1542,1483
1542,1503
1542,1534
1542,1540
1542,1551
1542,1570
1542,1579
1543,1491
1543,1529
1543,1561
1543,1582
1543,1594
1544,1519
1544,1548
1544,1558
1544,1563
1544,1567
1545,595
1545,669
1545,1538
1545,1551
1545,1569
1545,1579
1547,815
1547,881
1547,1522
1547,1523
1547,1568
1547,1588
1548,1497
1548,1508
1548,1544
1548,1550
1548,1553
1548,1558
1548,1567
1549,596
1549,996
1549,1012
1549,1030
1549,1045
1549,1554
1549,1577
1550,1492
1550,1508
1550,1509
1550,1548
1550,1553
1551,1486
1551,1542
1551,1545
1551,1569
1551,1570
1551,1579
1552,1486
1552,1496
1552,1519
1552,1539
1552,1558
1552,1564
1552,1592
1553,1490
1553,1497
1553,1509
1553,1548
1553,1550
1553,1562
1554,1030
1554,1517
1554,1549
1554,1560
1554,1577
1554,1586
1554,2474
1555,898
1555,1487
1555,1531
1555,1537
1555,1546
1555,2187
1556,861
1556,875
1556,1484
1556,1485
1556,1520
1556,1526
1556,1596
1557,136
1557,172
1557,178
1557,1500
1557,1528
1557,1573
1557,1578
1558,1496
1558,1508
1558,1519
1558,1544
1558,1548
1558,1552
1559,114
1559,136
1559,156
1559,1516
1559,1528
1559,1589
1560,158
1560,1517
1560,1554
1560,2449
1560,2474
1561,633
1561,673
1561,685
1561,1491
1561,1498
1561,1543
1561,1585
1561,1582
1562,1490
1562,1509
1562,1524
1562,1533
1562,1536
1562,1553
1562,1574
1563,1510
1563,1515
1563,1519
1563,1544
1563,1567
1563,1590
1564,601
1564,669
1564,1486
1564,1539
1564,1552
1564,1569
1565,890
1565,939
1565,992
1565,1493
1565,1506
1565,1507
1566,1502
1566,1511
1566,1512
1566,1521
1566,1525
1566,1581
1567,1497
1567,1535
1567,1544
1567,1548
1567,1563
1567,1590
1568,792
1568,881
1568,1483
1568,1547
1568,1575
1568,1588
1569,669
1569,1486
1569,1545
1569,1551
1569,1564
1570,1486
1570,1492
1570,1503
1570,1527
1570,1542
1570,1551
1571,1495
1571,1499
1571,1506
1571,1507
1571,1530
1571,1536
1572,1500
1572,1515
1572,1529
1572,1578
1572,1594
1573,122
1573,172
1573,1494
1573,1500
1573,1557
1580,601
1580,636
1580,651
1580,1518
1580,1539
1580,1583
1580,1592
1581,1489
1581,1490
1581,1502
1581,1524
1581,1525
1581,1566
1581,1591
1585,661
1585,673
1585,1532
1585,1561
1585,1582
1582,1529
1582,1532
1582,1543
1582,1561
1582,1585
1582,1593
1583,651
1583,661
1583,681
1583,1518
1583,1532
1583,1580
1583,1584
1574,1499
1574,1503
1574,1509
1574,1527
1574,1536
1574,1562
1575,792
1575,814
1575,1483
1575,1568
1575,1576
1576,814
1576,877
1576,1483
1576,1505
1576,1534
1576,1575
1577,596
1577,1498
1577,1549
1577,1554
1577,1586
1578,1500
1578,1515
1578,1528
1578,1557
1578,1572
1578,1590
1579,1534
1579,1538
1579,1542
1579,1545
1579,1551
1586,1491
1586,1494
1586,1498
1586,1517
1586,1554
1586,1577
1586,1594
1587,119
1587,1487
1587,1504
1587,1537
1587,1589
1588,1483
1588,1522
1588,1540
1588,1547
1588,1568
1589,116
1589,119
1589,156
1589,1504
1589,1516
1589,1559
1589,1587
1590,1515
1590,1516
1590,1528
1590,1535
1590,1563
1590,1567
1590,1578
1590,1597
1591,893
1591,906
1591,941
1591,1488
1591,1489
1591,1502
1591,1581
1592,1518
1592,1519
1592,1539
1592,1552
1592,1580
1593,1510
1593,1518
1593,1529
1593,1532
1593,1582
1594,1491
1594,1494
1594,1500
1594,1529
1594,1543
1594,1572
1594,1586
1595,1504
1595,1512
1595,1516
1595,1521
1595,1535
1595,1597
1596,868
1596,875
1596,1520
1596,1523
1596,1556
1597,1516
1597,1535
1597,1590
1597,1595
1584,651
1584,681
1584,1583
1598,567
1598,572
1598,580
1598,1609
1598,1625
1598,1638
1598,1644
1599,1602
1599,1635
1599,1641
1599,1649
1599,1653
1599,3119
1599,3134
1600,1605
1600,1611
1600,1618
1600,1633
1601,1613
1601,1619
1601,1622
1601,1627
1602,1599
1602,1631
1602,1645
1602,1653
1602,3119
1602,3132
1603,1606
1603,1610
1603,1635
1603,2369
1603,2391
1603,3123
1604,1605
1604,1620
1604,1622
1604,1627
1604,1647
1605,1600
1605,1604
1605,1611
1605,1618
1605,1620
1605,1623
1605,1634
1605,1647
1606,1603
1606,1610
1606,1614
1606,1635
1606,1637
1606,1641
1607,1640
1607,1643
1607,1650
1608,1626
1608,1637
1608,1639
1608,1652
1609,1598
1609,1617
1609,1619
1609,1636
1609,1638
1609,1644
1610,1603
1610,1606
1610,1637
1610,1652
1610,1994
1610,2005
1610,2032
1610,2391
1611,1600
1611,1605
1611,1616
1611,1620
1611,1630
1611,1632
1611,1633
1611,1651
1612,1615
1612,1621
1612,1622
1612,1624
1612,1629
1612,1634
1612,1636
1612,1642
1612,1647
1613,572
1613,1601
1613,1619
1613,1625
1613,1627
1613,1631
1613,3132
1613,3137
1614,1606
1614,1626
1614,1632
1614,1633
1614,1637
1614,1641
1614,1650
1615,1612
1615,1634
1615,1648
1616,1611
1616,1630
1616,1645
1616,1646
1616,1651
1616,1653
1617,1609
1617,1629
1617,1636
1617,1638
1618,1600
1618,1605
1618,1623
1619,1601
1619,1609
1619,1613
1619,1622
1619,1625
1619,1636
1619,1644
1620,1604
1620,1605
1620,1611
1620,1627
1620,1651
1621,1612
1621,1629
1621,1642
1622,1601
1622,1604
1622,1612
1622,1619
1622,1627
1622,1636
1622,1647
1623,1605
1623,1618
1623,1634
1623,1648
1624,559
1624,561
1624,1612
1624,1642
1626,1608
1626,1614
1626,1637
1626,1639
1626,1640
1626,1650
1625,572
1625,1598
1625,1613
1625,1619
1625,1644
1627,1601
1627,1604
1627,1613
1627,1620
1627,1622
1627,1631
1627,1646
1627,1651
1628,568
1628,590
1628,1629
1628,1642
1629,568
1629,575
1629,1612
1629,1617
1629,1621
1629,1628
1629,1636
1629,1638
1629,1642
1630,1611
1630,1616
1630,1632
1630,1641
1630,1653
1631,1602
1631,1613
1631,1627
1631,1645
1631,1646
1631,3132
1632,1611
1632,1614
1632,1630
1632,1633
1632,1641
1633,1600
1633,1611
1633,1614
1633,1632
1633,1650
1634,1605
1634,1612
1634,1615
1634,1623
1634,1647
1634,1648
1635,1599
1635,1603
1635,1606
1635,1641
1635,3120
1635,3123
1635,3134
1636,1609
1636,1612
1636,1617
1636,1619
1636,1622
1636,1629
1637,1606
1637,1608
1637,1610
1637,1614
1637,1626
1637,1652
1638,575
1638,580
1638,1598
1638,1609
1638,1617
1638,1629
1639,1608
1639,1626
1639,1640
1639,1652
1639,2015
1639,2041
1640,1607
1640,1626
1640,1639
1640,1643
1640,1650
1640,2015
1640,2041
1641,1599
1641,1606
1641,1614
1641,1630
1641,1632
1641,1635
1641,1649
1641,1653
1642,559
1642,590
1642,1612
1642,1621
1642,1624
1642,1628
1642,1629
1643,1607
1643,1640
1643,2000
1643,2041
1644,1598
1644,1609
1644,1619
1644,1625
1645,1602
1645,1616
1645,1631
1645,1646
1645,1653
1646,1616
1646,1627
1646,1631
1646,1645
1646,1651
1647,1604
1647,1605
1647,1612
1647,1622
1647,1634
1648,1615
1648,1623
1648,1634
1649,1599
1649,1641
1649,1653
1650,1607
1650,1614
1650,1626
1650,1633
1650,1640
1651,1611
1651,1616
1651,1620
1651,1627
1651,1646
1652,1608
1652,1610
1652,1637
1652,1639
1652,2005
1652,2015
1653,1599
1653,1602
1653,1616
1653,1630
1653,1641
1653,1645
1653,1649
1654,1663
1654,1671
1654,1693
1654,1694
1654,1703
1654,1744
1655,1659
1655,1698
1655,1707
1655,1712
1655,1723
1655,1745
1656,1688
1656,1691
1656,1699
1656,1704
1656,1713
1657,1670
1657,1706
1657,1715
1657,1732
1657,3125
1657,3128
1658,1662
1658,1669
1658,1674
1658,1710
1658,1711
1658,1739
1659,1655
1659,1692
1659,1712
1659,1716
1659,1724
1659,1745
1660,1676
1660,1715
1660,1732
1660,1734
1660,1736
1661,1698
1661,1705
1661,1707
1661,1728
1661,2371
1661,2386
1662,1658
1662,1669
1662,1705
1662,1711
1662,1728
1663,1654
1663,1674
1663,1677
1663,1693
1663,1700
1663,1703
1663,1722
1663,1735
1664,831
1664,855
1664,1673
1664,1680
1664,1740
1664,1742
1665,1672
1665,1680
1665,1708
1665,1724
1665,1725
1665,1731
1665,1733
1665,1746
1666,824
1666,853
1666,1708
1666,1719
1666,1730
1666,1731
1667,1679
1667,1707
1667,1723
1667,1743
1667,2373
1667,2425
1668,293
1668,308
1668,1682
1668,1696
1668,1721
1669,1658
1669,1662
1669,1691
1669,1699
1669,1705
1669,1734
1669,1739
1669,2363
1669,2411
1669,2420
1669,2421
1670,283
1670,303
1670,1657
1670,1678
1670,1688
1670,1706
1670,1715
1671,1654
1671,1683
1671,1694
1671,1718
1671,1744
1671,1746
1672,1665
1672,1673
1672,1680
1672,1724
1672,1737
1673,1664
1673,1672
1673,1680
1673,1737
1673,1740
1673,1743
1674,1658
1674,1663
1674,1677
1674,1689
1674,1709
1674,1710
1674,1711
1674,1735
1674,1741
1675,885
1675,1679
1675,1740
1675,2423
1676,1660
1676,1734
1676,1736
1676,2383
1676,2411
1677,1663
1677,1674
1677,1685
1677,1690
1677,1709
1677,1722
1678,303
1678,1670
1678,1688
1678,1704
1678,1721
1679,1667
1679,1675
1679,1740
1679,1743
1679,2373
1679,2423
1680,1664
1680,1665
1680,1672
1680,1673
1680,1681
1680,1731
1680,1742
1681,866
1681,1680
1681,1730
1681,1731
1681,1742
1682,308
1682,899
1682,964
1682,1668
1682,1696
1682,1697
1683,1671
1683,1701
1683,1718
1683,1729
1683,1733
1683,1738
1683,1746
1684,961
1684,979
1684,1695
1684,1703
1684,1722
1684,1744
1685,1677
1685,1686
1685,1690
1685,1696
1685,1697
1685,1709
1685,1726
1686,907
1686,956
1686,1685
1686,1690
1686,1695
1686,1722
1686,1726
1687,945
1687,988
1687,1701
1687,1702
1687,1708
1687,1719
1687,1720
1687,1729
1688,1656
1688,1670
1688,1678
1688,1691
1688,1704
1688,1715
1688,1734
1689,1674
1689,1698
1689,1711
1689,1741
1689,1745
1690,1677
1690,1685
1690,1686
1690,1722
1691,1656
1691,1669
1691,1688
1691,1699
1691,1734
1692,1659
1692,1700
1692,1716
1692,1735
1692,1741
1692,1745
1693,1654
1693,1663
1693,1694
1693,1700
1693,1714
1694,1654
1694,1671
1694,1693
1694,1714
1694,1725
1694,1746
1695,956
1695,961
1695,1684
1695,1686
1695,1703
1695,1722
1696,1668
1696,1682
1696,1685
1696,1697
1696,1709
1696,1721
1697,964
1697,1682
1697,1685
1697,1696
1697,1726
1698,1655
1698,1661
1698,1689
1698,1705
1698,1707
1698,1711
1698,1728
1698,1745
1699,1656
1699,1669
1699,1691
1699,1713
1699,1739
1700,1663
1700,1692
1700,1693
1700,1714
1700,1716
1700,1735
1701,966
1701,988
1701,1683
1701,1687
1701,1729
1701,1738
1702,1687
1702,1708
1702,1717
1702,1719
1702,1720
1703,1654
1703,1663
1703,1684
1703,1695
1703,1722
1703,1744
1704,1656
1704,1678
1704,1688
1704,1709
1704,1713
1704,1721
1705,1661
1705,1662
1705,1669
1705,1698
1705,1728
1705,2386
1705,2420
1705,2421
1706,283
1706,307
1706,1657
1706,1670
1706,3128
1707,1655
1707,1661
1707,1667
1707,1698
1707,1723
1707,2364
1707,2371
1707,2425
1708,1665
1708,1666
1708,1687
1708,1702
1708,1719
1708,1729
1708,1731
1708,1733
1709,1674
1709,1677
1709,1685
1709,1696
1709,1704
1709,1710
1709,1713
1709,1721
1710,1658
1710,1674
1710,1709
1710,1713
1710,1739
1711,1658
1711,1662
1711,1674
1711,1689
1711,1698
1711,1728
1713,1656
1713,1699
1713,1704
1713,1709
1713,1710
1713,1739
1712,1655
1712,1659
1712,1723
1712,1724
1712,1737
1712,1743
1714,1693
1714,1694
1714,1700
1714,1716
1714,1724
1714,1725
1715,1657
1715,1660
1715,1670
1715,1688
1715,1732
1715,1734
1716,1659
1716,1692
1716,1700
1716,1714
1716,1724
1717,1485
1717,1526
1717,1702
1717,1719
1717,1720
1717,1727
1718,932
1718,966
1718,1671
1718,1683
1718,1738
1718,1744
1719,824
1719,1485
1719,1666
1719,1687
1719,1702
1719,1708
1719,1717
1720,945
1720,953
1720,1687
1720,1702
1720,1717
1720,1727
1721,293
1721,303
1721,1668
1721,1678
1721,1696
1721,1704
1721,1709
1722,1663
1722,1677
1722,1684
1722,1686
1722,1690
1722,1695
1722,1703
1723,1655
1723,1667
1723,1707
1723,1712
1723,1737
1723,1743
1724,1659
1724,1665
1724,1672
1724,1712
1724,1714
1724,1716
1724,1725
1724,1737
1725,1665
1725,1694
1725,1714
1725,1724
1725,1733
1725,1746
1726,907
1726,964
1726,1685
1726,1686
1726,1697
1727,894
1727,909
1727,953
1727,1526
1727,1717
1727,1720
1728,1661
1728,1662
1728,1698
1728,1705
1728,1711
1729,1683
1729,1687
1729,1701
1729,1708
1729,1733
1729,1738
1729,1746
1730,853
1730,866
1730,1666
1730,1681
1730,1731
1731,1665
1731,1666
1731,1680
1731,1681
1731,1708
1731,1730
1732,1657
1732,1660
1732,1715
1732,1736
1732,3125
1733,1665
1733,1683
1733,1708
1733,1725
1733,1729
1733,1746
1734,1660
1734,1669
1734,1676
1734,1688
1734,1691
1734,1715
1734,2411
1735,1663
1735,1674
1735,1692
1735,1700
1735,1741
1736,1660
1736,1676
1736,1732
1736,2383
1736,3125
1736,3131
1737,1672
1737,1673
1737,1712
1737,1723
1737,1724
1737,1743
1738,966
1738,988
1738,1683
1738,1701
1738,1718
1738,1729
1739,1658
1739,1669
1739,1699
1739,1710
1739,1713
1740,855
1740,885
1740,1664
1740,1673
1740,1675
1740,1679
1740,1743
1741,1674
1741,1689
1741,1692
1741,1735
1741,1745
1742,831
1742,866
1742,1664
1742,1680
1742,1681
1743,1667
1743,1673
1743,1679
1743,1712
1743,1723
1743,1737
1743,1740
1744,932
1744,979
1744,1654
1744,1671
1744,1684
1744,1703
1744,1718
1745,1655
1745,1659
1745,1689
1745,1692
1745,1698
1745,1741
1746,1665
1746,1671
1746,1683
1746,1694
1746,1725
1746,1729
1746,1733
1748,1755
1748,1757
1748,1758
1748,1759
1748,1760
1748,1762
1749,105
1749,200
1749,222
1749,1756
1749,1759
1750,188
1750,195
1750,212
1750,217
1750,1757
1750,1747
1751,566
1751,587
1751,592
1751,1753
1751,1754
1751,1755
1751,1763
1751,2777
1751,2798
1752,200
1752,212
1752,1758
1752,1759
1753,1751
1753,1755
1753,1759
1753,1763
1754,587
1754,1751
1754,1755
1754,1760
1754,1762
1754,2219
1754,2229
1755,1748
1755,1751
1755,1753
1755,1754
1755,1759
1755,1760
1756,105
1756,1749
1756,1759
1756,1763
1756,2776
1756,2786
1756,2789
1756,2802
1757,212
1757,1748
1757,1750
1757,1758
1757,1761
1757,1762
1757,1747
1758,212
1758,1748
1758,1752
1758,1757
1758,1759
1759,200
1759,1748
1759,1749
1759,1752
1759,1753
1759,1755
1759,1756
1759,1758
1759,1763
1760,1748
1760,1754
1760,1755
1760,1762
1761,1757
1761,1762
1761,1747
1762,204
1762,211
1762,215
1762,217
1762,232
1762,1748
1762,1754
1762,1757
1762,1760
1762,1761
1762,1747
1762,2219
1762,2225
1763,1751
1763,1753
1763,1756
1763,1759
1763,2787
1763,2789
1763,2798
1747,217
1747,1750
1747,1757
1747,1761
1747,1762
1764,1765
1764,1768
1764,1770
1764,1772
1765,1185
1765,1192
1765,1764
1765,1767
1765,1768
1765,1772
1766,1222
1766,1230
1766,1769
1766,1773
1766,2817
1767,1185
1767,1765
1767,1768
1767,2809
1768,1764
1768,1765
1768,1767
1768,1770
1768,1773
1768,2807
1768,2809
1768,2813
1768,2818
1769,1221
1769,1225
1769,1230
1769,1766
1769,1770
1769,1771
1769,1773
1770,1764
1770,1768
1770,1769
1770,1771
1770,1772
1770,1773
1771,1192
1771,1221
1771,1769
1771,1770
1771,1772
1772,1192
1772,1764
1772,1765
1772,1770
1772,1771
1773,1766
1773,1768
1773,1769
1773,1770
1773,2817
1773,2818
1774,1776
1774,1777
1774,1778
1774,1779
1774,1781
1774,1788
1775,1780
1775,1782
1775,1789
1775,1829
1775,1857
1775,1870
1775,1886
1776,1774
1776,1777
1776,1784
1776,1786
1776,1788
1776,2251
1776,2293
1777,1774
1777,1776
1777,1781
1777,2293
1778,316
1778,318
1778,1774
1778,1779
1779,316
1779,1774
1779,1778
1779,1781
1779,1790
1780,1775
1780,1782
1780,1787
1780,1789
1780,1793
1781,317
1781,1774
1781,1777
1781,1779
1781,1790
1781,2265
1781,2293
1782,1775
1782,1780
1782,1793
1782,1850
1782,1857
1782,1869
1783,1784
1783,1787
1783,1791
1783,1794
1783,2251
1784,1776
1784,1783
1784,1785
1784,1786
1784,1791
1784,2251
1785,1784
1785,1786
1785,1791
1785,1793
1785,1869
1786,1776
1786,1784
1786,1785
1786,1788
1786,1867
1786,1869
1787,1780
1787,1783
1787,1789
1787,1791
1787,1792
1787,1793
1787,1794
1788,1774
1788,1776
1788,1786
1789,1775
1789,1780
1789,1787
1789,1792
1789,1862
1789,1870
1790,316
1790,317
1790,1779
1790,1781
1791,1783
1791,1784
1791,1785
1791,1787
1791,1793
1792,1787
1792,1789
1792,1794
1792,1862
1792,2287
1792,2294
1793,1780
1793,1782
1793,1785
1793,1787
1793,1791
1793,1869
1794,1783
1794,1787
1794,1792
1794,2251
1794,2287
1794,2290
1795,1798
1795,1819
1795,1820
1795,1824
1795,1826
1796,97
1796,102
1796,1798
1796,1803
1796,1821
1796,1822
1797,1801
1797,1802
1797,1807
1797,1808
1797,1813
1797,1816
1798,97
1798,1795
1798,1796
1798,1811
1798,1819
1798,1822
1798,1826
1799,257
1799,281
1799,1805
1799,1812
1799,1823
1799,1825
1800,1814
1800,1816
1800,2530
1800,2581
1800,2706
1801,1797
1801,1804
1801,1808
1801,1814
1801,1816
1802,1797
1802,1807
1802,1813
1802,2576
1802,2672
1802,2716
1803,102
1803,1796
1803,1806
1803,1810
1803,1821
1804,1801
1804,1808
1804,1814
1804,1818
1804,1824
1805,1799
1805,1812
1805,1814
1805,1818
1805,1825
1806,98
1806,102
1806,1803
1806,1810
1807,1797
1807,1802
1807,1816
1807,2523
1807,2561
1807,2604
1807,2672
1807,2769
1807,2772
1808,1797
1808,1801
1808,1804
1808,1813
1808,1821
1808,1822
1808,1824
1809,1815
1809,1819
1809,1820
1810,1803
1810,1806
1810,1821
1811,97
1811,1798
1811,1819
1811,1817
1812,1799
1812,1805
1812,1815
1812,1818
1812,1820
1812,1823
1813,1797
1813,1802
1813,1808
1813,1821
1813,2576
1813,2591
1813,2636
1814,1800
1814,1801
1814,1804
1814,1805
1814,1816
1814,1818
1814,1825
1814,2581
1814,2624
1814,2701
1815,248
1815,256
1815,1809
1815,1812
1815,1819
1815,1817
1815,1820
1815,1823
1816,1797
1816,1800
1816,1801
1816,1807
1816,1814
1816,2530
1816,2561
1819,1795
1819,1798
1819,1809
1819,1811
1819,1815
1819,1817
1819,1820
1817,97
1817,248
1817,278
1817,287
1817,1811
1817,1815
1817,1819
1817,2794
1818,1804
1818,1805
1818,1812
1818,1814
1818,1820
1818,1824
1820,1795
1820,1809
1820,1812
1820,1815
1820,1819
1820,1818
1820,1824
1821,1796
1821,1803
1821,1808
1821,1810
1821,1813
1821,1822
1822,1796
1822,1798
1822,1808
1822,1821
1822,1824
1822,1826
1823,256
1823,257
1823,1799
1823,1812
1823,1815
1824,1795
1824,1804
1824,1808
1824,1818
1824,1820
1824,1822
1824,1826
1825,249
1825,281
1825,1799
1825,1805
1825,1814
1825,2142
1825,2577
1825,2624
1826,1795
1826,1798
1826,1822
1826,1824
1827,1837
1827,1846
1827,1868
1827,1871
1827,1872
1827,1873
1828,1831
1828,1852
1828,1877
1828,1887
1828,2284
1828,2295
1829,1775
1829,1856
1829,1857
1829,1867
1829,1886
1830,1835
1830,1838
1830,1839
1830,1880
1830,2300
1830,2306
1831,1828
1831,1833
1831,1841
1831,1887
1831,2284
1831,2304
1832,1838
1832,1849
1832,1860
1832,1864
1832,1875
1832,1881
1832,1885
1833,1831
1833,1841
1833,2267
1833,2304
1834,1874
1834,1877
1834,1880
1834,1881
1834,2250
1834,2301
1835,1830
1835,1838
1835,1839
1835,1853
1835,1865
1836,1842
1836,1843
1836,2808
1836,2811
1837,1218
1837,1827
1837,1840
1837,1846
1837,1868
1837,1882
1838,1830
1838,1832
1838,1835
1838,1853
1838,1860
1838,1880
1838,1881
1839,1830
1839,1835
1839,1846
1839,1865
1839,1873
1839,1879
1839,1882
1839,2306
1840,310
1840,309
1840,1218
1840,1837
1840,1862
1840,1866
1840,1882
1841,1831
1841,1833
1841,1845
1841,1858
1841,1887
1842,1836
1842,1843
1842,1847
1842,1883
1842,1884
1842,2805
1842,2808
1843,1836
1843,1842
1843,1847
1843,1876
1844,1847
1844,1848
1844,1855
1844,1871
1845,1841
1845,1852
1845,1854
1845,1858
1845,1863
1845,1887
1846,1827
1846,1837
1846,1839
1846,1868
1846,1873
1846,1882
1847,1842
1847,1843
1847,1844
1847,1848
1847,1876
1847,1871
1847,1883
1848,1844
1848,1847
1848,1851
1848,1855
1848,1859
1848,1865
1848,1876
1849,1832
1849,1851
1849,1864
1849,1876
1850,1782
1850,1857
1850,1867
1850,1869
1851,1848
1851,1849
1851,1859
1851,1864
1851,1876
1852,1828
1852,1845
1852,1854
1852,1861
1852,1877
1852,1887
1853,1835
1853,1838
1853,1859
1853,1860
1853,1864
1853,1865
1854,1845
1854,1852
1854,1861
1854,1863
1854,1885
1855,1844
1855,1848
1855,1865
1855,1871
1855,1872
1855,1873
1856,309
1856,1829
1856,1867
1856,1878
1856,1886
1857,1775
1857,1782
1857,1829
1857,1850
1857,1867
1858,1841
1858,1845
1858,1863
1859,1848
1859,1851
1859,1853
1859,1864
1859,1865
1860,1832
1860,1838
1860,1853
1860,1864
1861,1852
1861,1854
1861,1875
1861,1877
1861,1885
1861,1888
1862,1789
1862,1792
1862,1840
1862,1866
1862,1870
1862,1879
1862,1882
1862,2294
1863,1845
1863,1854
1863,1858
1864,1832
1864,1849
1864,1851
1864,1853
1864,1859
1864,1860
1865,1835
1865,1839
1865,1848
1865,1853
1865,1855
1865,1859
1865,1873
1866,309
1866,1840
1866,1862
1866,1870
1866,1886
1867,1786
1867,1829
1867,1850
1867,1856
1867,1857
1867,1869
1868,1218
1868,1827
1868,1837
1868,1846
1868,1871
1868,1884
1868,2806
1869,1782
1869,1785
1869,1786
1869,1793
1869,1850
1869,1867
1870,1775
1870,1789
1870,1862
1870,1866
1870,1886
1876,1843
1876,1847
1876,1848
1876,1849
1876,1851
1871,1827
1871,1844
1871,1847
1871,1855
1871,1868
1871,1872
1871,1883
1871,1884
1872,1827
1872,1855
1872,1871
1872,1873
1873,1827
1873,1839
1873,1846
1873,1855
1873,1865
1873,1872
1874,1834
1874,1875
1874,1877
1874,1881
1874,1888
1875,1832
1875,1861
1875,1874
1875,1881
1875,1885
1875,1888
1877,1828
1877,1834
1877,1852
1877,1861
1877,1874
1877,1888
1877,2295
1877,2301
1878,311
1878,312
1878,313
1878,309
1878,1856
1878,2314
1879,1839
1879,1862
1879,1882
1879,2294
1879,2306
1880,1830
1880,1834
1880,1838
1880,1881
1880,2250
1880,2300
1881,1832
1881,1834
1881,1838
1881,1874
1881,1875
1881,1880
1882,1837
1882,1839
1882,1840
1882,1846
1882,1862
1882,1879
1883,1842
1883,1847
1883,1871
1883,1884
1884,1842
1884,1868
1884,1871
1884,1883
1884,2805
1884,2806
1884,2815
1885,1832
1885,1854
1885,1861
1885,1875
1886,309
1886,1775
1886,1829
1886,1856
1886,1866
1886,1870
1887,1828
1887,1831
1887,1841
1887,1845
1887,1852
1888,1861
1888,1874
1888,1875
1888,1877
1889,1905
1889,1907
1889,1929
1889,1956
1889,1964
1889,1967
1890,1902
1890,1906
1890,1937
1890,1985
1891,1893
1891,1974
1891,1985
1891,2870
1892,1950
1892,1965
1892,1972
1892,1978
1892,2327
1892,2348
1893,1891
1893,1983
1893,1985
1893,2472
1893,2870
1894,1900
1894,1902
1894,1947
1894,1949
1894,1983
1894,2436
1894,2472
1895,1913
1895,1936
1895,1946
1895,1957
1895,1962
1895,1982
1896,1909
1896,1930
1896,1934
1896,1946
1896,1954
1896,1982
1897,1912
1897,1914
1897,1959
1897,1966
1897,1970
1898,1912
1898,1953
1898,1959
1898,2340
1899,1932
1899,1933
1899,1947
1899,1945
1899,1969
1899,1976
1899,1988
1900,1894
1900,1902
1900,1906
1900,1911
1900,1943
1900,1947
1900,1969
1901,1937
1901,1948
1901,1968
1901,1972
1901,1978
1902,1890
1902,1894
1902,1900
1902,1906
1902,1983
1902,1985
1903,1915
1903,1925
1903,1958
1903,1977
1903,2843
1903,2938
1904,1913
1904,1936
1904,1940
1904,1955
1904,1957
1905,1889
1905,1956
1905,1961
1905,1967
1905,2873
1905,2913
1905,2851
1906,1890
1906,1900
1906,1902
1906,1937
1906,1943
1907,1889
1907,1920
1907,1931
1907,1941
1907,1951
1907,1956
1907,1964
1907,1980
1908,441
1908,530
1908,1910
1908,1926
1908,1944
1908,2488
1908,2496
1909,1896
1909,1925
1909,1934
1909,1960
1909,1982
1910,505
1910,525
1910,530
1910,1908
1910,1944
1911,1900
1911,1924
1911,1943
1911,1969
1911,2325
1911,2360
1912,1897
1912,1898
1912,1959
1912,1966
1912,2331
1912,2340
1913,1895
1913,1904
1913,1940
1913,1942
1913,1957
1913,1962
1914,1897
1914,1931
1914,1935
1914,1951
1914,1966
1914,1970
1915,1903
1915,1916
1915,1977
1915,2843
1915,2942
1916,1915
1916,1936
1916,1977
1917,1918
1917,1922
1917,1929
1917,1950
1917,1964
1917,1968
1917,1972
1918,1917
1918,1922
1918,1937
1918,1968
1918,1987
1919,1940
1919,1942
1919,1955
1919,1959
1919,1970
1919,1984
1920,1907
1920,1927
1920,1956
1920,1961
1920,1980
1921,1930
1921,1946
1921,1952
1921,1962
1921,1986
1922,1917
1922,1918
1922,1929
1922,1967
1922,1973
1922,1974
1922,1987
1923,1927
1923,1930
1923,1939
1923,1952
1923,1979
1923,1980
1923,1981
1924,1911
1924,1943
1924,1948
1924,2360
1925,1903
1925,1909
1925,1934
1925,1958
1925,1960
1925,2934
1925,2938
1926,1908
1926,1944
1926,1975
1926,2431
1926,2488
1927,1920
1927,1923
1927,1961
1927,1979
1927,1980
1927,2873
1927,2898
1928,1942
1928,1962
1928,1984
1928,1986
1929,1889
1929,1917
1929,1922
1929,1964
1929,1967
1929,1973
1930,1896
1930,1921
1930,1923
1930,1946
1930,1952
1930,1954
1930,1981
1931,1907
1931,1914
1931,1939
1931,1941
1931,1951
1931,1970
1931,1980
1932,1899
1932,1933
1932,1938
1932,1945
1932,1975
1932,1976
1932,2441
1932,2504
1933,1899
1933,1932
1933,1963
1933,1969
1933,1976
1933,2337
1934,1896
1934,1909
1934,1925
1934,1954
1934,2934
1935,1914
1935,1951
1935,1965
1935,1966
1935,1971
1936,1895
1936,1904
1936,1916
1936,1957
1936,1977
1936,1982
1937,1890
1937,1901
1937,1906
1937,1918
1937,1943
1937,1948
1937,1968
1937,1985
1937,1987
1938,1932
1938,1944
1938,1975
1938,1976
1938,2351
1939,1923
1939,1931
1939,1952
1939,1970
1939,1980
1939,1984
1939,1986
1940,1904
1940,1913
1940,1919
1940,1942
1940,1955
1941,1907
1941,1931
1941,1951
1942,1913
1942,1919
1942,1928
1942,1940
1942,1962
1942,1984
1943,1900
1943,1906
1943,1911
1943,1924
1943,1937
1943,1948
1947,1894
1947,1899
1947,1900
1947,1949
1947,1969
1947,1988
1944,505
1944,1908
1944,1910
1944,1926
1944,1938
1944,1975
1944,2351
1945,1899
1945,1932
1945,1988
1945,2441
1945,2456
1945,2512
1946,1895
1946,1896
1946,1921
1946,1930
1946,1962
1946,1982
1948,1901
1948,1924
1948,1937
1948,1943
1948,1978
1948,2343
1948,2360
1949,1894
1949,1947
1949,1988
1949,2436
1949,2512
1950,1892
1950,1917
1950,1951
1950,1964
1950,1965
1950,1972
1951,1907
1951,1914
1951,1931
1951,1935
1951,1941
1951,1950
1951,1964
1951,1965
1951,1971
1952,1921
1952,1923
1952,1930
1952,1939
1952,1980
1952,1981
1952,1986
1953,1898
1953,1959
1954,1896
1954,1930
1954,1934
1954,1981
1954,2833
1954,2872
1954,2934
1955,1904
1955,1919
1955,1940
1955,1959
1956,1889
1956,1905
1956,1907
1956,1920
1956,1961
1957,1895
1957,1904
1957,1913
1957,1936
1958,1903
1958,1925
1958,1960
1958,1977
1959,1897
1959,1898
1959,1912
1959,1919
1959,1953
1959,1955
1959,1970
1960,1909
1960,1925
1960,1958
1960,1977
1960,1982
1961,1905
1961,1920
1961,1927
1961,1956
1961,2873
1962,1895
1962,1913
1962,1921
1962,1928
1962,1942
1962,1946
1962,1986
1963,1933
1963,1969
1963,2337
1963,2356
1964,1889
1964,1907
1964,1917
1964,1929
1964,1950
1964,1951
1965,1892
1965,1935
1965,1950
1965,1951
1965,1971
1965,1972
1965,2327
1965,2348
1966,1897
1966,1912
1966,1914
1966,1935
1966,1971
1966,2331
1966,2340
1966,2348
1967,1889
1967,1905
1967,1922
1967,1929
1967,1973
1967,2878
1967,2913
1968,1901
1968,1917
1968,1918
1968,1937
1968,1972
1969,1899
1969,1900
1969,1911
1969,1933
1969,1947
1969,1963
1969,2325
1969,2356
1970,1897
1970,1914
1970,1919
1970,1931
1970,1939
1970,1959
1970,1984
1971,1935
1971,1951
1971,1965
1971,1966
1971,2348
1972,1892
1972,1901
1972,1917
1972,1950
1972,1965
1972,1968
1972,1978
1973,1922
1973,1929
1973,1967
1973,1974
1973,2878
1973,2911
1974,1891
1974,1922
1974,1973
1974,1985
1974,1987
1974,2839
1974,2870
1974,2911
1975,1926
1975,1932
1975,1938
1975,1944
1975,2431
1975,2504
1976,1899
1976,1932
1976,1933
1976,1938
1976,2337
1976,2351
1976,2353
1977,1903
1977,1915
1977,1916
1977,1936
1977,1958
1977,1960
1977,1982
1978,1892
1978,1901
1978,1948
1978,1972
1978,2327
1978,2343
1979,1923
1979,1927
1979,1981
1979,2898
1980,1907
1980,1920
1980,1923
1980,1927
1980,1931
1980,1939
1980,1952
1981,1923
1981,1930
1981,1952
1981,1954
1981,1979
1981,2833
1981,2898
1982,1895
1982,1896
1982,1909
1982,1936
1982,1946
1982,1960
1982,1977
1983,1893
1983,1894
1983,1902
1983,1985
1983,2472
1984,1919
1984,1928
1984,1939
1984,1942
1984,1970
1984,1986
1985,1890
1985,1891
1985,1893
1985,1902
1985,1937
1985,1974
1985,1983
1985,1987
1986,1921
1986,1928
1986,1939
1986,1952
1986,1962
1986,1984
1987,1918
1987,1922
1987,1937
1987,1974
1987,1985
1988,1899
1988,1947
1988,1945
1988,1949
1988,2512
1989,1994
1989,2007
1989,2009
1989,2031
1989,2032
1989,2375
1989,2391
1989,2413
1990,1997
1990,2008
1990,2011
1990,2025
1990,2034
1990,2035
1991,2002
1991,2020
1991,2023
1991,2024
1991,2036
1991,2040
1992,2001
1992,2005
1992,2015
1992,2032
1992,2033
1993,2013
1993,2023
1993,2026
1993,2028
1994,1610
1994,1989
1994,2032
1994,2391
1995,2000
1995,2019
1995,2026
1995,2039
1995,2041
1996,2003
1996,2010
1996,2016
1996,2018
1996,2021
1996,2030
1997,1327
1997,1367
1997,1990
1997,2025
1997,2027
1997,2034
1997,2037
1998,2022
1998,2024
1998,2036
1998,2038
1999,2011
1999,2014
1999,2025
1999,2029
1999,2366
1999,2405
2000,1643
2000,1995
2000,2041
2001,1992
2001,2015
2001,2016
2001,2017
2001,2019
2001,2033
2002,1991
2002,2004
2002,2008
2002,2020
2002,2040
2003,1996
2003,2010
2003,2012
2003,2014
2003,2018
2003,2031
2003,2370
2003,2375
2004,2002
2004,2008
2004,2035
2004,2040
2005,1610
2005,1652
2005,1992
2005,2015
2005,2032
2006,1357
2006,1373
2006,2020
2006,2034
2006,2037
2006,2038
2007,1989
2007,2009
2007,2018
2007,2031
2007,2033
2008,1990
2008,2002
2008,2004
2008,2020
2008,2034
2008,2035
2009,1989
2009,2007
2009,2032
2009,2033
2010,1996
2010,2003
2010,2012
2010,2030
2010,2035
2010,2040
2011,1990
2011,1999
2011,2012
2011,2014
2011,2025
2011,2035
2012,2003
2012,2010
2012,2011
2012,2014
2012,2035
2013,1993
2013,2016
2013,2023
2013,2026
2013,2030
2013,2039
2014,1999
2014,2003
2014,2011
2014,2012
2014,2370
2014,2405
2015,1639
2015,1640
2015,1652
2015,1992
2015,2001
2015,2005
2015,2019
2015,2041
2016,1996
2016,2001
2016,2013
2016,2017
2016,2019
2016,2021
2016,2030
2016,2039
2017,2001
2017,2016
2017,2018
2017,2021
2017,2033
2018,1996
2018,2003
2018,2007
2018,2017
2018,2021
2018,2031
2018,2033
2019,1995
2019,2001
2019,2015
2019,2016
2019,2039
2019,2041
2020,1991
2020,2002
2020,2006
2020,2008
2020,2024
2020,2034
2020,2038
2021,1996
2021,2016
2021,2017
2021,2018
2022,1348
2022,1357
2022,1998
2022,2038
2023,1991
2023,1993
2023,2013
2023,2028
2023,2030
2023,2036
2023,2040
2024,1991
2024,1998
2024,2020
2024,2036
2024,2038
2025,1990
2025,1997
2025,1999
2025,2011
2025,2027
2025,2029
2026,1993
2026,1995
2026,2013
2026,2039
2027,1327
2027,1391
2027,1397
2027,1997
2027,2025
2027,2029
2027,2403
2027,2415
2028,1993
2028,2023
2028,2036
2029,1999
2029,2025
2029,2027
2029,2366
2029,2403
2029,2415
2030,1996
2030,2010
2030,2013
2030,2016
2030,2023
2030,2040
2031,1989
2031,2003
2031,2007
2031,2018
2031,2375
2032,1610
2032,1989
2032,1992
2032,1994
2032,2005
2032,2009
2032,2033
2033,1992
2033,2001
2033,2007
2033,2009
2033,2017
2033,2018
2033,2032
2034,1990
2034,1997
2034,2006
2034,2008
2034,2020
2034,2037
2035,1990
2035,2004
2035,2008
2035,2010
2035,2011
2035,2012
2035,2040
2036,1991
2036,1998
2036,2023
2036,2024
2036,2028
2037,1367
2037,1373
2037,1997
2037,2006
2037,2034
2038,1357
2038,1998
2038,2006
2038,2020
2038,2022
2038,2024
2039,1995
2039,2013
2039,2016
2039,2019
2039,2026
2040,1991
2040,2002
2040,2004
2040,2010
2040,2023
2040,2030
2040,2035
2041,1639
2041,1640
2041,1643
2041,1995
2041,2000
2041,2015
2041,2019
2042,1060
2042,1070
2042,2049
2042,2077
2042,2107
2042,2114
2043,2047
2043,2073
2043,2074
2043,2110
2043,2122
2044,2079
2044,2080
2044,2083
2044,2088
2044,2093
2044,2111
2044,2126
2045,2069
2045,2084
2045,2119
2045,2262
2045,2267
2046,2078
2046,2094
2046,2099
2046,2105
2046,2123
2046,2125
2046,3044
2047,2043
2047,2074
2047,2087
2047,2095
2047,2116
2047,2122
2048,2071
2048,2075
2048,2082
2048,2097
2048,2102
2048,3015
2048,3025
2049,1004
2049,1070
2049,2042
2049,2054
2049,2055
2049,2077
2050,712
2050,720
2050,777
2050,2072
2050,2098
2050,2109
2050,2124
2051,2056
2051,2075
2051,2082
2051,2117
2051,2120
2052,2053
2052,2087
2052,2090
2052,2096
2052,2116
2052,2121
2053,2052
2053,2070
2053,2090
2053,2096
2053,2098
2054,1004
2054,1011
2054,1088
2054,2049
2054,2055
2054,2072
2054,2124
2055,2049
2055,2054
2055,2065
2055,2070
2055,2077
2055,2124
2056,2051
2056,2082
2056,2091
2056,2117
2056,2246
2056,2279
2056,3005
2057,2071
2057,2079
2057,2083
2057,2086
2057,2101
2057,2120
2058,2080
2058,2092
2058,2100
2058,2111
2058,2115
2058,2129
2059,2069
2059,2084
2059,2088
2059,2093
2059,2108
2059,2118
2060,734
2060,764
2060,785
2060,2095
2060,2096
2060,2098
2060,2109
2060,2116
2061,698
2061,711
2061,2076
2061,2104
2061,2110
2061,2127
2062,2066
2062,2083
2062,2086
2062,2092
2062,2100
2062,2121
2063,2080
2063,2088
2063,2103
2063,2113
2064,2066
2064,2078
2064,2086
2064,2105
2064,2106
2065,2055
2065,2070
2065,2077
2065,2090
2065,2106
2065,2112
2066,2062
2066,2064
2066,2086
2066,2090
2066,2106
2066,2121
2067,1260
2067,1276
2067,2076
2067,2089
2067,2127
2068,2081
2068,2085
2068,2094
2068,2123
2068,2996
2068,3016
2069,2045
2069,2059
2069,2084
2069,2108
2069,2118
2069,2119
2070,2053
2070,2055
2070,2065
2070,2090
2070,2098
2070,2124
2071,2048
2071,2057
2071,2075
2071,2101
2071,2102
2071,2120
2072,712
2072,720
2072,1000
2072,1011
2072,1051
2072,2050
2072,2054
2072,2124
2073,2043
2073,2074
2073,2076
2073,2110
2073,2115
2073,2128
2073,2129
2074,2043
2074,2047
2074,2073
2074,2087
2074,2092
2074,2121
2074,2129
2075,2048
2075,2051
2075,2071
2075,2082
2075,2120
2076,2061
2076,2067
2076,2073
2076,2089
2076,2110
2076,2127
2076,2128
2077,2042
2077,2049
2077,2055
2077,2065
2077,2107
2077,2112
2078,2046
2078,2064
2078,2105
2078,2106
2078,2112
2078,2123
2079,2044
2079,2057
2079,2083
2079,2117
2079,2120
2079,2126
2080,2044
2080,2058
2080,2063
2080,2088
2080,2111
2080,2113
2080,2115
2081,2068
2081,2085
2081,2107
2081,2112
2081,2114
2081,2123
2082,2048
2082,2051
2082,2056
2082,2075
2082,2995
2082,3005
2082,3025
2083,2044
2083,2057
2083,2062
2083,2079
2083,2086
2083,2100
2083,2111
2084,2045
2084,2059
2084,2069
2085,1002
2085,1037
2085,2068
2085,2081
2085,2114
2085,2996
2085,3040
2086,2057
2086,2062
2086,2064
2086,2066
2086,2083
2086,2101
2086,2105
2087,2047
2087,2052
2087,2074
2087,2116
2087,2121
2088,2044
2088,2059
2088,2063
2088,2080
2088,2093
2089,1276
2089,1288
2089,2067
2089,2076
2089,2103
2089,2128
2090,2052
2090,2053
2090,2065
2090,2066
2090,2070
2090,2106
2090,2121
2091,2056
2091,2108
2091,2117
2091,2119
2091,2279
2091,2285
2092,2058
2092,2062
2092,2074
2092,2100
2092,2121
2092,2129
2093,2044
2093,2059
2093,2088
2093,2118
2093,2126
2094,2046
2094,2068
2094,2123
2094,3008
2094,3016
2094,3044
2095,697
2095,734
2095,2047
2095,2060
2095,2116
2095,2122
2096,2052
2096,2053
2096,2060
2096,2098
2096,2116
2097,2048
2097,2102
2097,2125
2097,3015
2097,3038
2097,3042
2098,2050
2098,2053
2098,2060
2098,2070
2098,2096
2098,2109
2098,2124
2099,2046
2099,2101
2099,2102
2099,2105
2099,2125
2100,2058
2100,2062
2100,2083
2100,2092
2100,2111
2101,2057
2101,2071
2101,2086
2101,2099
2101,2102
2101,2105
2102,2048
2102,2071
2102,2097
2102,2099
2102,2101
2102,2125
2103,2063
2103,2089
2103,2113
2103,2128
2104,698
2104,2061
2104,2110
2104,2122
2105,2046
2105,2064
2105,2078
2105,2086
2105,2099
2105,2101
2106,2064
2106,2065
2106,2066
2106,2078
2106,2090
2106,2112
2107,2042
2107,2077
2107,2081
2107,2112
2107,2114
2108,2059
2108,2069
2108,2091
2108,2117
2108,2118
2108,2119
2109,777
2109,785
2109,2050
2109,2060
2109,2098
2110,2043
2110,2061
2110,2073
2110,2076
2110,2104
2110,2122
2110,2128
2111,2044
2111,2058
2111,2080
2111,2083
2111,2100
2112,2065
2112,2077
2112,2078
2112,2081
2112,2106
2112,2107
2112,2123
2113,2063
2113,2080
2113,2103
2113,2115
2113,2128
2114,1037
2114,1060
2114,2042
2114,2081
2114,2085
2114,2107
2115,2058
2115,2073
2115,2080
2115,2113
2115,2128
2115,2129
2116,2047
2116,2052
2116,2060
2116,2087
2116,2095
2116,2096
2117,2051
2117,2056
2117,2079
2117,2091
2117,2108
2117,2118
2117,2120
2117,2126
2118,2059
2118,2069
2118,2093
2118,2108
2118,2117
2118,2126
2119,2045
2119,2069
2119,2091
2119,2108
2119,2262
2119,2285
2120,2051
2120,2057
2120,2071
2120,2075
2120,2079
2120,2117
2121,2052
2121,2062
2121,2066
2121,2074
2121,2087
2121,2090
2121,2092
2122,697
2122,698
2122,2043
2122,2047
2122,2095
2122,2104
2122,2110
2123,2046
2123,2068
2123,2078
2123,2081
2123,2094
2123,2112
2124,2050
2124,2054
2124,2055
2124,2070
2124,2072
2124,2098
2125,2046
2125,2097
2125,2099
2125,2102
2125,3027
2125,3038
2125,3044
2126,2044
2126,2079
2126,2093
2126,2117
2126,2118
2127,711
2127,772
2127,1260
2127,2061
2127,2067
2127,2076
2128,2073
2128,2076
2128,2089
2128,2103
2128,2110
2128,2113
2128,2115
2129,2058
2129,2073
2129,2074
2129,2092
2129,2115
2130,115
2130,128
2130,183
2130,2140
2130,2150
2130,2197
2131,891
2131,926
2131,2153
2131,2156
2131,2173
2131,2205
2132,2136
2132,2141
2132,2144
2132,2164
2132,2190
2132,2193
2133,900
2133,947
2133,975
2133,2152
2133,2159
2133,2199
2133,2669
2133,2700
2134,2149
2134,2157
2134,2158
2134,2167
2134,2194
2134,2204
2134,2565
2134,2763
2135,2137
2135,2138
2135,2149
2135,2151
2135,2166
2135,2173
2136,2132
2136,2141
2136,2164
2136,2174
2136,2595
2136,2612
2136,2661
2137,2135
2137,2138
2137,2145
2137,2149
2137,2155
2137,2167
2137,2204
2138,2135
2138,2137
2138,2143
2138,2155
2138,2166
2138,2171
2138,2176
2138,2184
2139,2154
2139,2163
2139,2164
2139,2172
2139,2174
2139,2179
2139,2198
2140,2130
2140,2150
2140,2175
2140,2180
2140,2197
2140,2202
2141,2132
2141,2136
2141,2177
2141,2193
2141,2661
2141,2715
2142,249
2142,952
2142,1825
2142,2199
2142,2577
2142,2732
2143,2138
2143,2176
2143,2184
2143,2192
2144,2132
2144,2161
2144,2164
2144,2190
2144,2191
2145,2137
2145,2146
2145,2155
2145,2167
2145,2198
2145,2200
2146,2145
2146,2163
2146,2198
2146,2200
2146,2560
2146,2764
2147,898
2147,937
2147,2150
2147,2175
2147,2182
2147,2187
2147,2195
2148,2170
2148,2183
2148,2185
2148,2188
2148,2189
2148,2201
2149,2134
2149,2135
2149,2137
2149,2151
2149,2194
2149,2204
2150,115
2150,1546
2150,2130
2150,2140
2150,2147
2150,2175
2150,2187
2151,2135
2151,2149
2151,2152
2151,2173
2151,2194
2151,2206
2152,2133
2152,2151
2152,2159
2152,2194
2152,2206
2152,2627
2152,2669
2153,2131
2153,2156
2153,2165
2153,2166
2153,2171
2153,2173
2153,2181
2154,2139
2154,2155
2154,2176
2154,2179
2154,2191
2154,2198
2155,2137
2155,2138
2155,2145
2155,2154
2155,2176
2155,2198
2156,926
2156,983
2156,2131
2156,2153
2156,2165
2157,2134
2157,2158
2157,2162
2157,2167
2158,2134
2158,2157
2158,2162
2158,2559
2158,2565
2158,2620
2159,900
2159,904
2159,2133
2159,2152
2159,2205
2159,2206
2160,2168
2160,2169
2160,2178
2160,2180
2160,2190
2160,2197
2161,2144
2161,2178
2161,2183
2161,2190
2161,2191
2161,2196
2162,2157
2162,2158
2162,2167
2162,2200
2162,2620
2162,2765
2163,2139
2163,2146
2163,2172
2163,2198
2163,2560
2163,2690
2164,2132
2164,2136
2164,2139
2164,2144
2164,2174
2164,2179
2164,2191
2165,905
2165,983
2165,2153
2165,2156
2165,2181
2165,2186
2166,2135
2166,2138
2166,2153
2166,2171
2166,2173
2166,2184
2167,2134
2167,2137
2167,2145
2167,2157
2167,2162
2167,2200
2167,2204
2168,2160
2168,2169
2168,2190
2168,2193
2169,168
2169,174
2169,176
2169,2160
2169,2168
2169,2177
2169,2193
2169,2197
2170,2148
2170,2171
2170,2183
2170,2184
2170,2189
2170,2192
2171,2138
2171,2153
2171,2166
2171,2170
2171,2181
2171,2184
2171,2189
2172,2139
2172,2163
2172,2174
2172,2570
2172,2612
2172,2690
2176,2138
2176,2143
2176,2154
2176,2155
2176,2191
2176,2192
2177,152
2177,168
2177,177
2177,2141
2177,2169
2177,2193
2177,2540
2177,2715
2178,2160
2178,2161
2178,2180
2178,2183
2178,2185
2178,2190
2173,2131
2173,2135
2173,2151
2173,2153
2173,2166
2173,2205
2173,2206
2174,2136
2174,2139
2174,2164
2174,2172
2174,2612
2175,2140
2175,2147
2175,2150
2175,2195
2175,2202
2179,2139
2179,2154
2179,2164
2179,2191
2180,2140
2180,2160
2180,2178
2180,2185
2180,2197
2180,2202
2181,2153
2181,2165
2181,2171
2181,2186
2181,2188
2181,2189
2182,937
2182,950
2182,2147
2182,2195
2182,2203
2183,2148
2183,2161
2183,2170
2183,2178
2183,2185
2183,2192
2183,2196
2184,2138
2184,2143
2184,2166
2184,2170
2184,2171
2184,2192
2185,2148
2185,2178
2185,2180
2185,2183
2185,2201
2185,2202
2186,897
2186,905
2186,2165
2186,2181
2186,2188
2186,2201
2186,2203
2187,898
2187,1546
2187,1555
2187,2147
2187,2150
2188,2148
2188,2181
2188,2186
2188,2189
2188,2201
2189,2148
2189,2170
2189,2171
2189,2181
2189,2188
2190,2132
2190,2144
2190,2160
2190,2161
2190,2168
2190,2178
2190,2193
2191,2144
2191,2154
2191,2161
2191,2164
2191,2176
2191,2179
2191,2192
2191,2196
2192,2143
2192,2170
2192,2176
2192,2183
2192,2184
2192,2191
2192,2196
2193,2132
2193,2141
2193,2168
2193,2169
2193,2177
2193,2190
2194,2134
2194,2149
2194,2151
2194,2152
2194,2627
2194,2763
2195,2147
2195,2175
2195,2182
2195,2201
2195,2202
2195,2203
2196,2161
2196,2183
2196,2191
2196,2192
2197,128
2197,176
2197,2130
2197,2140
2197,2160
2197,2169
2197,2180
2198,2139
2198,2145
2198,2146
2198,2154
2198,2155
2198,2163
2199,952
2199,975
2199,982
2199,2133
2199,2142
2199,2619
2199,2700
2199,2732
2200,2145
2200,2146
2200,2162
2200,2167
2200,2764
2200,2765
2201,2148
2201,2185
2201,2186
2201,2188
2201,2195
2201,2202
2201,2203
2202,2140
2202,2175
2202,2180
2202,2185
2202,2195
2202,2201
2203,897
2203,950
2203,2182
2203,2186
2203,2195
2203,2201
2204,2134
2204,2137
2204,2149
2204,2167
2205,891
2205,904
2205,2131
2205,2159
2205,2173
2205,2206
2206,2151
2206,2152
2206,2159
2206,2173
2206,2205
2207,552
2207,594
2207,2218
2207,2229
2207,2237
2207,2238
2208,2226
2208,2227
2208,2228
2208,2233
2209,2220
2209,2230
2209,2232
2209,2239
2209,2240
2209,2242
2210,2211
2210,2235
2210,2240
2210,2976
2210,2986
2211,2210
2211,2232
2211,2235
2211,2240
2211,2957
2211,2959
2211,2986
2212,2214
2212,2216
2213,2215
2213,2218
2213,2219
2213,2222
2213,2241
2214,194
2214,2212
2214,2216
2214,2223
2215,2213
2215,2219
2215,2222
2215,2224
2215,2225
2215,2226
2215,2228
2216,2212
2216,2214
2216,2221
2216,2223
2216,2224
2216,2226
2217,2231
2217,2234
2217,2239
2217,2241
2217,2971
2218,2207
2218,2213
2218,2219
2218,2229
2218,2231
2218,2236
2218,2237
2218,2241
2219,1754
2219,1762
2219,2213
2219,2215
2219,2218
2219,2225
2219,2229
2220,2209
2220,2232
2220,2239
2220,2971
2220,2981
2221,233
2221,2216
2221,2223
2221,2224
2222,2213
2222,2215
2222,2228
2222,2230
2222,2239
2222,2241
2223,194
2223,233
2223,2214
2223,2216
2223,2221
2224,211
2224,233
2224,2215
2224,2216
2224,2221
2224,2225
2224,2226
2225,211
2225,1762
2225,2215
2225,2219
2225,2224
2226,2208
2226,2215
2226,2216
2226,2224
2226,2227
2226,2228
2227,2208
2227,2226
2227,2233
2227,2235
2228,2208
2228,2215
2228,2222
2228,2226
2228,2230
2228,2233
2229,564
2229,587
2229,588
2229,594
2229,1754
2229,2207
2229,2218
2229,2219
2230,2209
2230,2222
2230,2228
2230,2233
2230,2239
2230,2242
2231,2217
2231,2218
2231,2236
2231,2241
2231,2954
2231,2971
2232,2209
2232,2211
2232,2220
2232,2240
2232,2957
2232,2981
2233,2208
2233,2227
2233,2228
2233,2230
2233,2235
2233,2242
2234,2217
2234,2239
2234,2971
2235,2210
2235,2211
2235,2227
2235,2233
2235,2240
2235,2242
2236,2218
2236,2231
2236,2237
2236,2238
2236,2954
2236,2958
2236,2987
2237,2207
2237,2218
2237,2236
2237,2238
2238,552
2238,575
2238,585
2238,2207
2238,2236
2238,2237
2238,2953
2238,2958
2238,2963
2239,2209
2239,2217
2239,2220
2239,2222
2239,2230
2239,2234
2239,2241
2239,2971
2240,2209
2240,2210
2240,2211
2240,2232
2240,2235
2240,2242
2241,2213
2241,2217
2241,2218
2241,2222
2241,2231
2241,2239
2242,2209
2242,2230
2242,2233
2242,2235
2242,2240
2243,1199
2243,1203
2243,2263
2243,2270
2243,2309
2244,2246
2244,2252
2244,2305
2244,2307
2245,2252
2245,2258
2245,2274
2245,2275
2245,2307
2246,2056
2246,2244
2246,2252
2246,2279
2246,2305
2246,3005
2247,1193
2247,2249
2247,2253
2247,2271
2247,2273
2247,2298
2248,2257
2248,2278
2248,2280
2248,2281
2248,2288
2248,2296
2249,2247
2249,2253
2249,2256
2249,2259
2249,2273
2250,1834
2250,1880
2250,2283
2250,2299
2250,2300
2250,2301
2250,2308
2251,1776
2251,1783
2251,1784
2251,1794
2251,2281
2251,2288
2251,2290
2251,2293
2252,2244
2252,2245
2252,2246
2252,2258
2252,2279
2252,2285
2252,2303
2252,2307
2253,2247
2253,2249
2253,2259
2253,2274
2253,2298
2253,2307
2254,2259
2254,2260
2254,2266
2254,2284
2254,2295
2255,2281
2255,2282
2255,2287
2255,2290
2255,2296
2256,2249
2256,2259
2256,2260
2256,2273
2256,2286
2256,2302
2257,317
2257,1200
2257,2248
2257,2265
2257,2278
2257,2288
2258,2245
2258,2252
2258,2269
2258,2275
2258,2303
2259,2249
2259,2253
2259,2254
2259,2256
2259,2260
2259,2266
2259,2274
2259,2275
2260,2254
2260,2256
2260,2259
2260,2283
2260,2295
2260,2302
2261,2282
2261,2283
2261,2289
2261,2291
2261,2296
2261,2299
2262,2045
2262,2119
2262,2267
2262,2285
2262,2303
2262,2304
2263,2243
2263,2264
2263,2270
2263,2292
2263,2309
2264,2263
2264,2276
2264,2278
2264,2280
2264,2291
2264,2292
2264,2296
2264,2309
2265,317
2265,1781
2265,2257
2265,2288
2265,2293
2266,2254
2266,2259
2266,2269
2266,2275
2266,2284
2266,2304
2267,1833
2267,2045
2267,2262
2267,2304
2268,1204
2268,2272
2268,2298
2268,2305
2268,2307
2268,3021
2268,3029
2269,2258
2269,2266
2269,2275
2269,2284
2269,2303
2269,2304
2270,1203
2270,1214
2270,2243
2270,2263
2270,2271
2270,2273
2270,2276
2270,2292
2271,1193
2271,1214
2271,2247
2271,2270
2271,2273
2272,2268
2272,2305
2272,3015
2272,3021
2272,3042
2273,2247
2273,2249
2273,2256
2273,2270
2273,2271
2273,2276
2273,2286
2274,2245
2274,2253
2274,2259
2274,2275
2274,2307
2275,2245
2275,2258
2275,2259
2275,2266
2275,2269
2275,2274
2276,2264
2276,2270
2276,2273
2276,2286
2276,2291
2276,2292
2276,2297
2277,2282
2277,2287
2277,2300
2277,2306
2277,2308
2278,1200
2278,1205
2278,2248
2278,2257
2278,2264
2278,2280
2278,2309
2279,2056
2279,2091
2279,2246
2279,2252
2279,2285
2280,2248
2280,2264
2280,2278
2280,2296
2281,2248
2281,2251
2281,2255
2281,2288
2281,2290
2281,2296
2282,2255
2282,2261
2282,2277
2282,2287
2282,2296
2282,2299
2282,2308
2283,2250
2283,2260
2283,2261
2283,2289
2283,2291
2283,2295
2283,2299
2283,2301
2283,2302
2284,1828
2284,1831
2284,2254
2284,2266
2284,2269
2284,2295
2284,2304
2285,2091
2285,2119
2285,2252
2285,2262
2285,2279
2285,2303
2286,2256
2286,2273
2286,2276
2286,2297
2286,2302
2287,1792
2287,1794
2287,2255
2287,2277
2287,2282
2287,2290
2287,2294
2287,2306
2288,2248
2288,2251
2288,2257
2288,2265
2288,2281
2288,2293
2289,2261
2289,2283
2289,2291
2290,1794
2290,2251
2290,2255
2290,2281
2290,2287
2291,2261
2291,2264
2291,2276
2291,2283
2291,2289
2291,2292
2291,2296
2291,2297
2291,2302
2292,2263
2292,2264
2292,2270
2292,2276
2292,2291
2293,1776
2293,1777
2293,1781
2293,2251
2293,2265
2293,2288
2294,1792
2294,1862
2294,1879
2294,2287
2294,2306
2295,1828
2295,1877
2295,2254
2295,2260
2295,2283
2295,2284
2295,2301
2296,2248
2296,2255
2296,2261
2296,2264
2296,2280
2296,2281
2296,2282
2296,2291
2297,2276
2297,2286
2297,2291
2297,2302
2298,1193
2298,1204
2298,2247
2298,2253
2298,2268
2298,2307
2299,2250
2299,2261
2299,2282
2299,2283
2299,2308
2300,1830
2300,1880
2300,2250
2300,2277
2300,2306
2300,2308
2301,1834
2301,1877
2301,2250
2301,2283
2301,2295
2302,2256
2302,2260
2302,2283
2302,2286
2302,2291
2302,2297
2303,2252
2303,2258
2303,2262
2303,2269
2303,2285
2303,2304
2304,1831
2304,1833
2304,2262
2304,2266
2304,2267
2304,2269
2304,2284
2304,2303
2305,2244
2305,2246
2305,2268
2305,2272
2305,2307
2305,2995
2305,3005
2305,3015
2305,3025
2306,1830
2306,1839
2306,1879
2306,2277
2306,2287
2306,2294
2306,2300
2307,2244
2307,2245
2307,2252
2307,2253
2307,2268
2307,2274
2307,2298
2307,2305
2308,2250
2308,2277
2308,2282
2308,2299
2308,2300
2309,1195
2309,1199
2309,1205
2309,2243
2309,2263
2309,2264
2309,2278
2310,1219
2310,2311
2310,2312
2310,2313
2311,315
2311,2310
2311,2312
2311,2313
2311,2314
2312,1219
2312,2310
2312,2311
2312,2314
2313,315
2313,1219
2313,1227
2313,1230
2313,2310
2313,2311
2314,315
2314,313
2314,1878
2314,2311
2314,2312
2315,438
2315,2318
2315,2337
2315,2338
2315,2344
2315,2349
2316,403
2316,507
2316,2320
2316,2333
2316,2346
2316,2352
2316,2355
2317,403
2317,510
2317,2319
2317,2320
2317,2329
2317,2339
2318,438
2318,459
2318,2315
2318,2337
2318,2344
2318,2351
2318,2353
2319,2317
2319,2320
2319,2329
2319,2339
2319,2352
2320,403
2320,2316
2320,2317
2320,2319
2320,2352
2321,2329
2321,2339
2321,2341
2322,2324
2322,2328
2322,2332
2322,2336
2322,2352
2322,2359
2323,2328
2323,2346
2323,2352
2323,2354
2323,2357
2324,2322
2324,2329
2324,2332
2324,2336
2325,1911
2325,1969
2325,2356
2325,2358
2325,2360
2326,2334
2326,2343
2326,2358
2326,2360
2327,1892
2327,1965
2327,1978
2327,2330
2327,2342
2327,2343
2327,2348
2328,2322
2328,2323
2328,2335
2328,2352
2328,2357
2328,2359
2329,2317
2329,2319
2329,2321
2329,2324
2329,2332
2329,2339
2329,2352
2330,2327
2330,2335
2330,2342
2330,2345
2330,2348
2331,1912
2331,1966
2331,2335
2331,2340
2331,2347
2331,2348
2332,2322
2332,2324
2332,2329
2332,2352
2333,422
2333,507
2333,2316
2333,2338
2333,2349
2333,2355
2334,2326
2334,2342
2334,2343
2334,2350
2334,2354
2334,2358
2335,2328
2335,2330
2335,2331
2335,2345
2335,2347
2335,2348
2335,2357
2335,2359
2336,2322
2336,2324
2336,2340
2336,2347
2336,2359
2337,1933
2337,1963
2337,1976
2337,2315
2337,2318
2337,2344
2337,2353
2337,2356
2338,2315
2338,2333
2338,2344
2338,2349
2338,2350
2338,2355
2339,437
2339,510
2339,2317
2339,2319
2339,2321
2339,2329
2339,2341
2340,1898
2340,1912
2340,1966
2340,2331
2340,2336
2340,2347
2341,411
2341,437
2341,2321
2341,2339
2342,2327
2342,2330
2342,2334
2342,2343
2342,2345
2342,2354
2342,2357
2343,1948
2343,1978
2343,2326
2343,2327
2343,2334
2343,2342
2343,2360
2344,2315
2344,2318
2344,2337
2344,2338
2344,2350
2344,2356
2344,2358
2345,2330
2345,2335
2345,2342
2345,2357
2346,2316
2346,2323
2346,2350
2346,2352
2346,2354
2346,2355
2349,422
2349,438
2349,476
2349,2315
2349,2333
2349,2338
2347,2331
2347,2335
2347,2336
2347,2340
2347,2359
2348,1892
2348,1965
2348,1966
2348,1971
2348,2327
2348,2330
2348,2331
2348,2335
2350,2334
2350,2338
2350,2344
2350,2346
2350,2354
2350,2355
2350,2358
2351,445
2351,454
2351,459
2351,505
2351,513
2351,1938
2351,1944
2351,1976
2351,2318
2351,2353
2352,2316
2352,2319
2352,2320
2352,2322
2352,2323
2352,2328
2352,2329
2352,2332
2352,2346
2353,1976
2353,2318
2353,2337
2353,2351
2354,2323
2354,2334
2354,2342
2354,2346
2354,2350
2354,2357
2355,2316
2355,2333
2355,2338
2355,2346
2355,2350
2356,1963
2356,1969
2356,2325
2356,2337
2356,2344
2356,2358
2357,2323
2357,2328
2357,2335
2357,2342
2357,2345
2357,2354
2358,2325
2358,2326
2358,2334
2358,2344
2358,2350
2358,2356
2358,2360
2359,2322
2359,2328
2359,2335
2359,2336
2359,2347
2360,1911
2360,1924
2360,1948
2360,2325
2360,2326
2360,2343
2360,2358
2361,2367
2361,2371
2361,2377
2361,2381
2361,2396
2361,2416
2362,2372
2362,2389
2362,2396
2362,2398
2362,2416
2362,2417
2363,1669
2363,2395
2363,2407
2363,2411
2363,2420
2364,1707
2364,2371
2364,2393
2364,2425
2365,1354
2365,1372
2365,2379
2365,2388
2365,2398
2365,2399
2365,2410
2366,1999
2366,2029
2366,2378
2366,2382
2366,2384
2366,2405
2366,2403
2366,2417
2367,2361
2367,2368
2367,2371
2367,2396
2367,2402
2368,2367
2368,2389
2368,2394
2368,2396
2368,2402
2369,1603
2369,2391
2369,2400
2369,2406
2369,2413
2369,3123
2370,2003
2370,2014
2370,2375
2370,2405
2370,2424
2371,1661
2371,1707
2371,2361
2371,2364
2371,2367
2371,2381
2371,2386
2371,2393
2371,2402
2372,2362
2372,2374
2372,2378
2372,2388
2372,2398
2372,2417
2373,1667
2373,1679
2373,2401
2373,2422
2373,2423
2373,2425
2374,2372
2374,2378
2374,2379
2374,2385
2374,2388
2375,1989
2375,2003
2375,2031
2375,2370
2375,2380
2375,2413
2375,2424
2375,2426
2376,2383
2376,2411
2376,2412
2376,3131
2376,3140
2377,2361
2377,2381
2377,2390
2377,2393
2377,2416
2378,2366
2378,2372
2378,2374
2378,2385
2378,2403
2378,2415
2378,2417
2379,1350
2379,1354
2379,1400
2379,2365
2379,2374
2379,2385
2379,2388
2380,2375
2380,2387
2380,2414
2380,2418
2380,2419
2380,2424
2380,2426
2381,2361
2381,2371
2381,2377
2381,2393
2382,2366
2382,2384
2382,2405
2382,2414
2382,2424
2383,1676
2383,1736
2383,2376
2383,2411
2383,3131
2384,2366
2384,2382
2384,2389
2384,2394
2384,2414
2384,2417
2385,1319
2385,1350
2385,2374
2385,2378
2385,2379
2385,2415
2386,1661
2386,1705
2386,2371
2386,2402
2386,2421
2387,2380
2387,2395
2387,2397
2387,2406
2387,2412
2387,2418
2387,2426
2388,2365
2388,2372
2388,2374
2388,2379
2388,2398
2389,2362
2389,2368
2389,2384
2389,2394
2389,2396
2389,2417
2390,2377
2390,2393
2390,2404
2390,2408
2390,2416
2391,1603
2391,1610
2391,1989
2391,1994
2391,2369
2391,2413
2392,2394
2392,2402
2392,2418
2392,2419
2393,2364
2393,2371
2393,2377
2393,2381
2393,2390
2393,2404
2393,2422
2393,2425
2394,2368
2394,2384
2394,2389
2394,2392
2394,2402
2394,2414
2394,2419
2395,2363
2395,2387
2395,2397
2395,2407
2395,2411
2395,2412
2395,2420
2396,2361
2396,2362
2396,2367
2396,2368
2396,2389
2396,2416
2397,2387
2397,2395
2397,2402
2397,2407
2397,2418
2398,2362
2398,2365
2398,2372
2398,2388
2398,2399
2398,2408
2398,2416
2399,2365
2399,2398
2399,2404
2399,2408
2399,2409
2399,2410
2400,2369
2400,2406
2400,2412
2400,3123
2400,3140
2401,848
2401,872
2401,2373
2401,2409
2401,2422
2401,2423
2402,2367
2402,2368
2402,2371
2402,2386
2402,2392
2402,2394
2402,2397
2402,2407
2402,2418
2402,2421
2404,2390
2404,2393
2404,2399
2404,2408
2404,2409
2404,2422
2405,1999
2405,2014
2405,2366
2405,2370
2405,2382
2405,2424
2403,2027
2403,2029
2403,2366
2403,2378
2403,2415
2406,2369
2406,2387
2406,2400
2406,2412
2406,2413
2406,2426
2407,2363
2407,2395
2407,2397
2407,2402
2407,2420
2407,2421
2408,2390
2408,2398
2408,2399
2408,2404
2408,2416
2409,848
2409,1372
2409,1380
2409,2399
2409,2401
2409,2404
2409,2410
2409,2422
2410,1354
2410,1372
2410,1380
2410,2365
2410,2399
2410,2409
2411,1669
2411,1676
2411,1734
2411,2363
2411,2376
2411,2383
2411,2395
2411,2412
2412,2376
2412,2387
2412,2395
2412,2400
2412,2406
2412,2411
2412,3140
2413,1989
2413,2369
2413,2375
2413,2391
2413,2406
2413,2426
2414,2380
2414,2382
2414,2384
2414,2394
2414,2419
2414,2424
2415,1319
2415,1391
2415,2027
2415,2029
2415,2378
2415,2385
2415,2403
2416,2361
2416,2362
2416,2377
2416,2390
2416,2396
2416,2398
2416,2408
2417,2362
2417,2366
2417,2372
2417,2378
2417,2384
2417,2389
2418,2380
2418,2387
2418,2392
2418,2397
2418,2402
2418,2419
2418,2426
2419,2380
2419,2392
2419,2394
2419,2414
2419,2418
2420,1669
2420,1705
2420,2363
2420,2395
2420,2407
2420,2421
2421,1669
2421,1705
2421,2386
2421,2402
2421,2407
2421,2420
2422,2373
2422,2393
2422,2401
2422,2404
2422,2409
2422,2425
2423,863
2423,872
2423,885
2423,1675
2423,1679
2423,2373
2423,2401
2424,2370
2424,2375
2424,2380
2424,2382
2424,2405
2424,2414
2425,1667
2425,1707
2425,2364
2425,2373
2425,2393
2425,2422
2426,2375
2426,2380
2426,2387
2426,2406
2426,2413
2426,2418
2427,2433
2427,2473
2427,2491
2427,2499
2427,2502
2427,2513
2428,2442
2428,2478
2428,2483
2428,2490
2428,2501
2429,2435
2429,2447
2429,2466
2429,2468
2429,2469
2429,2494
2429,2507
2430,2444
2430,2459
2430,2498
2430,2503
2430,2514
2431,1926
2431,1975
2431,2473
2431,2479
2431,2488
2431,2504
2432,491
2432,541
2432,2459
2432,2485
2432,2487
2432,2496
2433,1072
2433,1110
2433,2427
2433,2439
2433,2502
2433,2513
2434,2442
2434,2446
2434,2501
2434,2515
2434,2521
2435,2429
2435,2447
2435,2453
2435,2465
2435,2466
2435,2481
2435,2518
2436,1894
2436,1949
2436,2472
2436,2508
2436,2512
2436,2516
2437,2445
2437,2448
2437,2489
2437,2500
2437,2520
2438,2461
2438,2462
2438,2465
2438,2486
2438,2481
2439,999
2439,1110
2439,2433
2439,2455
2439,2460
2439,2513
2439,2887
2440,1019
2440,1021
2440,1078
2440,2470
2440,2480
2440,2493
2440,2495
2441,1932
2441,1945
2441,2456
2441,2458
2441,2471
2441,2504
2442,2428
2442,2434
2442,2452
2442,2457
2442,2490
2442,2501
2442,2515
2443,2449
2443,2453
2443,2464
2443,2475
2443,2481
2444,2430
2444,2451
2444,2491
2444,2497
2444,2498
2444,2499
2444,2514
2444,2519
2445,2437
2445,2500
2445,2501
2445,2509
2445,2520
2445,2521
2447,2429
2447,2435
2447,2462
2447,2465
2447,2494
2447,2517
2446,2434
2446,2497
2446,2506
2446,2515
2446,2519
2446,2521
2448,2437
2448,2467
2448,2468
2448,2469
2448,2489
2448,2520
2449,158
2449,1560
2449,2443
2449,2453
2449,2474
2449,2475
2449,2492
2450,1405
2450,1447
2450,2461
2450,2464
2450,2505
2450,2510
2451,2444
2451,2491
2451,2493
2451,2495
2451,2497
2451,2502
2452,35
2452,44
2452,2442
2452,2457
2452,2478
2452,2482
2452,2490
2453,2435
2453,2443
2453,2449
2453,2481
2453,2492
2453,2518
2454,38
2454,41
2454,2476
2454,2478
2454,2483
2454,2484
2455,2439
2455,2458
2455,2460
2455,2463
2455,2471
2455,2473
2455,2513
2456,1945
2456,2441
2456,2458
2456,2463
2456,2512
2456,2516
2457,2442
2457,2452
2457,2482
2457,2503
2457,2515
2458,2441
2458,2455
2458,2456
2458,2463
2458,2471
2459,409
2459,427
2459,532
2459,541
2459,2430
2459,2432
2459,2482
2459,2487
2459,2498
2459,2503
2460,2439
2460,2455
2460,2463
2460,2887
2460,2931
2461,1402
2461,1405
2461,1470
2461,2438
2461,2450
2461,2464
2461,2486
2461,2481
2462,38
2462,1402
2462,1471
2462,2438
2462,2447
2462,2465
2462,2486
2462,2517
2463,2455
2463,2456
2463,2458
2463,2460
2463,2508
2463,2516
2463,2931
2464,2443
2464,2450
2464,2461
2464,2475
2464,2481
2464,2510
2465,2435
2465,2438
2465,2447
2465,2462
2465,2481
2466,1010
2466,1034
2466,2429
2466,2435
2466,2507
2466,2518
2467,2448
2467,2469
2467,2477
2467,2484
2467,2494
2467,2520
2468,2429
2468,2448
2468,2469
2468,2489
2468,2507
2469,2429
2469,2448
2469,2467
2469,2468
2469,2494
2470,2440
2470,2480
2470,2493
2470,2497
2470,2506
2471,2441
2471,2455
2471,2458
2471,2473
2471,2504
2472,1893
2472,1894
2472,1983
2472,2436
2472,2508
2472,2870
2472,2944
2473,2427
2473,2431
2473,2455
2473,2471
2473,2479
2473,2499
2473,2504
2473,2513
2474,1030
2474,1554
2474,1560
2474,2449
2474,2492
2475,158
2475,2443
2475,2449
2475,2464
2475,2510
2476,38
2476,2454
2476,2477
2476,2484
2476,2517
2477,2467
2477,2476
2477,2484
2477,2494
2477,2517
2478,41
2478,44
2478,2428
2478,2452
2478,2454
2478,2483
2478,2490
2479,2431
2479,2473
2479,2485
2479,2488
2479,2499
2485,2432
2485,2479
2485,2487
2485,2488
2485,2496
2485,2499
2486,1402
2486,2438
2486,2461
2486,2462
2480,994
2480,1078
2480,2440
2480,2470
2480,2506
2480,2509
2480,2511
2481,2435
2481,2438
2481,2443
2481,2453
2481,2461
2481,2464
2481,2465
2482,35
2482,427
2482,2452
2482,2457
2482,2459
2482,2503
2483,2428
2483,2454
2483,2478
2483,2484
2483,2501
2483,2520
2484,2454
2484,2467
2484,2476
2484,2477
2484,2483
2484,2520
2487,2432
2487,2459
2487,2485
2487,2498
2487,2499
2488,1908
2488,1926
2488,2431
2488,2479
2488,2485
2488,2496
2489,1016
2489,1102
2489,2437
2489,2448
2489,2468
2489,2500
2489,2507
2490,2428
2490,2442
2490,2452
2490,2478
2491,2427
2491,2444
2491,2451
2491,2499
2491,2502
2492,1030
2492,1045
2492,2449
2492,2453
2492,2474
2492,2518
2493,2440
2493,2451
2493,2470
2493,2495
2493,2497
2494,2429
2494,2447
2494,2467
2494,2469
2494,2477
2494,2517
2495,1019
2495,1108
2495,2440
2495,2451
2495,2493
2495,2502
2496,441
2496,491
2496,1908
2496,2432
2496,2485
2496,2488
2497,2444
2497,2446
2497,2451
2497,2470
2497,2493
2497,2506
2497,2519
2498,2430
2498,2444
2498,2459
2498,2487
2498,2499
2499,2427
2499,2444
2499,2473
2499,2479
2499,2485
2499,2487
2499,2491
2499,2498
2500,1063
2500,1099
2500,1102
2500,2437
2500,2445
2500,2489
2500,2509
2501,2428
2501,2434
2501,2442
2501,2445
2501,2483
2501,2520
2501,2521
2502,1072
2502,1108
2502,2427
2502,2433
2502,2451
2502,2491
2502,2495
2503,2430
2503,2457
2503,2459
2503,2482
2503,2514
2503,2515
2504,1932
2504,1975
2504,2431
2504,2441
2504,2471
2504,2473
2505,129
2505,158
2505,1417
2505,1447
2505,2450
2505,2510
2506,2446
2506,2470
2506,2480
2506,2497
2506,2511
2506,2521
2507,1010
2507,1016
2507,1103
2507,2429
2507,2466
2507,2468
2507,2489
2508,2436
2508,2463
2508,2472
2508,2516
2508,2931
2508,2944
2508,2832
2509,994
2509,1099
2509,2445
2509,2480
2509,2500
2509,2511
2509,2521
2510,129
2510,158
2510,2450
2510,2464
2510,2475
2510,2505
2511,2480
2511,2506
2511,2509
2511,2521
2512,1945
2512,1949
2512,1988
2512,2436
2512,2456
2512,2516
2513,2427
2513,2433
2513,2439
2513,2455
2513,2473
2514,2430
2514,2444
2514,2503
2514,2515
2514,2519
2515,2434
2515,2442
2515,2446
2515,2457
2515,2503
2515,2514
2515,2519
2516,2436
2516,2456
2516,2463
2516,2508
2516,2512
2517,38
2517,2447
2517,2462
2517,2476
2517,2477
2517,2494
2518,1034
2518,1045
2518,2435
2518,2453
2518,2466
2518,2492
2519,2444
2519,2446
2519,2497
2519,2514
2519,2515
2520,2437
2520,2445
2520,2448
2520,2467
2520,2483
2520,2484
2520,2501
2521,2434
2521,2445
2521,2446
2521,2501
2521,2506
2521,2509
2521,2511
2522,2558
2522,2602
2522,2628
2522,2634
2522,2666
2523,1807
2523,2589
2523,2604
2523,2677
2523,2686
2523,2769
2524,2558
2524,2634
2524,2642
2524,2695
2524,2708
2524,2724
2524,2749
2524,2750
2525,2550
2525,2699
2525,2717
2525,2726
2526,2533
2526,2560
2526,2640
2526,2745
2526,2764
2526,2765
2526,2773
2527,2544
2527,2554
2527,2586
2527,2611
2527,2709
2527,2712
2527,2740
2528,2536
2528,2603
2528,2649
2528,2660
2528,2670
2528,2683
2528,2684
2528,2768
2529,2566
2529,2596
2529,2600
2529,2758
2529,2760
2529,2762
2530,1800
2530,1816
2530,2561
2530,2631
2530,2662
2530,2706
2531,2536
2531,2651
2531,2654
2531,2684
2531,2714
2531,2753
2532,2549
2532,2596
2532,2665
2532,2748
2532,2767
2533,2526
2533,2599
2533,2625
2533,2659
2533,2745
2533,2764
2533,2765
2533,2773
2534,2609
2534,2649
2534,2670
2534,2717
2534,2726
2535,2548
2535,2571
2535,2594
2535,2663
2535,2682
2535,2687
2535,2767
2536,2528
2536,2531
2536,2567
2536,2615
2536,2651
2536,2684
2536,2768
2537,2548
2537,2567
2537,2607
2537,2626
2537,2651
2537,2671
2537,2748
2538,2579
2538,2606
2538,2635
2538,2674
2538,2677
2538,2689
2538,2729
2539,2571
2539,2593
2539,2618
2539,2630
2539,2647
2539,2682
2539,2734
2540,152
2540,157
2540,2177
2540,2555
2540,2693
2540,2715
2541,2600
2541,2605
2541,2622
2541,2679
2541,2762
2542,2547
2542,2614
2542,2666
2542,2675
2542,2719
2542,2760
2543,2643
2543,2707
2543,2710
2543,2743
2544,2527
2544,2586
2544,2598
2544,2617
2544,2694
2544,2740
2545,2587
2545,2629
2545,2645
2545,2646
2545,2652
2545,2658
2545,2735
2546,2551
2546,2563
2546,2568
2546,2588
2546,2681
2546,2688
2546,2727
2547,2542
2547,2665
2547,2687
2547,2719
2547,2760
2548,2535
2548,2537
2548,2663
2548,2671
2548,2727
2548,2748
2548,2767
2549,2532
2549,2596
2549,2610
2549,2615
2549,2626
2549,2748
2550,2525
2550,2641
2550,2679
2550,2717
2550,2756
2551,2546
2551,2563
2551,2588
2551,2648
2551,2730
2551,2742
2552,2629
2552,2766
2553,2601
2553,2693
2553,2746
2553,2751
2553,2771
2554,2527
2554,2586
2554,2611
2554,2638
2554,2692
2554,2709
2554,2712
2554,2718
2555,157
2555,1121
2555,2540
2555,2676
2555,2693
2556,2581
2556,2616
2556,2662
2556,2706
2556,2712
2556,2740
2557,2605
2557,2622
2557,2644
2557,2667
2558,2522
2558,2524
2558,2628
2558,2634
2558,2695
2558,2722
2558,2733
2559,2158
2559,2565
2559,2572
2559,2617
2559,2620
2560,2146
2560,2163
2560,2526
2560,2640
2560,2690
2560,2764
2561,1807
2561,1816
2561,2530
2561,2631
2561,2662
2561,2744
2561,2772
2562,2689
2562,2698
2562,2721
2562,2737
2562,2747
2563,2546
2563,2551
2563,2569
2563,2681
2563,2721
2563,2742
2564,2578
2564,2583
2564,2595
2564,2612
2564,2637
2564,2720
2565,2134
2565,2158
2565,2559
2565,2586
2565,2611
2565,2617
2565,2763
2566,2529
2566,2596
2566,2641
2566,2664
2566,2762
2567,2536
2567,2537
2567,2615
2567,2626
2567,2651
2568,2546
2568,2588
2568,2593
2568,2618
2568,2688
2569,2563
2569,2681
2569,2685
2569,2721
2569,2728
2569,2747
2570,2172
2570,2583
2570,2612
2570,2690
2570,2770
2571,2535
2571,2539
2571,2618
2571,2663
2571,2682
2572,2559
2572,2584
2572,2599
2572,2617
2572,2620
2572,2656
2572,2694
2573,2574
2573,2589
2573,2707
2573,2752
2573,2759
2574,2573
2574,2639
2574,2707
2574,2713
2574,2728
2574,2739
2574,2743
2574,2752
2574,2754
2575,2584
2575,2598
2575,2606
2575,2616
2575,2653
2575,2673
2575,2674
2575,2694
2576,1802
2576,1813
2576,2636
2576,2643
2576,2716
2577,1825
2577,2142
2577,2624
2577,2692
2577,2732
2578,2564
2578,2583
2578,2592
2578,2650
2578,2720
2578,2741
2579,2538
2579,2604
2579,2635
2579,2674
2579,2677
2579,2744
2581,1800
2581,1814
2581,2556
2581,2701
2581,2706
2581,2709
2581,2712
2582,2595
2582,2601
2582,2633
2582,2637
2582,2661
2582,2715
2583,2564
2583,2570
2583,2578
2583,2612
2583,2741
2583,2770
2580,2609
2580,2610
2580,2649
2580,2664
2580,2756
2584,2572
2584,2575
2584,2598
2584,2606
2584,2653
2584,2656
2584,2694
2584,2738
2585,2603
2585,2660
2585,2680
2585,2761
2585,2775
2586,2527
2586,2544
2586,2554
2586,2565
2586,2611
2586,2617
2586,2763
2587,2545
2587,2645
2587,2646
2587,2660
2587,2670
2587,2683
2587,2761
2588,2546
2588,2551
2588,2568
2588,2593
2588,2703
2588,2730
2588,2736
2589,2523
2589,2573
2589,2686
2589,2752
2589,2759
2589,2769
2590,2654
2590,2655
2590,2657
2590,2714
2590,2739
2590,2753
2590,2754
2592,2578
2592,2628
2592,2630
2592,2647
2592,2650
2592,2696
2592,2741
2591,1813
2591,2636
2593,2539
2593,2568
2593,2588
2593,2618
2593,2632
2593,2703
2593,2734
2594,2535
2594,2668
2594,2682
2594,2687
2594,2719
2595,2136
2595,2564
2595,2582
2595,2612
2595,2637
2595,2661
2596,2529
2596,2532
2596,2549
2596,2566
2596,2610
2596,2664
2596,2665
2596,2760
2597,2648
2597,2653
2597,2689
2597,2698
2597,2729
2597,2738
2597,2742
2598,2544
2598,2575
2598,2584
2598,2616
2598,2673
2598,2694
2598,2740
2599,2533
2599,2572
2599,2620
2599,2656
2599,2659
2599,2765
2600,2529
2600,2541
2600,2622
2600,2758
2600,2762
2601,2553
2601,2582
2601,2633
2601,2715
2601,2746
2601,2771
2602,2522
2602,2628
2602,2666
2602,2668
2602,2696
2603,2528
2603,2585
2603,2660
2603,2684
2603,2753
2603,2775
2604,1807
2604,2523
2604,2579
2604,2677
2604,2744
2604,2772
2605,2541
2605,2557
2605,2622
2606,2538
2606,2575
2606,2584
2606,2653
2606,2673
2606,2674
2606,2729
2607,2537
2607,2651
2607,2654
2607,2655
2607,2671
2607,2678
2608,2635
2608,2677
2608,2686
2608,2713
2608,2737
2608,2752
2609,2534
2609,2580
2609,2649
2609,2717
2609,2756
2610,2549
2610,2580
2610,2596
2610,2615
2610,2649
2610,2664
2610,2768
2611,2527
2611,2554
2611,2565
2611,2586
2611,2627
2611,2718
2611,2763
2612,2136
2612,2172
2612,2174
2612,2564
2612,2570
2612,2583
2612,2595
2613,2623
2613,2722
2613,2733
2613,2751
2614,2542
2614,2675
2614,2691
2614,2757
2614,2758
2614,2760
2615,2536
2615,2549
2615,2567
2615,2610
2615,2626
2615,2768
2616,2556
2616,2575
2616,2598
2616,2631
2616,2662
2616,2673
2616,2740
2617,2544
2617,2559
2617,2565
2617,2572
2617,2586
2617,2694
2618,2539
2618,2568
2618,2571
2618,2593
2618,2663
2618,2688
2619,2199
2619,2638
2619,2692
2619,2700
2619,2718
2619,2732
2620,2158
2620,2162
2620,2559
2620,2572
2620,2599
2620,2765
2621,2642
2621,2644
2621,2667
2621,2702
2621,2708
2621,2750
2622,2541
2622,2557
2622,2600
2622,2605
2622,2667
2622,2691
2622,2758
2623,1121
2623,2613
2623,2676
2623,2704
2623,2722
2623,2751
2624,1814
2624,1825
2624,2577
2624,2692
2624,2701
2624,2732
2625,2533
2625,2648
2625,2656
2625,2659
2625,2730
2625,2738
2625,2745
2626,2537
2626,2549
2626,2567
2626,2615
2626,2748
2627,2152
2627,2194
2627,2611
2627,2669
2627,2718
2627,2763
2628,2522
2628,2558
2628,2592
2628,2602
2628,2650
2628,2696
2628,2733
2628,2755
2629,2545
2629,2552
2629,2652
2629,2735
2629,2766
2630,2539
2630,2592
2630,2647
2630,2668
2630,2682
2630,2696
2631,2530
2631,2561
2631,2616
2631,2662
2631,2673
2631,2674
2631,2744
2631,2772
2632,2593
2632,2647
2632,2703
2632,2705
2632,2734
2633,2582
2633,2601
2633,2637
2633,2711
2633,2771
2634,2522
2634,2524
2634,2558
2634,2666
2634,2675
2634,2749
2634,2757
2635,2538
2635,2579
2635,2608
2635,2677
2635,2689
2635,2737
2636,1813
2636,2576
2636,2591
2636,2643
2636,2710
2637,2564
2637,2582
2637,2595
2637,2633
2637,2650
2637,2711
2637,2720
2637,2755
2638,2554
2638,2619
2638,2692
2638,2718
2638,2732
2639,2574
2639,2713
2639,2728
2639,2747
2640,2526
2640,2560
2640,2690
2640,2703
2640,2705
2640,2770
2640,2773
2641,2550
2641,2566
2641,2664
2641,2679
2641,2756
2641,2762
2642,2524
2642,2621
2642,2697
2642,2702
2642,2723
2642,2724
2642,2750
2643,2543
2643,2576
2643,2636
2643,2707
2643,2710
2643,2716
2644,1124
2644,2557
2644,2621
2644,2667
2644,2702
2645,2545
2645,2587
2645,2735
2645,2761
2645,2774
2646,2545
2646,2587
2646,2658
2646,2670
2646,2699
2646,2726
2647,2539
2647,2592
2647,2630
2647,2632
2647,2705
2647,2734
2647,2741
2648,2551
2648,2597
2648,2625
2648,2698
2648,2730
2648,2738
2648,2742
2649,2528
2649,2534
2649,2580
2649,2609
2649,2610
2649,2670
2649,2768
2650,2578
2650,2592
2650,2628
2650,2637
2650,2720
2650,2755
2651,2531
2651,2536
2651,2537
2651,2567
2651,2607
2651,2654
2652,2545
2652,2629
2652,2658
2652,2766
2653,2575
2653,2584
2653,2597
2653,2606
2653,2656
2653,2729
2653,2738
2654,2531
2654,2590
2654,2607
2654,2651
2654,2655
2654,2714
2655,2590
2655,2607
2655,2654
2655,2678
2655,2685
2655,2728
2655,2739
2656,2572
2656,2584
2656,2599
2656,2625
2656,2653
2656,2659
2656,2694
2656,2738
2657,2590
2657,2680
2657,2753
2657,2754
2657,2775
2658,2545
2658,2646
2658,2652
2658,2699
2659,2533
2659,2599
2659,2625
2659,2656
2659,2738
2659,2745
2661,2136
2661,2141
2661,2582
2661,2595
2661,2715
2662,2530
2662,2556
2662,2561
2662,2616
2662,2631
2662,2673
2662,2706
2663,2535
2663,2548
2663,2571
2663,2618
2663,2688
2663,2727
2660,2528
2660,2585
2660,2587
2660,2603
2660,2683
2660,2761
2664,2566
2664,2580
2664,2596
2664,2610
2664,2641
2664,2756
2665,2532
2665,2547
2665,2596
2665,2687
2665,2760
2665,2767
2666,2522
2666,2542
2666,2602
2666,2634
2666,2668
2666,2675
2666,2719
2667,2557
2667,2621
2667,2622
2667,2644
2667,2691
2667,2708
2667,2725
2668,2594
2668,2602
2668,2630
2668,2666
2668,2682
2668,2696
2668,2719
2669,2133
2669,2152
2669,2627
2669,2700
2669,2718
2670,2528
2670,2534
2670,2587
2670,2646
2670,2649
2670,2683
2670,2726
2671,2537
2671,2548
2671,2607
2671,2678
2671,2727
2672,1802
2672,1807
2672,2716
2672,2759
2672,2769
2673,2575
2673,2598
2673,2606
2673,2616
2673,2631
2673,2662
2673,2674
2673,2744
2674,2538
2674,2575
2674,2579
2674,2606
2674,2631
2674,2673
2674,2744
2681,2546
2681,2563
2681,2569
2681,2678
2681,2685
2681,2727
2682,2535
2682,2539
2682,2571
2682,2594
2682,2630
2682,2668
2683,2528
2683,2587
2683,2660
2683,2670
2683,2761
2675,2542
2675,2614
2675,2634
2675,2666
2675,2719
2675,2757
2676,1121
2676,2555
2676,2623
2676,2693
2676,2751
2677,2523
2677,2538
2677,2579
2677,2604
2677,2608
2677,2635
2677,2686
2678,2607
2678,2655
2678,2671
2678,2681
2678,2685
2678,2727
2679,2541
2679,2550
2679,2641
2679,2762
2680,2585
2680,2657
2680,2753
2680,2761
2680,2775
2684,2528
2684,2531
2684,2536
2684,2603
2684,2753
2684,2775
2685,2569
2685,2655
2685,2681
2685,2678
2685,2728
2685,2739
2685,2747
2686,2523
2686,2589
2686,2608
2686,2677
2686,2713
2686,2752
2687,2535
2687,2547
2687,2594
2687,2665
2687,2719
2687,2767
2688,2546
2688,2568
2688,2618
2688,2663
2688,2727
2689,2538
2689,2562
2689,2597
2689,2635
2689,2698
2689,2729
2689,2737
2690,2163
2690,2172
2690,2560
2690,2570
2690,2640
2690,2770
2691,2614
2691,2622
2691,2667
2691,2725
2691,2757
2691,2758
2692,2554
2692,2577
2692,2619
2692,2624
2692,2638
2692,2701
2692,2709
2692,2732
2693,2540
2693,2553
2693,2555
2693,2676
2693,2715
2693,2746
2693,2751
2694,2544
2694,2572
2694,2575
2694,2584
2694,2598
2694,2617
2694,2656
2695,2524
2695,2558
2695,2722
2695,2724
2695,2731
2696,2592
2696,2602
2696,2628
2696,2630
2696,2668
2697,1118
2697,1122
2697,1155
2697,1170
2697,2642
2697,2702
2697,2723
2698,2562
2698,2597
2698,2648
2698,2689
2698,2721
2698,2729
2698,2742
2699,2525
2699,2646
2699,2658
2699,2726
2700,2133
2700,2199
2700,2619
2700,2669
2700,2718
2701,1814
2701,2581
2701,2624
2701,2692
2701,2709
2701,2712
2702,1122
2702,1124
2702,2621
2702,2642
2702,2644
2702,2697
2703,2588
2703,2593
2703,2632
2703,2640
2703,2705
2703,2736
2703,2773
2704,1121
2704,1128
2704,2623
2704,2722
2704,2731
2705,2632
2705,2640
2705,2647
2705,2703
2705,2741
2705,2770
2706,1800
2706,2530
2706,2556
2706,2581
2706,2662
2707,2543
2707,2573
2707,2574
2707,2643
2707,2716
2707,2743
2707,2759
2708,2524
2708,2621
2708,2667
2708,2725
2708,2749
2708,2750
2709,2527
2709,2554
2709,2581
2709,2692
2709,2701
2709,2712
2710,2543
2710,2636
2710,2643
2711,2633
2711,2637
2711,2755
2711,2771
2712,2527
2712,2554
2712,2556
2712,2581
2712,2701
2712,2709
2712,2740
2713,2574
2713,2608
2713,2639
2713,2686
2713,2737
2713,2747
2713,2752
2714,2531
2714,2590
2714,2654
2714,2753
2715,2141
2715,2177
2715,2540
2715,2582
2715,2601
2715,2661
2715,2693
2715,2746
2716,1802
2716,2576
2716,2643
2716,2672
2716,2707
2716,2759
2717,2525
2717,2534
2717,2550
2717,2609
2717,2726
2717,2756
2718,2554
2718,2611
2718,2619
2718,2627
2718,2638
2718,2669
2718,2700
2718,2763
2719,2542
2719,2547
2719,2594
2719,2666
2719,2668
2719,2675
2719,2687
2720,2564
2720,2578
2720,2637
2720,2650
2721,2562
2721,2563
2721,2569
2721,2698
2721,2742
2721,2747
2722,2558
2722,2613
2722,2623
2722,2695
2722,2704
2722,2731
2722,2733
2723,1155
2723,2642
2723,2697
2723,2724
2723,2731
2724,2524
2724,2642
2724,2695
2724,2723
2724,2731
2725,2667
2725,2691
2725,2708
2725,2749
2725,2757
2726,2525
2726,2534
2726,2646
2726,2670
2726,2699
2726,2717
2727,2546
2727,2548
2727,2663
2727,2671
2727,2681
2727,2678
2727,2688
2728,2569
2728,2574
2728,2639
2728,2655
2728,2685
2728,2739
2728,2747
2729,2538
2729,2597
2729,2606
2729,2653
2729,2689
2729,2698
2730,2551
2730,2588
2730,2625
2730,2648
2730,2736
2730,2745
2731,1128
2731,1155
2731,2695
2731,2704
2731,2722
2731,2723
2731,2724
2732,2142
2732,2199
2732,2577
2732,2619
2732,2624
2732,2638
2732,2692
2733,2558
2733,2613
2733,2628
2733,2722
2733,2751
2733,2755
2733,2771
2734,2539
2734,2593
2734,2632
2734,2647
2735,2545
2735,2629
2735,2645
2735,2774
2736,2588
2736,2703
2736,2730
2736,2745
2736,2773
2737,2562
2737,2608
2737,2635
2737,2689
2737,2713
2737,2747
2738,2584
2738,2597
2738,2625
2738,2648
2738,2653
2738,2656
2738,2659
2739,2574
2739,2590
2739,2655
2739,2685
2739,2728
2739,2754
2740,2527
2740,2544
2740,2556
2740,2598
2740,2616
2740,2712
2741,2578
2741,2583
2741,2592
2741,2647
2741,2705
2741,2770
2742,2551
2742,2563
2742,2597
2742,2648
2742,2698
2742,2721
2743,2543
2743,2574
2743,2707
2743,2754
2744,2561
2744,2579
2744,2604
2744,2631
2744,2673
2744,2674
2744,2772
2745,2526
2745,2533
2745,2625
2745,2659
2745,2730
2745,2736
2745,2773
2746,2553
2746,2601
2746,2693
2746,2715
2747,2562
2747,2569
2747,2639
2747,2685
2747,2713
2747,2721
2747,2728
2747,2737
2748,2532
2748,2537
2748,2548
2748,2549
2748,2626
2748,2767
2749,2524
2749,2634
2749,2708
2749,2725
2749,2757
2750,2524
2750,2621
2750,2642
2750,2708
2751,2553
2751,2613
2751,2623
2751,2676
2751,2693
2751,2733
2751,2771
2752,2573
2752,2574
2752,2589
2752,2608
2752,2686
2752,2713
2753,2531
2753,2590
2753,2603
2753,2657
2753,2680
2753,2684
2753,2714
2753,2775
2754,2574
2754,2590
2754,2657
2754,2739
2754,2743
2755,2628
2755,2637
2755,2650
2755,2711
2755,2733
2755,2771
2756,2550
2756,2580
2756,2609
2756,2641
2756,2664
2756,2717
2757,2614
2757,2634
2757,2675
2757,2691
2757,2725
2757,2749
2758,2529
2758,2600
2758,2614
2758,2622
2758,2691
2758,2760
2759,2573
2759,2589
2759,2672
2759,2707
2759,2716
2759,2769
2760,2529
2760,2542
2760,2547
2760,2596
2760,2614
2760,2665
2760,2758
2761,2585
2761,2587
2761,2645
2761,2660
2761,2683
2761,2680
2761,2774
2762,2529
2762,2541
2762,2566
2762,2600
2762,2641
2762,2679
2763,2134
2763,2194
2763,2565
2763,2586
2763,2611
2763,2627
2763,2718
2764,2146
2764,2200
2764,2526
2764,2533
2764,2560
2764,2765
2765,2162
2765,2200
2765,2526
2765,2533
2765,2599
2765,2620
2765,2764
2766,2552
2766,2629
2766,2652
2767,2532
2767,2535
2767,2548
2767,2665
2767,2687
2767,2748
2768,2528
2768,2536
2768,2610
2768,2615
2768,2649
2769,1807
2769,2523
2769,2589
2769,2672
2769,2759
2770,2570
2770,2583
2770,2640
2770,2690
2770,2705
2770,2741
2771,2553
2771,2601
2771,2633
2771,2711
2771,2733
2771,2751
2771,2755
2772,1807
2772,2561
2772,2604
2772,2631
2772,2744
2773,2526
2773,2533
2773,2640
2773,2703
2773,2736
2773,2745
2774,2645
2774,2735
2774,2761
2775,2585
2775,2603
2775,2657
2775,2680
2775,2684
2775,2753
2776,1756
2776,2784
2776,2786
2776,2789
2776,2791
2776,2796
2777,566
2777,586
2777,1751
2777,2778
2777,2781
2777,2798
2777,2804
2778,554
2778,571
2778,586
2778,2777
2778,2792
2778,2804
2779,2782
2779,2783
2779,2785
2779,2795
2779,2799
2779,2800
2780,286
2780,2782
2780,2797
2780,2799
2780,3136
2781,2777
2781,2790
2781,2793
2781,2798
2781,2804
2782,2779
2782,2780
2782,2797
2782,2799
2782,2800
2782,2801
2783,2779
2783,2785
2783,2794
2783,2795
2783,2796
2783,2803
2784,2776
2784,2786
2784,2788
2784,2791
2784,2794
2784,2803
2785,268
2785,284
2785,288
2785,2779
2785,2783
2785,2794
2785,2799
2785,2803
2786,1756
2786,2776
2786,2784
2786,2788
2786,2802
2787,1763
2787,2789
2787,2795
2787,2798
2787,2800
2788,99
2788,105
2788,2784
2788,2786
2788,2794
2788,2802
2789,1756
2789,1763
2789,2776
2789,2787
2789,2795
2789,2796
2790,2781
2790,2792
2790,2793
2790,2797
2790,2804
2791,2776
2791,2784
2791,2796
2791,2803
2792,554
2792,571
2792,2778
2792,2790
2792,2797
2792,2804
2792,3129
2792,3138
2793,2781
2793,2790
2793,2797
2793,2798
2793,2800
2793,2801
2794,97
2794,99
2794,106
2794,262
2794,284
2794,287
2794,288
2794,302
2794,1817
2794,2783
2794,2784
2794,2785
2794,2788
2794,2803
2795,2779
2795,2783
2795,2787
2795,2789
2795,2796
2795,2800
2796,2776
2796,2783
2796,2789
2796,2791
2796,2795
2796,2803
2797,2780
2797,2782
2797,2790
2797,2792
2797,2793
2797,2801
2797,3136
2797,3138
2798,1751
2798,1763
2798,2777
2798,2781
2798,2787
2798,2793
2798,2800
2798,2804
2799,268
2799,286
2799,297
2799,2779
2799,2780
2799,2782
2799,2785
2800,2779
2800,2782
2800,2787
2800,2793
2800,2795
2800,2798
2800,2801
2801,2782
2801,2793
2801,2797
2801,2800
2802,105
2802,1756
2802,2786
2802,2788
2803,2783
2803,2784
2803,2785
2803,2791
2803,2794
2803,2796
2804,2777
2804,2778
2804,2781
2804,2790
2804,2792
2804,2798
2805,1842
2805,1884
2805,2808
2805,2813
2805,2815
2805,2816
2805,2818
2806,1218
2806,1222
2806,1868
2806,1884
2806,2815
2806,2817
2806,2818
2807,1768
2807,2809
2807,2812
2807,2813
2807,2814
2807,2816
2808,1836
2808,1842
2808,2805
2808,2810
2808,2811
2808,2812
2808,2816
2809,1767
2809,1768
2809,2807
2809,2814
2810,2808
2810,2811
2810,2812
2810,2814
2811,1836
2811,2808
2811,2810
2812,2807
2812,2808
2812,2810
2812,2814
2812,2816
2813,1768
2813,2805
2813,2807
2813,2816
2813,2818
2814,2807
2814,2809
2814,2810
2814,2812
2815,1884
2815,2805
2815,2806
2815,2818
2816,2805
2816,2807
2816,2808
2816,2812
2816,2813
2817,1222
2817,1766
2817,1773
2817,2806
2817,2818
2818,1768
2818,1773
2818,2805
2818,2806
2818,2813
2818,2815
2818,2817
2819,1211
2819,1216
2819,2886
2819,2897
2819,2899
2819,2905
2819,2906
2820,2827
2820,2835
2820,2861
2820,2871
2820,2890
2820,2901
2820,2909
2820,2928
2820,2842
2822,2828
2822,2831
2822,2848
2822,2927
2822,2847
2822,3003
2822,3022
2823,2844
2823,2850
2823,2853
2823,2908
2823,2916
2823,2917
2824,2825
2824,2829
2824,2837
2824,2901
2824,2927
2824,2892
2825,2824
2825,2835
2825,2837
2825,2841
2825,2901
2825,2917
2826,319
2826,1208
2826,2856
2826,2821
2826,2858
2827,2820
2827,2828
2827,2879
2827,2901
2827,2927
2827,2928
2827,2937
2827,2945
2827,3026
2828,2822
2828,2827
2828,2879
2828,2927
2828,3003
2828,3028
2829,2824
2829,2831
2829,2837
2829,2862
2829,2913
2829,2925
2829,2927
2829,2892
2830,2867
2830,2920
2830,2933
2830,2941
2830,2950
2830,3018
2831,2822
2831,2829
2831,2848
2831,2925
2831,2927
2833,1954
2833,1981
2833,2853
2833,2872
2833,2891
2833,2898
2833,2908
2834,1090
2834,2852
2834,2929
2834,2941
2834,3017
2834,3020
2835,2820
2835,2825
2835,2850
2835,2861
2835,2901
2835,2917
2837,2824
2837,2825
2837,2829
2837,2841
2837,2873
2837,2913
2837,2892
2838,2855
2838,2875
2838,2885
2838,2883
2838,2884
2838,2935
2838,2936
2839,1974
2839,2860
2839,2870
2839,2911
2839,2920
2839,2950
2839,2866
2840,2844
2840,2877
2840,2882
2840,2902
2840,2918
2840,2939
2841,2825
2841,2837
2841,2873
2841,2891
2841,2898
2841,2917
2844,2823
2844,2840
2844,2853
2844,2869
2844,2877
2844,2916
2844,2918
2844,2846
2844,2880
2844,2912
2844,2924
2845,2859
2845,2864
2845,2889
2845,2943
2845,2992
2845,3009
2848,2822
2848,2831
2848,2867
2848,2900
2848,2925
2848,3022
2849,2859
2849,2893
2849,2909
2849,2922
2849,2935
2849,2936
2850,2823
2850,2835
2850,2861
2850,2869
2850,2916
2850,2917
2852,1090
2852,2834
2852,2929
2852,2949
2853,2823
2853,2833
2853,2844
2853,2872
2853,2908
2853,2918
2853,2940
2853,2912
2855,2838
2855,2885
2855,2883
2855,2886
2855,2899
2855,2923
2855,2946
2856,1201
2856,1208
2856,1209
2856,2826
2856,2889
2856,2919
2856,2821
2856,2857
2856,2858
2859,2845
2859,2849
2859,2889
2859,2919
2859,2922
2859,2936
2859,2943
2860,2839
2860,2862
2860,2900
2860,2911
2860,2920
2860,2925
2861,2820
2861,2835
2861,2850
2861,2869
2861,2890
2862,2829
2862,2860
2862,2878
2862,2911
2862,2913
2862,2925
2864,2845
2864,2932
2864,2943
2864,2948
2864,2992
2864,3004
2864,3006
2864,3009
2864,3023
2867,2830
2867,2848
2867,2900
2867,2920
2867,3018
2867,3022
2867,3035
2868,2882
2868,2885
2868,2897
2868,2899
2868,2951
2869,2844
2869,2850
2869,2861
2869,2875
2869,2877
2869,2890
2869,2916
2870,1891
2870,1893
2870,1974
2870,2472
2870,2839
2870,2933
2870,2944
2870,2950
2870,2866
2871,2820
2871,2893
2871,2909
2871,2910
2871,2928
2872,1954
2872,2833
2872,2853
2872,2934
2872,2940
2872,2854
2873,1905
2873,1927
2873,1961
2873,2837
2873,2841
2873,2898
2873,2913
2875,2838
2875,2869
2875,2877
2875,2884
2875,2890
2875,2902
2875,2935
2877,2840
2877,2844
2877,2869
2877,2875
2877,2902
2877,2916
2877,2924
2878,1967
2878,1973
2878,2862
2878,2911
2878,2913
2878,2896
2879,2827
2879,2828
2879,3026
2879,3028
2881,2882
2881,2934
2881,2939
2881,2863
2881,2903
2881,2938
2882,2840
2882,2868
2882,2881
2882,2885
2882,2902
2882,2939
2882,2951
2882,2903
2882,2947
2885,2838
2885,2855
2885,2868
2885,2882
2885,2884
2885,2899
2885,2902
2883,1201
2883,2838
2883,2855
2883,2936
2883,2946
2884,2838
2884,2875
2884,2885
2884,2902
2886,2819
2886,2855
2886,2899
2886,2906
2886,2923
2887,999
2887,1040
2887,2439
2887,2460
2887,2931
2887,2949
2889,1203
2889,1208
2889,1214
2889,2845
2889,2856
2889,2859
2889,2919
2889,3009
2890,2820
2890,2861
2890,2869
2890,2875
2890,2909
2890,2935
2891,2833
2891,2841
2891,2898
2891,2908
2891,2917
2893,2849
2893,2871
2893,2909
2893,2910
2893,2922
2897,2819
2897,2868
2897,2899
2897,2905
2897,2951
2898,1927
2898,1979
2898,1981
2898,2833
2898,2841
2898,2873
2898,2891
2899,2819
2899,2855
2899,2868
2899,2885
2899,2886
2899,2897
2899,2905
2899,2923
2900,2848
2900,2860
2900,2867
2900,2920
2900,2925
2900,2921
2901,2820
2901,2824
2901,2825
2901,2827
2901,2835
2901,2927
2902,2840
2902,2875
2902,2877
2902,2882
2902,2885
2902,2884
2905,2819
2905,2897
2905,2899
2905,2951
2905,2874
2905,2904
2905,2914
2905,2942
2906,1212
2906,1211
2906,2819
2906,2886
2906,2923
2906,2946
2908,2823
2908,2833
2908,2853
2908,2891
2908,2917
2909,2820
2909,2849
2909,2871
2909,2890
2909,2893
2909,2935
2910,2871
2910,2893
2910,2922
2910,2928
2910,2932
2910,2943
2911,1973
2911,1974
2911,2839
2911,2860
2911,2862
2911,2878
2913,1905
2913,1967
2913,2829
2913,2837
2913,2862
2913,2873
2913,2878
2913,2851
2916,2823
2916,2844
2916,2850
2916,2869
2916,2877
2917,2823
2917,2825
2917,2835
2917,2841
2917,2850
2917,2891
2917,2908
2918,2840
2918,2844
2918,2853
2918,2939
2918,2940
2918,2880
2918,2912
2919,1201
2919,2856
2919,2859
2919,2889
2919,2936
2919,2895
2919,2894
2920,2830
2920,2839
2920,2860
2920,2867
2920,2900
2920,2950
2920,2921
2922,2849
2922,2859
2922,2893
2922,2910
2922,2943
2923,2855
2923,2886
2923,2899
2923,2906
2923,2946
2925,2829
2925,2831
2925,2848
2925,2860
2925,2862
2925,2900
2925,2926
2925,2930
2927,2822
2927,2824
2927,2827
2927,2828
2927,2829
2927,2831
2927,2901
2927,2836
2927,2888
2928,2820
2928,2827
2928,2871
2928,2910
2928,2932
2928,2876
2928,3006
2928,3026
2929,2834
2929,2852
2929,2931
2929,2933
2929,2941
2929,2944
2929,2949
2931,2460
2931,2463
2931,2508
2931,2887
2931,2929
2931,2944
2931,2949
2932,2864
2932,2910
2932,2928
2932,2943
2932,3006
2933,2830
2933,2870
2933,2929
2933,2941
2933,2944
2933,2950
2934,1925
2934,1934
2934,1954
2934,2872
2934,2881
2934,2939
2934,2940
2934,2863
2934,2938
2935,2838
2935,2849
2935,2875
2935,2890
2935,2909
2935,2936
2935,2865
2936,1201
2936,2838
2936,2849
2936,2859
2936,2883
2936,2919
2936,2935
2936,2865
2939,2840
2939,2881
2939,2882
2939,2918
2939,2934
2939,2940
2939,2903
2940,2853
2940,2872
2940,2918
2940,2934
2940,2939
2941,2830
2941,2834
2941,2929
2941,2933
2941,3017
2941,3018
2943,2845
2943,2859
2943,2864
2943,2910
2943,2922
2943,2932
2944,2472
2944,2508
2944,2870
2944,2929
2944,2931
2944,2933
2944,2832
2946,1201
2946,1212
2946,2855
2946,2883
2946,2906
2946,2923
2949,1040
2949,1059
2949,1090
2949,2852
2949,2887
2949,2929
2949,2931
2949,2907
2950,2830
2950,2839
2950,2870
2950,2920
2950,2933
2951,2868
2951,2882
2951,2897
2951,2905
2951,2874
2951,2903
2951,2914
2951,2947
2821,319
2821,1209
2821,2826
2821,2856
2832,2508
2832,2944
2836,2927
2842,2820
2843,1903
2843,1915
2843,2904
2843,2915
2843,2938
2843,2942
2846,2844
2846,2912
2847,2822
2851,1905
2851,2913
2854,2872
2857,2856
2858,2826
2858,2856
2863,2881
2863,2934
2865,2935
2865,2936
2866,2839
2866,2870
2874,2905
2874,2951
2874,2903
2874,2904
2874,2914
2874,2915
2874,2942
2876,2928
2880,2844
2880,2918
2888,2927
2892,2824
2892,2829
2892,2837
2895,2919
2895,2894
2894,2919
2894,2895
2896,2878
2903,2881
2903,2882
2903,2939
2903,2951
2903,2874
2903,2915
2903,2938
2904,2905
2904,2843
2904,2874
2904,2915
2904,2942
2907,2949
2912,2844
2912,2853
2912,2918
2912,2846
2914,2905
2914,2951
2914,2874
2915,2843
2915,2874
2915,2903
2915,2904
2915,2938
2921,2900
2921,2920
2924,2844
2924,2877
2926,2925
2926,2930
2930,2925
2930,2926
2937,2827
2938,1903
2938,1925
2938,2881
2938,2934
2938,2843
2938,2903
2938,2915
2942,1915
2942,2905
2942,2843
2942,2874
2942,2904
2945,2827
2947,2882
2947,2951
2948,2864
2952,2962
2952,2964
2952,2973
2952,2989
2953,585
2953,2238
2953,2963
2953,2989
2954,2231
2954,2236
2954,2962
2954,2964
2954,2971
2954,2987
2954,2990
2955,2960
2955,2968
2955,2970
2955,2975
2955,2980
2955,2982
2956,2967
2956,2979
2957,2211
2957,2232
2957,2959
2957,2981
2958,2236
2958,2238
2958,2962
2958,2963
2958,2987
2958,2989
2959,2211
2959,2957
2959,2972
2959,2981
2959,2986
2960,2955
2960,2964
2960,2970
2960,2975
2961,2973
2961,2975
2961,2984
2962,2952
2962,2954
2962,2958
2962,2964
2962,2987
2962,2989
2963,2238
2963,2953
2963,2958
2963,2989
2964,2952
2964,2954
2964,2960
2964,2962
2964,2970
2964,2973
2964,2975
2964,2990
2965,2967
2965,2972
2965,2974
2965,2976
2965,2985
2966,2967
2966,2969
2966,2979
2966,2980
2966,2982
2967,2956
2967,2965
2967,2966
2967,2969
2967,2974
2967,2979
2968,2955
2968,2969
2968,2970
2968,2978
2968,2982
2968,2990
2969,2966
2969,2967
2969,2968
2969,2974
2969,2978
2969,2982
2970,2955
2970,2960
2970,2964
2970,2968
2970,2990
2971,2217
2971,2220
2971,2231
2971,2234
2971,2239
2971,2954
2971,2981
2971,2990
2972,2959
2972,2965
2972,2976
2972,2978
2972,2981
2972,2985
2972,2986
2972,2990
2973,2952
2973,2961
2973,2964
2973,2975
2973,2983
2973,2984
2973,2989
2974,2965
2974,2967
2974,2969
2974,2978
2974,2985
2975,2955
2975,2960
2975,2961
2975,2964
2975,2973
2975,2980
2975,2988
2976,2210
2976,2965
2976,2972
2976,2986
2977,559
2977,561
2977,2983
2977,2984
2978,2968
2978,2969
2978,2972
2978,2974
2978,2985
2978,2990
2979,2956
2979,2966
2979,2967
2979,2980
2979,2988
2980,2955
2980,2966
2980,2975
2980,2979
2980,2982
2980,2988
2981,2220
2981,2232
2981,2957
2981,2959
2981,2971
2981,2972
2981,2990
2982,2955
2982,2966
2982,2968
2982,2969
2982,2980
2983,555
2983,559
2983,578
2983,2973
2983,2977
2983,2984
2983,2989
2984,2961
2984,2973
2984,2977
2984,2983
2985,2965
2985,2972
2985,2974
2985,2978
2986,2210
2986,2211
2986,2959
2986,2972
2986,2976
2987,2236
2987,2954
2987,2958
2987,2962
2988,2975
2988,2979
2988,2980
2989,555
2989,579
2989,585
2989,2952
2989,2953
2989,2958
2989,2962
2989,2963
2989,2973
2989,2983
2990,2954
2990,2964
2990,2968
2990,2970
2990,2971
2990,2972
2990,2978
2990,2981
2991,3007
2991,3029
2991,3032
2991,3036
2991,3037
2991,3039
2992,1214
2992,2845
2992,2864
2992,3009
2992,3023
2993,3010
2993,3012
2993,3013
2993,3031
2993,3045
2994,2997
2994,2998
2994,3001
2994,3011
2994,3024
2994,3041
2995,2082
2995,2305
2995,3005
2995,3025
2996,2068
2996,2085
2996,3012
2996,3016
2996,3030
2996,3040
2997,2994
2997,2998
2997,3001
2997,3033
2997,3034
2997,3043
2998,2994
2998,2997
2998,3010
2998,3024
2998,3034
2999,3001
2999,3007
2999,3011
2999,3033
2999,3038
2999,3042
3000,3003
3000,3010
3000,3024
3000,3031
3000,3035
3001,2994
3001,2997
3001,2999
3001,3011
3001,3033
3002,1204
3002,3004
3002,3006
3002,3019
3002,3026
3002,3029
3002,3032
3002,3037
3003,2822
3003,2828
3003,3000
3003,3022
3003,3024
3003,3028
3003,3035
3003,3041
3004,1193
3004,2864
3004,3002
3004,3006
3004,3019
3004,3023
3005,2056
3005,2082
3005,2246
3005,2305
3005,2995
3006,2864
3006,2928
3006,2932
3006,3002
3006,3004
3006,3019
3006,3026
3007,2991
3007,2999
3007,3011
3007,3014
3007,3036
3007,3039
3007,3042
3008,2094
3008,3010
3008,3016
3008,3030
3008,3034
3008,3043
3008,3044
3009,1214
3009,2845
3009,2864
3009,2889
3009,2992
3010,2993
3010,2998
3010,3000
3010,3008
3010,3012
3010,3024
3010,3030
3010,3031
3010,3034
3011,2994
3011,2999
3011,3001
3011,3007
3011,3039
3011,3041
3012,2993
3012,2996
3012,3010
3012,3013
3012,3020
3012,3030
3012,3040
3013,2993
3013,3012
3013,3020
3013,3045
3017,2834
3017,2941
3017,3018
3017,3020
3017,3045
3014,3007
3014,3021
3014,3036
3014,3042
3015,2048
3015,2097
3015,2272
3015,2305
3015,3025
3015,3042
3016,2068
3016,2094
3016,2996
3016,3008
3016,3030
3018,2830
3018,2867
3018,2941
3018,3017
3018,3031
3018,3035
3018,3045
3019,1193
3019,1204
3019,3002
3019,3004
3019,3006
3020,1069
3020,1090
3020,2834
3020,3012
3020,3013
3020,3017
3020,3040
3020,3045
3021,2268
3021,2272
3021,3014
3021,3029
3021,3036
3021,3042
3022,2822
3022,2848
3022,2867
3022,3003
3022,3035
3023,1193
3023,1214
3023,2864
3023,2992
3023,3004
3024,2994
3024,2998
3024,3000
3024,3003
3024,3010
3024,3041
3025,2048
3025,2082
3025,2305
3025,2995
3025,3015
3026,2827
3026,2879
3026,2928
3026,3002
3026,3006
3026,3028
3026,3032
3027,2125
3027,3033
3027,3038
3027,3044
3028,2828
3028,2879
3028,3003
3028,3026
3028,3032
3028,3041
3029,1204
3029,2268
3029,2991
3029,3002
3029,3021
3029,3036
3029,3037
3030,2996
3030,3008
3030,3010
3030,3012
3030,3016
3031,2993
3031,3000
3031,3010
3031,3018
3031,3035
3031,3045
3032,2991
3032,3002
3032,3026
3032,3028
3032,3037
3032,3039
3032,3041
3033,2997
3033,2999
3033,3001
3033,3027
3033,3038
3033,3043
3033,3044
3034,2997
3034,2998
3034,3008
3034,3010
3034,3043
3035,2867
3035,3000
3035,3003
3035,3018
3035,3022
3035,3031
3036,2991
3036,3007
3036,3014
3036,3021
3036,3029
3037,2991
3037,3002
3037,3029
3037,3032
3038,2097
3038,2125
3038,2999
3038,3027
3038,3033
3038,3042
3039,2991
3039,3007
3039,3011
3039,3032
3039,3041
3040,1002
3040,1056
3040,1069
3040,2085
3040,2996
3040,3012
3040,3020
3041,2994
3041,3003
3041,3011
3041,3024
3041,3028
3041,3032
3041,3039
3042,2097
3042,2272
3042,2999
3042,3007
3042,3014
3042,3015
3042,3021
3042,3038
3043,2997
3043,3008
3043,3033
3043,3034
3043,3044
3044,2046
3044,2094
3044,2125
3044,3008
3044,3027
3044,3033
3044,3043
3045,2993
3045,3013
3045,3017
3045,3018
3045,3020
3045,3031
3046,3056
3046,3074
3046,3084
3046,3095
3046,3115
3046,3117
3047,1257
3047,1296
3047,1329
3047,1351
3047,3049
3047,3071
3047,3096
3047,3102
3048,3052
3048,3054
3048,3062
3048,3094
3048,3100
3048,3105
3048,3102
3048,3111
3049,1351
3049,3047
3049,3061
3049,3102
3049,3111
3050,3053
3050,3060
3050,3076
3050,3081
3050,3088
3050,3090
3050,3103
3051,1392
3051,1398
3051,3063
3051,3092
3051,3107
3052,1326
3052,1371
3052,3048
3052,3061
3052,3094
3052,3111
3053,3050
3053,3065
3053,3081
3053,3090
3053,3104
3053,3116
3054,3048
3054,3055
3054,3062
3054,3063
3054,3100
3054,3106
3055,3054
3055,3063
3055,3072
3055,3082
3055,3106
3055,3117
3056,3046
3056,3058
3056,3059
3056,3069
3056,3074
3056,3084
3056,3101
3057,791
3057,810
3057,3067
3057,3098
3057,3108
3058,3056
3058,3059
3058,3068
3058,3070
3058,3073
3058,3099
3058,3101
3059,3056
3059,3058
3059,3065
3059,3069
3059,3073
3059,3112
3059,3113
3060,1240
3060,1251
3060,1275
3060,1285
3060,3050
3060,3076
3060,3083
3060,3088
3061,1322
3061,1351
3061,1371
3061,1385
3061,3049
3061,3052
3061,3102
3061,3111
3062,3048
3062,3054
3062,3063
3062,3092
3062,3093
3062,3094
3062,3105
3063,3051
3063,3054
3063,3055
3063,3062
3063,3072
3063,3092
3063,3107
3064,1252
3064,1266
3064,3066
3064,3083
3065,3053
3065,3059
3065,3069
3065,3104
3065,3112
3065,3116
3066,1266
3066,3064
3066,3079
3066,3083
3066,3088
3066,3089
3066,3109
3067,637
3067,810
3067,819
3067,3057
3067,3070
3067,3078
3067,3098
3068,683
3068,695
3068,3058
3068,3070
3068,3078
3068,3099
3069,3056
3069,3059
3069,3065
3069,3084
3069,3115
3069,3116
3070,3058
3070,3067
3070,3068
3070,3078
3070,3098
3070,3101
3071,1257
3071,3047
3071,3096
3071,3109
3072,3055
3072,3063
3072,3074
3072,3077
3072,3087
3072,3107
3072,3117
3073,3058
3073,3059
3073,3099
3073,3110
3073,3113
3074,3046
3074,3056
3074,3072
3074,3087
3074,3101
3074,3108
3074,3117
3075,644
3075,657
3075,1233
3075,3097
3075,3110
3076,1240
3076,1281
3076,3050
3076,3060
3076,3081
3077,1341
3077,1398
3077,3072
3077,3087
3077,3107
3077,3108
3078,637
3078,683
3078,3067
3078,3068
3078,3070
3079,3066
3079,3080
3079,3082
3079,3085
3079,3088
3079,3089
3079,3103
3080,3079
3080,3082
3080,3089
3080,3096
3080,3106
3081,1281
3081,1283
3081,3050
3081,3053
3081,3076
3081,3104
3082,3055
3082,3079
3082,3080
3082,3095
3082,3103
3082,3106
3082,3114
3082,3117
3083,1252
3083,1285
3083,3060
3083,3064
3083,3066
3083,3088
3084,3046
3084,3056
3084,3069
3084,3115
3085,3079
3085,3088
3085,3103
3086,1291
3086,1300
3086,3091
3086,3097
3086,3112
3086,3113
3087,3072
3087,3074
3087,3077
3087,3108
3088,3050
3088,3060
3088,3066
3088,3079
3088,3083
3088,3085
3088,3103
3089,3066
3089,3079
3089,3080
3089,3096
3089,3109
3090,3050
3090,3053
3090,3103
3090,3114
3090,3116
3091,1291
3091,1294
3091,3086
3091,3104
3091,3112
3091,3113
3092,1338
3092,1392
3092,3051
3092,3062
3092,3063
3092,3093
3093,1332
3093,1338
3093,1395
3093,3062
3093,3092
3093,3105
3094,1326
3094,1395
3094,3048
3094,3052
3094,3062
3094,3105
3095,3046
3095,3082
3095,3103
3095,3114
3095,3115
3095,3117
3096,3047
3096,3071
3096,3080
3096,3089
3096,3100
3096,3102
3096,3106
3096,3109
3097,1233
3097,1300
3097,3075
3097,3086
3097,3110
3097,3113
3098,3057
3098,3067
3098,3070
3098,3101
3098,3108
3099,598
3099,695
3099,3058
3099,3068
3099,3073
3099,3110
3100,3048
3100,3054
3100,3096
3100,3102
3100,3106
3100,3111
3105,1395
3105,3048
3105,3062
3105,3093
3105,3094
3101,3056
3101,3058
3101,3070
3101,3074
3101,3098
3101,3108
3102,3047
3102,3048
3102,3049
3102,3061
3102,3096
3102,3100
3102,3111
3103,3050
3103,3079
3103,3082
3103,3085
3103,3088
3103,3090
3103,3095
3103,3114
3104,1283
3104,1294
3104,3053
3104,3065
3104,3081
3104,3091
3104,3112
3106,3054
3106,3055
3106,3080
3106,3082
3106,3096
3106,3100
3107,1398
3107,3051
3107,3063
3107,3072
3107,3077
3108,791
3108,1341
3108,3057
3108,3074
3108,3077
3108,3087
3108,3098
3108,3101
3109,1257
3109,1266
3109,3066
3109,3071
3109,3089
3109,3096
3110,598
3110,657
3110,3073
3110,3075
3110,3097
3110,3099
3110,3113
3111,3048
3111,3049
3111,3052
3111,3061
3111,3100
3111,3102
3112,3059
3112,3065
3112,3086
3112,3091
3112,3104
3112,3113
3113,3059
3113,3073
3113,3086
3113,3091
3113,3097
3113,3110
3113,3112
3114,3082
3114,3090
3114,3095
3114,3103
3114,3115
3114,3116
3115,3046
3115,3069
3115,3084
3115,3095
3115,3114
3115,3116
3116,3053
3116,3065
3116,3069
3116,3090
3116,3114
3116,3115
3117,3046
3117,3055
3117,3072
3117,3074
3117,3082
3117,3095
3118,274
3118,280
3118,3121
3118,3122
3118,3128
3118,3133
3119,1599
3119,1602
3119,3127
3119,3132
3119,3134
3119,3139
3120,1635
3120,3122
3120,3123
3120,3127
3120,3134
3120,3140
3121,274
3121,286
3121,299
3121,3118
3121,3122
3121,3124
3121,3130
3121,3136
3122,3118
3122,3120
3122,3121
3122,3127
3122,3130
3122,3131
3122,3133
3122,3140
3123,1603
3123,1635
3123,2369
3123,2400
3123,3120
3123,3140
3124,3121
3124,3126
3124,3130
3124,3132
3124,3135
3124,3136
3124,3137
3124,3139
3125,1657
3125,1732
3125,1736
3125,3128
3125,3131
3125,3133
3126,3124
3126,3132
3126,3139
3127,3119
3127,3120
3127,3122
3127,3130
3127,3134
3127,3139
3128,280
3128,307
3128,1657
3128,1706
3128,3118
3128,3125
3128,3133
3129,554
3129,560
3129,565
3129,2792
3129,3135
3129,3136
3129,3137
3129,3138
3130,3121
3130,3122
3130,3124
3130,3127
3130,3139
3131,1736
3131,2376
3131,2383
3131,3122
3131,3125
3131,3133
3131,3140
3132,1602
3132,1613
3132,1631
3132,3119
3132,3124
3132,3126
3132,3137
3132,3139
3133,3118
3133,3122
3133,3125
3133,3128
3133,3131
3134,1599
3134,1635
3134,3119
3134,3120
3134,3127
3135,3124
3135,3129
3135,3136
3135,3137
3136,286
3136,2780
3136,2797
3136,3121
3136,3124
3136,3129
3136,3135
3136,3138
3137,560
3137,572
3137,591
3137,1613
3137,3124
3137,3129
3137,3132
3137,3135
3138,2792
3138,2797
3138,3129
3138,3136
3139,3119
3139,3124
3139,3126
3139,3127
3139,3130
3139,3132
3140,2376
3140,2400
3140,2412
3140,3120
3140,3122
3140,3123
3140,3131
